time,metric,value,if_score
2026-04-30 02:10:00+00:00,M029,0.0,-0.0150167577204674
2026-04-30 02:10:00+00:00,M037,0.0,-0.0150167577204674
2026-04-30 02:10:00+00:00,M104,0.0,-0.0150167577204674
2026-04-30 02:10:00+00:00,M162,0.0,-0.0150167577204674
2026-04-30 02:10:00+00:00,M164,0.0,-0.0150167577204674
2026-04-30 02:10:00+00:00,M185,51.0,-0.0150167577204674
2026-04-30 02:10:00+00:00,M204,0.0,-0.0150167577204674
2026-04-30 02:10:00+00:00,M238,0.0,-0.0150167577204674
2026-04-30 02:10:00+00:00,M265,13.0,-0.0150167577204674
2026-04-30 02:10:00+00:00,M318,0.0,-0.0150167577204674
2026-04-30 02:10:00+00:00,M336,0.0,-0.0150167577204674
2026-04-30 02:10:00+00:00,M348,0.0,-0.0150167577204674
2026-04-30 02:10:00+00:00,M362,0.0,-0.0150167577204674
2026-04-30 02:10:00+00:00,M378,77.0,-0.0150167577204674
2026-04-30 02:10:00+00:00,M392,0.0,-0.0150167577204674
2026-04-30 02:10:00+00:00,M419,0.0,-0.0150167577204674
2026-04-30 02:10:00+00:00,M430,0.0,-0.0150167577204674
2026-04-30 02:10:00+00:00,M452,0.0,-0.0150167577204674
2026-04-30 02:10:00+00:00,M474,0.0,-0.0150167577204674
2026-04-30 02:10:00+00:00,M475,0.0,-0.0150167577204674
2026-04-30 02:10:00+00:00,M490,0.0,-0.0150167577204674
2026-04-30 02:10:00+00:00,M494,0.0,-0.0150167577204674
2026-04-30 02:10:00+00:00,M516,2.0,-0.0150167577204674
2026-04-30 02:10:00+00:00,M520,2689.0,-0.0150167577204674
2026-04-30 02:10:00+00:00,M529,1.0,-0.0150167577204674
2026-04-30 02:10:00+00:00,M609,8.0,-0.0150167577204674
2026-04-30 02:10:00+00:00,M610,0.0,-0.0150167577204674
2026-04-30 02:10:00+00:00,M618,0.0,-0.0150167577204674
2026-04-30 02:10:00+00:00,M658,75.0,-0.0150167577204674
2026-04-30 02:10:00+00:00,M688,0.0,-0.0150167577204674
2026-04-30 02:10:00+00:00,M696,1182.0,-0.0150167577204674
2026-04-30 02:10:00+00:00,M719,0.0,-0.0150167577204674
2026-04-30 02:10:00+00:00,M736,1.0,-0.0150167577204674
2026-04-30 02:10:00+00:00,M767,0.0,-0.0150167577204674
2026-04-30 02:10:00+00:00,M779,5.0,-0.0150167577204674
2026-04-30 02:10:00+00:00,M786,83.0,-0.0150167577204674
2026-04-30 02:10:00+00:00,M841,2.0,-0.0150167577204674
2026-04-30 02:10:00+00:00,M843,1.0,-0.0150167577204674
2026-04-30 02:10:00+00:00,M855,0.0,-0.0150167577204674
2026-04-30 02:10:00+00:00,M874,225.0,-0.0150167577204674
2026-04-30 02:10:00+00:00,M899,0.0,-0.0150167577204674
2026-04-30 02:10:00+00:00,M904,0.0,-0.0150167577204674
2026-04-30 02:10:00+00:00,M965,6.0,-0.0150167577204674
2026-04-30 02:10:00+00:00,M971,4183.0,-0.0150167577204674
2026-04-30 02:10:00+00:00,M972,0.0,-0.0150167577204674
2026-04-30 02:10:00+00:00,M991,0.0,-0.0150167577204674
2026-05-01 01:55:00+00:00,M029,0.0,-0.006182930802368758
2026-05-01 01:55:00+00:00,M037,0.0,-0.006182930802368758
2026-05-01 01:55:00+00:00,M104,2.0,-0.006182930802368758
2026-05-01 01:55:00+00:00,M162,0.0,-0.006182930802368758
2026-05-01 01:55:00+00:00,M164,0.0,-0.006182930802368758
2026-05-01 01:55:00+00:00,M185,55.0,-0.006182930802368758
2026-05-01 01:55:00+00:00,M204,0.0,-0.006182930802368758
2026-05-01 01:55:00+00:00,M238,0.0,-0.006182930802368758
2026-05-01 01:55:00+00:00,M265,12.0,-0.006182930802368758
2026-05-01 01:55:00+00:00,M318,0.0,-0.006182930802368758
2026-05-01 01:55:00+00:00,M336,0.0,-0.006182930802368758
2026-05-01 01:55:00+00:00,M348,0.0,-0.006182930802368758
2026-05-01 01:55:00+00:00,M362,0.0,-0.006182930802368758
2026-05-01 01:55:00+00:00,M378,62.0,-0.006182930802368758
2026-05-01 01:55:00+00:00,M392,0.0,-0.006182930802368758
2026-05-01 01:55:00+00:00,M419,0.0,-0.006182930802368758
2026-05-01 01:55:00+00:00,M430,0.0,-0.006182930802368758
2026-05-01 01:55:00+00:00,M452,0.0,-0.006182930802368758
2026-05-01 01:55:00+00:00,M474,0.0,-0.006182930802368758
2026-05-01 01:55:00+00:00,M475,0.0,-0.006182930802368758
2026-05-01 01:55:00+00:00,M490,0.0,-0.006182930802368758
2026-05-01 01:55:00+00:00,M494,0.0,-0.006182930802368758
2026-05-01 01:55:00+00:00,M516,4.0,-0.006182930802368758
2026-05-01 01:55:00+00:00,M520,2759.0,-0.006182930802368758
2026-05-01 01:55:00+00:00,M529,0.0,-0.006182930802368758
2026-05-01 01:55:00+00:00,M609,16.0,-0.006182930802368758
2026-05-01 01:55:00+00:00,M610,0.0,-0.006182930802368758
2026-05-01 01:55:00+00:00,M618,0.0,-0.006182930802368758
2026-05-01 01:55:00+00:00,M658,60.0,-0.006182930802368758
2026-05-01 01:55:00+00:00,M688,0.0,-0.006182930802368758
2026-05-01 01:55:00+00:00,M696,1145.0,-0.006182930802368758
2026-05-01 01:55:00+00:00,M719,0.0,-0.006182930802368758
2026-05-01 01:55:00+00:00,M736,2.0,-0.006182930802368758
2026-05-01 01:55:00+00:00,M767,0.0,-0.006182930802368758
2026-05-01 01:55:00+00:00,M779,5.0,-0.006182930802368758
2026-05-01 01:55:00+00:00,M786,72.0,-0.006182930802368758
2026-05-01 01:55:00+00:00,M841,5.0,-0.006182930802368758
2026-05-01 01:55:00+00:00,M843,0.0,-0.006182930802368758
2026-05-01 01:55:00+00:00,M855,0.0,-0.006182930802368758
2026-05-01 01:55:00+00:00,M874,253.0,-0.006182930802368758
2026-05-01 01:55:00+00:00,M899,0.0,-0.006182930802368758
2026-05-01 01:55:00+00:00,M904,0.0,-0.006182930802368758
2026-05-01 01:55:00+00:00,M965,8.0,-0.006182930802368758
2026-05-01 01:55:00+00:00,M971,4261.0,-0.006182930802368758
2026-05-01 01:55:00+00:00,M972,0.0,-0.006182930802368758
2026-05-01 01:55:00+00:00,M991,0.0,-0.006182930802368758
2026-05-01 02:00:00+00:00,M029,0.0,-0.07690131754074014
2026-05-01 02:00:00+00:00,M037,0.0,-0.07690131754074014
2026-05-01 02:00:00+00:00,M104,2.0,-0.07690131754074014
2026-05-01 02:00:00+00:00,M162,0.0,-0.07690131754074014
2026-05-01 02:00:00+00:00,M164,0.0,-0.07690131754074014
2026-05-01 02:00:00+00:00,M185,59.0,-0.07690131754074014
2026-05-01 02:00:00+00:00,M204,0.0,-0.07690131754074014
2026-05-01 02:00:00+00:00,M238,0.0,-0.07690131754074014
2026-05-01 02:00:00+00:00,M265,10.0,-0.07690131754074014
2026-05-01 02:00:00+00:00,M318,0.0,-0.07690131754074014
2026-05-01 02:00:00+00:00,M336,0.0,-0.07690131754074014
2026-05-01 02:00:00+00:00,M348,0.0,-0.07690131754074014
2026-05-01 02:00:00+00:00,M362,0.0,-0.07690131754074014
2026-05-01 02:00:00+00:00,M378,65.0,-0.07690131754074014
2026-05-01 02:00:00+00:00,M392,0.0,-0.07690131754074014
2026-05-01 02:00:00+00:00,M419,0.0,-0.07690131754074014
2026-05-01 02:00:00+00:00,M430,0.0,-0.07690131754074014
2026-05-01 02:00:00+00:00,M452,0.0,-0.07690131754074014
2026-05-01 02:00:00+00:00,M474,0.0,-0.07690131754074014
2026-05-01 02:00:00+00:00,M475,0.0,-0.07690131754074014
2026-05-01 02:00:00+00:00,M490,0.0,-0.07690131754074014
2026-05-01 02:00:00+00:00,M494,0.0,-0.07690131754074014
2026-05-01 02:00:00+00:00,M516,11.0,-0.07690131754074014
2026-05-01 02:00:00+00:00,M520,2706.0,-0.07690131754074014
2026-05-01 02:00:00+00:00,M529,1.0,-0.07690131754074014
2026-05-01 02:00:00+00:00,M609,9.0,-0.07690131754074014
2026-05-01 02:00:00+00:00,M610,0.0,-0.07690131754074014
2026-05-01 02:00:00+00:00,M618,0.0,-0.07690131754074014
2026-05-01 02:00:00+00:00,M658,63.0,-0.07690131754074014
2026-05-01 02:00:00+00:00,M688,0.0,-0.07690131754074014
2026-05-01 02:00:00+00:00,M696,1114.0,-0.07690131754074014
2026-05-01 02:00:00+00:00,M719,0.0,-0.07690131754074014
2026-05-01 02:00:00+00:00,M736,1.0,-0.07690131754074014
2026-05-01 02:00:00+00:00,M767,0.0,-0.07690131754074014
2026-05-01 02:00:00+00:00,M779,25.0,-0.07690131754074014
2026-05-01 02:00:00+00:00,M786,98.0,-0.07690131754074014
2026-05-01 02:00:00+00:00,M841,2.0,-0.07690131754074014
2026-05-01 02:00:00+00:00,M843,1.0,-0.07690131754074014
2026-05-01 02:00:00+00:00,M855,0.0,-0.07690131754074014
2026-05-01 02:00:00+00:00,M874,234.0,-0.07690131754074014
2026-05-01 02:00:00+00:00,M899,4.0,-0.07690131754074014
2026-05-01 02:00:00+00:00,M904,5.0,-0.07690131754074014
2026-05-01 02:00:00+00:00,M965,11.0,-0.07690131754074014
2026-05-01 02:00:00+00:00,M971,4162.0,-0.07690131754074014
2026-05-01 02:00:00+00:00,M972,0.0,-0.07690131754074014
2026-05-01 02:00:00+00:00,M991,0.0,-0.07690131754074014
2026-05-01 02:05:00+00:00,M029,0.0,-0.08851010600688614
2026-05-01 02:05:00+00:00,M037,0.0,-0.08851010600688614
2026-05-01 02:05:00+00:00,M104,4.0,-0.08851010600688614
2026-05-01 02:05:00+00:00,M162,0.0,-0.08851010600688614
2026-05-01 02:05:00+00:00,M164,0.0,-0.08851010600688614
2026-05-01 02:05:00+00:00,M185,46.0,-0.08851010600688614
2026-05-01 02:05:00+00:00,M204,0.0,-0.08851010600688614
2026-05-01 02:05:00+00:00,M238,0.0,-0.08851010600688614
2026-05-01 02:05:00+00:00,M265,11.0,-0.08851010600688614
2026-05-01 02:05:00+00:00,M318,0.0,-0.08851010600688614
2026-05-01 02:05:00+00:00,M336,0.0,-0.08851010600688614
2026-05-01 02:05:00+00:00,M348,0.0,-0.08851010600688614
2026-05-01 02:05:00+00:00,M362,0.0,-0.08851010600688614
2026-05-01 02:05:00+00:00,M378,68.0,-0.08851010600688614
2026-05-01 02:05:00+00:00,M392,0.0,-0.08851010600688614
2026-05-01 02:05:00+00:00,M419,0.0,-0.08851010600688614
2026-05-01 02:05:00+00:00,M430,0.0,-0.08851010600688614
2026-05-01 02:05:00+00:00,M452,0.0,-0.08851010600688614
2026-05-01 02:05:00+00:00,M474,0.0,-0.08851010600688614
2026-05-01 02:05:00+00:00,M475,0.0,-0.08851010600688614
2026-05-01 02:05:00+00:00,M490,1.0,-0.08851010600688614
2026-05-01 02:05:00+00:00,M494,0.0,-0.08851010600688614
2026-05-01 02:05:00+00:00,M516,9.0,-0.08851010600688614
2026-05-01 02:05:00+00:00,M520,2602.0,-0.08851010600688614
2026-05-01 02:05:00+00:00,M529,0.0,-0.08851010600688614
2026-05-01 02:05:00+00:00,M609,17.0,-0.08851010600688614
2026-05-01 02:05:00+00:00,M610,0.0,-0.08851010600688614
2026-05-01 02:05:00+00:00,M618,0.0,-0.08851010600688614
2026-05-01 02:05:00+00:00,M658,65.0,-0.08851010600688614
2026-05-01 02:05:00+00:00,M688,0.0,-0.08851010600688614
2026-05-01 02:05:00+00:00,M696,1141.0,-0.08851010600688614
2026-05-01 02:05:00+00:00,M719,0.0,-0.08851010600688614
2026-05-01 02:05:00+00:00,M736,0.0,-0.08851010600688614
2026-05-01 02:05:00+00:00,M767,0.0,-0.08851010600688614
2026-05-01 02:05:00+00:00,M779,24.0,-0.08851010600688614
2026-05-01 02:05:00+00:00,M786,96.0,-0.08851010600688614
2026-05-01 02:05:00+00:00,M841,4.0,-0.08851010600688614
2026-05-01 02:05:00+00:00,M843,0.0,-0.08851010600688614
2026-05-01 02:05:00+00:00,M855,0.0,-0.08851010600688614
2026-05-01 02:05:00+00:00,M874,291.0,-0.08851010600688614
2026-05-01 02:05:00+00:00,M899,2.0,-0.08851010600688614
2026-05-01 02:05:00+00:00,M904,3.0,-0.08851010600688614
2026-05-01 02:05:00+00:00,M965,9.0,-0.08851010600688614
2026-05-01 02:05:00+00:00,M971,4124.0,-0.08851010600688614
2026-05-01 02:05:00+00:00,M972,0.0,-0.08851010600688614
2026-05-01 02:05:00+00:00,M991,0.0,-0.08851010600688614
2026-05-01 02:10:00+00:00,M029,0.0,-0.004318743631509969
2026-05-01 02:10:00+00:00,M037,0.0,-0.004318743631509969
2026-05-01 02:10:00+00:00,M104,3.0,-0.004318743631509969
2026-05-01 02:10:00+00:00,M162,0.0,-0.004318743631509969
2026-05-01 02:10:00+00:00,M164,0.0,-0.004318743631509969
2026-05-01 02:10:00+00:00,M185,58.0,-0.004318743631509969
2026-05-01 02:10:00+00:00,M204,0.0,-0.004318743631509969
2026-05-01 02:10:00+00:00,M238,0.0,-0.004318743631509969
2026-05-01 02:10:00+00:00,M265,9.0,-0.004318743631509969
2026-05-01 02:10:00+00:00,M318,0.0,-0.004318743631509969
2026-05-01 02:10:00+00:00,M336,0.0,-0.004318743631509969
2026-05-01 02:10:00+00:00,M348,0.0,-0.004318743631509969
2026-05-01 02:10:00+00:00,M362,0.0,-0.004318743631509969
2026-05-01 02:10:00+00:00,M378,67.0,-0.004318743631509969
2026-05-01 02:10:00+00:00,M392,0.0,-0.004318743631509969
2026-05-01 02:10:00+00:00,M419,0.0,-0.004318743631509969
2026-05-01 02:10:00+00:00,M430,0.0,-0.004318743631509969
2026-05-01 02:10:00+00:00,M452,0.0,-0.004318743631509969
2026-05-01 02:10:00+00:00,M474,0.0,-0.004318743631509969
2026-05-01 02:10:00+00:00,M475,0.0,-0.004318743631509969
2026-05-01 02:10:00+00:00,M490,0.0,-0.004318743631509969
2026-05-01 02:10:00+00:00,M494,0.0,-0.004318743631509969
2026-05-01 02:10:00+00:00,M516,17.0,-0.004318743631509969
2026-05-01 02:10:00+00:00,M520,2732.0,-0.004318743631509969
2026-05-01 02:10:00+00:00,M529,2.0,-0.004318743631509969
2026-05-01 02:10:00+00:00,M609,8.0,-0.004318743631509969
2026-05-01 02:10:00+00:00,M610,0.0,-0.004318743631509969
2026-05-01 02:10:00+00:00,M618,0.0,-0.004318743631509969
2026-05-01 02:10:00+00:00,M658,66.0,-0.004318743631509969
2026-05-01 02:10:00+00:00,M688,0.0,-0.004318743631509969
2026-05-01 02:10:00+00:00,M696,1175.0,-0.004318743631509969
2026-05-01 02:10:00+00:00,M719,0.0,-0.004318743631509969
2026-05-01 02:10:00+00:00,M736,0.0,-0.004318743631509969
2026-05-01 02:10:00+00:00,M767,0.0,-0.004318743631509969
2026-05-01 02:10:00+00:00,M779,31.0,-0.004318743631509969
2026-05-01 02:10:00+00:00,M786,112.0,-0.004318743631509969
2026-05-01 02:10:00+00:00,M841,2.0,-0.004318743631509969
2026-05-01 02:10:00+00:00,M843,0.0,-0.004318743631509969
2026-05-01 02:10:00+00:00,M855,0.0,-0.004318743631509969
2026-05-01 02:10:00+00:00,M874,248.0,-0.004318743631509969
2026-05-01 02:10:00+00:00,M899,1.0,-0.004318743631509969
2026-05-01 02:10:00+00:00,M904,1.0,-0.004318743631509969
2026-05-01 02:10:00+00:00,M965,10.0,-0.004318743631509969
2026-05-01 02:10:00+00:00,M971,4248.0,-0.004318743631509969
2026-05-01 02:10:00+00:00,M972,0.0,-0.004318743631509969
2026-05-01 02:10:00+00:00,M991,0.0,-0.004318743631509969
2026-05-01 02:15:00+00:00,M029,0.0,-0.07608869218384395
2026-05-01 02:15:00+00:00,M037,0.0,-0.07608869218384395
2026-05-01 02:15:00+00:00,M104,6.0,-0.07608869218384395
2026-05-01 02:15:00+00:00,M162,0.0,-0.07608869218384395
2026-05-01 02:15:00+00:00,M164,0.0,-0.07608869218384395
2026-05-01 02:15:00+00:00,M185,56.0,-0.07608869218384395
2026-05-01 02:15:00+00:00,M204,0.0,-0.07608869218384395
2026-05-01 02:15:00+00:00,M238,0.0,-0.07608869218384395
2026-05-01 02:15:00+00:00,M265,10.0,-0.07608869218384395
2026-05-01 02:15:00+00:00,M318,0.0,-0.07608869218384395
2026-05-01 02:15:00+00:00,M336,0.0,-0.07608869218384395
2026-05-01 02:15:00+00:00,M348,0.0,-0.07608869218384395
2026-05-01 02:15:00+00:00,M362,0.0,-0.07608869218384395
2026-05-01 02:15:00+00:00,M378,64.0,-0.07608869218384395
2026-05-01 02:15:00+00:00,M392,0.0,-0.07608869218384395
2026-05-01 02:15:00+00:00,M419,0.0,-0.07608869218384395
2026-05-01 02:15:00+00:00,M430,0.0,-0.07608869218384395
2026-05-01 02:15:00+00:00,M452,0.0,-0.07608869218384395
2026-05-01 02:15:00+00:00,M474,0.0,-0.07608869218384395
2026-05-01 02:15:00+00:00,M475,0.0,-0.07608869218384395
2026-05-01 02:15:00+00:00,M490,0.0,-0.07608869218384395
2026-05-01 02:15:00+00:00,M494,0.0,-0.07608869218384395
2026-05-01 02:15:00+00:00,M516,18.0,-0.07608869218384395
2026-05-01 02:15:00+00:00,M520,2596.0,-0.07608869218384395
2026-05-01 02:15:00+00:00,M529,1.0,-0.07608869218384395
2026-05-01 02:15:00+00:00,M609,14.0,-0.07608869218384395
2026-05-01 02:15:00+00:00,M610,0.0,-0.07608869218384395
2026-05-01 02:15:00+00:00,M618,0.0,-0.07608869218384395
2026-05-01 02:15:00+00:00,M658,60.0,-0.07608869218384395
2026-05-01 02:15:00+00:00,M688,0.0,-0.07608869218384395
2026-05-01 02:15:00+00:00,M696,1168.0,-0.07608869218384395
2026-05-01 02:15:00+00:00,M719,0.0,-0.07608869218384395
2026-05-01 02:15:00+00:00,M736,0.0,-0.07608869218384395
2026-05-01 02:15:00+00:00,M767,0.0,-0.07608869218384395
2026-05-01 02:15:00+00:00,M779,20.0,-0.07608869218384395
2026-05-01 02:15:00+00:00,M786,95.0,-0.07608869218384395
2026-05-01 02:15:00+00:00,M841,2.0,-0.07608869218384395
2026-05-01 02:15:00+00:00,M843,1.0,-0.07608869218384395
2026-05-01 02:15:00+00:00,M855,0.0,-0.07608869218384395
2026-05-01 02:15:00+00:00,M874,243.0,-0.07608869218384395
2026-05-01 02:15:00+00:00,M899,1.0,-0.07608869218384395
2026-05-01 02:15:00+00:00,M904,0.0,-0.07608869218384395
2026-05-01 02:15:00+00:00,M965,21.0,-0.07608869218384395
2026-05-01 02:15:00+00:00,M971,4117.0,-0.07608869218384395
2026-05-01 02:15:00+00:00,M972,0.0,-0.07608869218384395
2026-05-01 02:15:00+00:00,M991,0.0,-0.07608869218384395
2026-05-01 02:20:00+00:00,M029,1.0,-0.06833293463062329
2026-05-01 02:20:00+00:00,M037,0.0,-0.06833293463062329
2026-05-01 02:20:00+00:00,M104,6.0,-0.06833293463062329
2026-05-01 02:20:00+00:00,M162,0.0,-0.06833293463062329
2026-05-01 02:20:00+00:00,M164,0.0,-0.06833293463062329
2026-05-01 02:20:00+00:00,M185,43.0,-0.06833293463062329
2026-05-01 02:20:00+00:00,M204,0.0,-0.06833293463062329
2026-05-01 02:20:00+00:00,M238,0.0,-0.06833293463062329
2026-05-01 02:20:00+00:00,M265,13.0,-0.06833293463062329
2026-05-01 02:20:00+00:00,M318,0.0,-0.06833293463062329
2026-05-01 02:20:00+00:00,M336,0.0,-0.06833293463062329
2026-05-01 02:20:00+00:00,M348,0.0,-0.06833293463062329
2026-05-01 02:20:00+00:00,M362,0.0,-0.06833293463062329
2026-05-01 02:20:00+00:00,M378,74.0,-0.06833293463062329
2026-05-01 02:20:00+00:00,M392,0.0,-0.06833293463062329
2026-05-01 02:20:00+00:00,M419,0.0,-0.06833293463062329
2026-05-01 02:20:00+00:00,M430,0.0,-0.06833293463062329
2026-05-01 02:20:00+00:00,M452,0.0,-0.06833293463062329
2026-05-01 02:20:00+00:00,M474,0.0,-0.06833293463062329
2026-05-01 02:20:00+00:00,M475,0.0,-0.06833293463062329
2026-05-01 02:20:00+00:00,M490,0.0,-0.06833293463062329
2026-05-01 02:20:00+00:00,M494,0.0,-0.06833293463062329
2026-05-01 02:20:00+00:00,M516,8.0,-0.06833293463062329
2026-05-01 02:20:00+00:00,M520,2714.0,-0.06833293463062329
2026-05-01 02:20:00+00:00,M529,1.0,-0.06833293463062329
2026-05-01 02:20:00+00:00,M609,5.0,-0.06833293463062329
2026-05-01 02:20:00+00:00,M610,0.0,-0.06833293463062329
2026-05-01 02:20:00+00:00,M618,0.0,-0.06833293463062329
2026-05-01 02:20:00+00:00,M658,74.0,-0.06833293463062329
2026-05-01 02:20:00+00:00,M688,0.0,-0.06833293463062329
2026-05-01 02:20:00+00:00,M696,1155.0,-0.06833293463062329
2026-05-01 02:20:00+00:00,M719,0.0,-0.06833293463062329
2026-05-01 02:20:00+00:00,M736,0.0,-0.06833293463062329
2026-05-01 02:20:00+00:00,M767,0.0,-0.06833293463062329
2026-05-01 02:20:00+00:00,M779,15.0,-0.06833293463062329
2026-05-01 02:20:00+00:00,M786,98.0,-0.06833293463062329
2026-05-01 02:20:00+00:00,M841,0.0,-0.06833293463062329
2026-05-01 02:20:00+00:00,M843,0.0,-0.06833293463062329
2026-05-01 02:20:00+00:00,M855,0.0,-0.06833293463062329
2026-05-01 02:20:00+00:00,M874,306.0,-0.06833293463062329
2026-05-01 02:20:00+00:00,M899,1.0,-0.06833293463062329
2026-05-01 02:20:00+00:00,M904,1.0,-0.06833293463062329
2026-05-01 02:20:00+00:00,M965,2.0,-0.06833293463062329
2026-05-01 02:20:00+00:00,M971,4244.0,-0.06833293463062329
2026-05-01 02:20:00+00:00,M972,0.0,-0.06833293463062329
2026-05-01 02:20:00+00:00,M991,0.0,-0.06833293463062329
2026-05-01 02:35:00+00:00,M029,0.0,-0.07503193171330369
2026-05-01 02:35:00+00:00,M037,0.0,-0.07503193171330369
2026-05-01 02:35:00+00:00,M104,4.0,-0.07503193171330369
2026-05-01 02:35:00+00:00,M162,0.0,-0.07503193171330369
2026-05-01 02:35:00+00:00,M164,0.0,-0.07503193171330369
2026-05-01 02:35:00+00:00,M185,51.0,-0.07503193171330369
2026-05-01 02:35:00+00:00,M204,0.0,-0.07503193171330369
2026-05-01 02:35:00+00:00,M238,0.0,-0.07503193171330369
2026-05-01 02:35:00+00:00,M265,3.0,-0.07503193171330369
2026-05-01 02:35:00+00:00,M318,0.0,-0.07503193171330369
2026-05-01 02:35:00+00:00,M336,0.0,-0.07503193171330369
2026-05-01 02:35:00+00:00,M348,0.0,-0.07503193171330369
2026-05-01 02:35:00+00:00,M362,0.0,-0.07503193171330369
2026-05-01 02:35:00+00:00,M378,70.0,-0.07503193171330369
2026-05-01 02:35:00+00:00,M392,0.0,-0.07503193171330369
2026-05-01 02:35:00+00:00,M419,0.0,-0.07503193171330369
2026-05-01 02:35:00+00:00,M430,0.0,-0.07503193171330369
2026-05-01 02:35:00+00:00,M452,0.0,-0.07503193171330369
2026-05-01 02:35:00+00:00,M474,0.0,-0.07503193171330369
2026-05-01 02:35:00+00:00,M475,0.0,-0.07503193171330369
2026-05-01 02:35:00+00:00,M490,1.0,-0.07503193171330369
2026-05-01 02:35:00+00:00,M494,0.0,-0.07503193171330369
2026-05-01 02:35:00+00:00,M516,10.0,-0.07503193171330369
2026-05-01 02:35:00+00:00,M520,2773.0,-0.07503193171330369
2026-05-01 02:35:00+00:00,M529,1.0,-0.07503193171330369
2026-05-01 02:35:00+00:00,M609,9.0,-0.07503193171330369
2026-05-01 02:35:00+00:00,M610,0.0,-0.07503193171330369
2026-05-01 02:35:00+00:00,M618,0.0,-0.07503193171330369
2026-05-01 02:35:00+00:00,M658,67.0,-0.07503193171330369
2026-05-01 02:35:00+00:00,M688,0.0,-0.07503193171330369
2026-05-01 02:35:00+00:00,M696,1136.0,-0.07503193171330369
2026-05-01 02:35:00+00:00,M719,0.0,-0.07503193171330369
2026-05-01 02:35:00+00:00,M736,0.0,-0.07503193171330369
2026-05-01 02:35:00+00:00,M767,0.0,-0.07503193171330369
2026-05-01 02:35:00+00:00,M779,10.0,-0.07503193171330369
2026-05-01 02:35:00+00:00,M786,87.0,-0.07503193171330369
2026-05-01 02:35:00+00:00,M841,5.0,-0.07503193171330369
2026-05-01 02:35:00+00:00,M843,0.0,-0.07503193171330369
2026-05-01 02:35:00+00:00,M855,0.0,-0.07503193171330369
2026-05-01 02:35:00+00:00,M874,309.0,-0.07503193171330369
2026-05-01 02:35:00+00:00,M899,5.0,-0.07503193171330369
2026-05-01 02:35:00+00:00,M904,0.0,-0.07503193171330369
2026-05-01 02:35:00+00:00,M965,9.0,-0.07503193171330369
2026-05-01 02:35:00+00:00,M971,4303.0,-0.07503193171330369
2026-05-01 02:35:00+00:00,M972,0.0,-0.07503193171330369
2026-05-01 02:35:00+00:00,M991,0.0,-0.07503193171330369
2026-05-01 02:40:00+00:00,M029,0.0,-0.051981653508780146
2026-05-01 02:40:00+00:00,M037,0.0,-0.051981653508780146
2026-05-01 02:40:00+00:00,M104,3.0,-0.051981653508780146
2026-05-01 02:40:00+00:00,M162,0.0,-0.051981653508780146
2026-05-01 02:40:00+00:00,M164,0.0,-0.051981653508780146
2026-05-01 02:40:00+00:00,M185,66.0,-0.051981653508780146
2026-05-01 02:40:00+00:00,M204,0.0,-0.051981653508780146
2026-05-01 02:40:00+00:00,M238,0.0,-0.051981653508780146
2026-05-01 02:40:00+00:00,M265,5.0,-0.051981653508780146
2026-05-01 02:40:00+00:00,M318,0.0,-0.051981653508780146
2026-05-01 02:40:00+00:00,M336,1.0,-0.051981653508780146
2026-05-01 02:40:00+00:00,M348,0.0,-0.051981653508780146
2026-05-01 02:40:00+00:00,M362,0.0,-0.051981653508780146
2026-05-01 02:40:00+00:00,M378,66.0,-0.051981653508780146
2026-05-01 02:40:00+00:00,M392,0.0,-0.051981653508780146
2026-05-01 02:40:00+00:00,M419,0.0,-0.051981653508780146
2026-05-01 02:40:00+00:00,M430,0.0,-0.051981653508780146
2026-05-01 02:40:00+00:00,M452,0.0,-0.051981653508780146
2026-05-01 02:40:00+00:00,M474,0.0,-0.051981653508780146
2026-05-01 02:40:00+00:00,M475,1.0,-0.051981653508780146
2026-05-01 02:40:00+00:00,M490,0.0,-0.051981653508780146
2026-05-01 02:40:00+00:00,M494,0.0,-0.051981653508780146
2026-05-01 02:40:00+00:00,M516,1.0,-0.051981653508780146
2026-05-01 02:40:00+00:00,M520,2646.0,-0.051981653508780146
2026-05-01 02:40:00+00:00,M529,1.0,-0.051981653508780146
2026-05-01 02:40:00+00:00,M609,17.0,-0.051981653508780146
2026-05-01 02:40:00+00:00,M610,0.0,-0.051981653508780146
2026-05-01 02:40:00+00:00,M618,0.0,-0.051981653508780146
2026-05-01 02:40:00+00:00,M658,65.0,-0.051981653508780146
2026-05-01 02:40:00+00:00,M688,0.0,-0.051981653508780146
2026-05-01 02:40:00+00:00,M696,1136.0,-0.051981653508780146
2026-05-01 02:40:00+00:00,M719,0.0,-0.051981653508780146
2026-05-01 02:40:00+00:00,M736,0.0,-0.051981653508780146
2026-05-01 02:40:00+00:00,M767,0.0,-0.051981653508780146
2026-05-01 02:40:00+00:00,M779,2.0,-0.051981653508780146
2026-05-01 02:40:00+00:00,M786,68.0,-0.051981653508780146
2026-05-01 02:40:00+00:00,M841,3.0,-0.051981653508780146
2026-05-01 02:40:00+00:00,M843,0.0,-0.051981653508780146
2026-05-01 02:40:00+00:00,M855,0.0,-0.051981653508780146
2026-05-01 02:40:00+00:00,M874,308.0,-0.051981653508780146
2026-05-01 02:40:00+00:00,M899,2.0,-0.051981653508780146
2026-05-01 02:40:00+00:00,M904,2.0,-0.051981653508780146
2026-05-01 02:40:00+00:00,M965,21.0,-0.051981653508780146
2026-05-01 02:40:00+00:00,M971,4212.0,-0.051981653508780146
2026-05-01 02:40:00+00:00,M972,0.0,-0.051981653508780146
2026-05-01 02:40:00+00:00,M991,0.0,-0.051981653508780146
2026-05-01 03:05:00+00:00,M029,1.0,-0.1350568707930352
2026-05-01 03:05:00+00:00,M037,0.0,-0.1350568707930352
2026-05-01 03:05:00+00:00,M104,3.0,-0.1350568707930352
2026-05-01 03:05:00+00:00,M162,0.0,-0.1350568707930352
2026-05-01 03:05:00+00:00,M164,0.0,-0.1350568707930352
2026-05-01 03:05:00+00:00,M185,51.0,-0.1350568707930352
2026-05-01 03:05:00+00:00,M204,0.0,-0.1350568707930352
2026-05-01 03:05:00+00:00,M238,0.0,-0.1350568707930352
2026-05-01 03:05:00+00:00,M265,9.0,-0.1350568707930352
2026-05-01 03:05:00+00:00,M318,0.0,-0.1350568707930352
2026-05-01 03:05:00+00:00,M336,0.0,-0.1350568707930352
2026-05-01 03:05:00+00:00,M348,0.0,-0.1350568707930352
2026-05-01 03:05:00+00:00,M362,0.0,-0.1350568707930352
2026-05-01 03:05:00+00:00,M378,68.0,-0.1350568707930352
2026-05-01 03:05:00+00:00,M392,0.0,-0.1350568707930352
2026-05-01 03:05:00+00:00,M419,0.0,-0.1350568707930352
2026-05-01 03:05:00+00:00,M430,0.0,-0.1350568707930352
2026-05-01 03:05:00+00:00,M452,0.0,-0.1350568707930352
2026-05-01 03:05:00+00:00,M474,0.0,-0.1350568707930352
2026-05-01 03:05:00+00:00,M475,1.0,-0.1350568707930352
2026-05-01 03:05:00+00:00,M490,1.0,-0.1350568707930352
2026-05-01 03:05:00+00:00,M494,0.0,-0.1350568707930352
2026-05-01 03:05:00+00:00,M516,2.0,-0.1350568707930352
2026-05-01 03:05:00+00:00,M520,2693.0,-0.1350568707930352
2026-05-01 03:05:00+00:00,M529,1.0,-0.1350568707930352
2026-05-01 03:05:00+00:00,M609,12.0,-0.1350568707930352
2026-05-01 03:05:00+00:00,M610,0.0,-0.1350568707930352
2026-05-01 03:05:00+00:00,M618,0.0,-0.1350568707930352
2026-05-01 03:05:00+00:00,M658,67.0,-0.1350568707930352
2026-05-01 03:05:00+00:00,M688,0.0,-0.1350568707930352
2026-05-01 03:05:00+00:00,M696,1169.0,-0.1350568707930352
2026-05-01 03:05:00+00:00,M719,0.0,-0.1350568707930352
2026-05-01 03:05:00+00:00,M736,1.0,-0.1350568707930352
2026-05-01 03:05:00+00:00,M767,0.0,-0.1350568707930352
2026-05-01 03:05:00+00:00,M779,5.0,-0.1350568707930352
2026-05-01 03:05:00+00:00,M786,76.0,-0.1350568707930352
2026-05-01 03:05:00+00:00,M841,5.0,-0.1350568707930352
2026-05-01 03:05:00+00:00,M843,1.0,-0.1350568707930352
2026-05-01 03:05:00+00:00,M855,0.0,-0.1350568707930352
2026-05-01 03:05:00+00:00,M874,314.0,-0.1350568707930352
2026-05-01 03:05:00+00:00,M899,0.0,-0.1350568707930352
2026-05-01 03:05:00+00:00,M904,2.0,-0.1350568707930352
2026-05-01 03:05:00+00:00,M965,15.0,-0.1350568707930352
2026-05-01 03:05:00+00:00,M971,4269.0,-0.1350568707930352
2026-05-01 03:05:00+00:00,M972,0.0,-0.1350568707930352
2026-05-01 03:05:00+00:00,M991,0.0,-0.1350568707930352
2026-05-01 03:15:00+00:00,M029,0.0,-0.05709085494229105
2026-05-01 03:15:00+00:00,M037,0.0,-0.05709085494229105
2026-05-01 03:15:00+00:00,M104,1.0,-0.05709085494229105
2026-05-01 03:15:00+00:00,M162,0.0,-0.05709085494229105
2026-05-01 03:15:00+00:00,M164,0.0,-0.05709085494229105
2026-05-01 03:15:00+00:00,M185,55.0,-0.05709085494229105
2026-05-01 03:15:00+00:00,M204,0.0,-0.05709085494229105
2026-05-01 03:15:00+00:00,M238,0.0,-0.05709085494229105
2026-05-01 03:15:00+00:00,M265,13.0,-0.05709085494229105
2026-05-01 03:15:00+00:00,M318,0.0,-0.05709085494229105
2026-05-01 03:15:00+00:00,M336,0.0,-0.05709085494229105
2026-05-01 03:15:00+00:00,M348,0.0,-0.05709085494229105
2026-05-01 03:15:00+00:00,M362,0.0,-0.05709085494229105
2026-05-01 03:15:00+00:00,M378,58.0,-0.05709085494229105
2026-05-01 03:15:00+00:00,M392,0.0,-0.05709085494229105
2026-05-01 03:15:00+00:00,M419,0.0,-0.05709085494229105
2026-05-01 03:15:00+00:00,M430,0.0,-0.05709085494229105
2026-05-01 03:15:00+00:00,M452,0.0,-0.05709085494229105
2026-05-01 03:15:00+00:00,M474,0.0,-0.05709085494229105
2026-05-01 03:15:00+00:00,M475,1.0,-0.05709085494229105
2026-05-01 03:15:00+00:00,M490,0.0,-0.05709085494229105
2026-05-01 03:15:00+00:00,M494,0.0,-0.05709085494229105
2026-05-01 03:15:00+00:00,M516,1.0,-0.05709085494229105
2026-05-01 03:15:00+00:00,M520,2611.0,-0.05709085494229105
2026-05-01 03:15:00+00:00,M529,2.0,-0.05709085494229105
2026-05-01 03:15:00+00:00,M609,17.0,-0.05709085494229105
2026-05-01 03:15:00+00:00,M610,0.0,-0.05709085494229105
2026-05-01 03:15:00+00:00,M618,0.0,-0.05709085494229105
2026-05-01 03:15:00+00:00,M658,57.0,-0.05709085494229105
2026-05-01 03:15:00+00:00,M688,0.0,-0.05709085494229105
2026-05-01 03:15:00+00:00,M696,1116.0,-0.05709085494229105
2026-05-01 03:15:00+00:00,M719,0.0,-0.05709085494229105
2026-05-01 03:15:00+00:00,M736,0.0,-0.05709085494229105
2026-05-01 03:15:00+00:00,M767,0.0,-0.05709085494229105
2026-05-01 03:15:00+00:00,M779,7.0,-0.05709085494229105
2026-05-01 03:15:00+00:00,M786,66.0,-0.05709085494229105
2026-05-01 03:15:00+00:00,M841,5.0,-0.05709085494229105
2026-05-01 03:15:00+00:00,M843,1.0,-0.05709085494229105
2026-05-01 03:15:00+00:00,M855,0.0,-0.05709085494229105
2026-05-01 03:15:00+00:00,M874,329.0,-0.05709085494229105
2026-05-01 03:15:00+00:00,M899,2.0,-0.05709085494229105
2026-05-01 03:15:00+00:00,M904,0.0,-0.05709085494229105
2026-05-01 03:15:00+00:00,M965,12.0,-0.05709085494229105
2026-05-01 03:15:00+00:00,M971,4167.0,-0.05709085494229105
2026-05-01 03:15:00+00:00,M972,0.0,-0.05709085494229105
2026-05-01 03:15:00+00:00,M991,0.0,-0.05709085494229105
2026-05-01 03:20:00+00:00,M029,0.0,-0.037782459259093404
2026-05-01 03:20:00+00:00,M037,0.0,-0.037782459259093404
2026-05-01 03:20:00+00:00,M104,2.0,-0.037782459259093404
2026-05-01 03:20:00+00:00,M162,0.0,-0.037782459259093404
2026-05-01 03:20:00+00:00,M164,1.0,-0.037782459259093404
2026-05-01 03:20:00+00:00,M185,64.0,-0.037782459259093404
2026-05-01 03:20:00+00:00,M204,0.0,-0.037782459259093404
2026-05-01 03:20:00+00:00,M238,0.0,-0.037782459259093404
2026-05-01 03:20:00+00:00,M265,11.0,-0.037782459259093404
2026-05-01 03:20:00+00:00,M318,0.0,-0.037782459259093404
2026-05-01 03:20:00+00:00,M336,0.0,-0.037782459259093404
2026-05-01 03:20:00+00:00,M348,0.0,-0.037782459259093404
2026-05-01 03:20:00+00:00,M362,0.0,-0.037782459259093404
2026-05-01 03:20:00+00:00,M378,59.0,-0.037782459259093404
2026-05-01 03:20:00+00:00,M392,0.0,-0.037782459259093404
2026-05-01 03:20:00+00:00,M419,0.0,-0.037782459259093404
2026-05-01 03:20:00+00:00,M430,0.0,-0.037782459259093404
2026-05-01 03:20:00+00:00,M452,0.0,-0.037782459259093404
2026-05-01 03:20:00+00:00,M474,0.0,-0.037782459259093404
2026-05-01 03:20:00+00:00,M475,0.0,-0.037782459259093404
2026-05-01 03:20:00+00:00,M490,0.0,-0.037782459259093404
2026-05-01 03:20:00+00:00,M494,0.0,-0.037782459259093404
2026-05-01 03:20:00+00:00,M516,2.0,-0.037782459259093404
2026-05-01 03:20:00+00:00,M520,2671.0,-0.037782459259093404
2026-05-01 03:20:00+00:00,M529,4.0,-0.037782459259093404
2026-05-01 03:20:00+00:00,M609,12.0,-0.037782459259093404
2026-05-01 03:20:00+00:00,M610,0.0,-0.037782459259093404
2026-05-01 03:20:00+00:00,M618,0.0,-0.037782459259093404
2026-05-01 03:20:00+00:00,M658,57.0,-0.037782459259093404
2026-05-01 03:20:00+00:00,M688,0.0,-0.037782459259093404
2026-05-01 03:20:00+00:00,M696,1130.0,-0.037782459259093404
2026-05-01 03:20:00+00:00,M719,0.0,-0.037782459259093404
2026-05-01 03:20:00+00:00,M736,1.0,-0.037782459259093404
2026-05-01 03:20:00+00:00,M767,0.0,-0.037782459259093404
2026-05-01 03:20:00+00:00,M779,10.0,-0.037782459259093404
2026-05-01 03:20:00+00:00,M786,69.0,-0.037782459259093404
2026-05-01 03:20:00+00:00,M841,5.0,-0.037782459259093404
2026-05-01 03:20:00+00:00,M843,0.0,-0.037782459259093404
2026-05-01 03:20:00+00:00,M855,0.0,-0.037782459259093404
2026-05-01 03:20:00+00:00,M874,274.0,-0.037782459259093404
2026-05-01 03:20:00+00:00,M899,4.0,-0.037782459259093404
2026-05-01 03:20:00+00:00,M904,2.0,-0.037782459259093404
2026-05-01 03:20:00+00:00,M965,19.0,-0.037782459259093404
2026-05-01 03:20:00+00:00,M971,4195.0,-0.037782459259093404
2026-05-01 03:20:00+00:00,M972,0.0,-0.037782459259093404
2026-05-01 03:20:00+00:00,M991,0.0,-0.037782459259093404
2026-05-01 03:25:00+00:00,M029,2.0,-0.10092546220952925
2026-05-01 03:25:00+00:00,M037,0.0,-0.10092546220952925
2026-05-01 03:25:00+00:00,M104,3.0,-0.10092546220952925
2026-05-01 03:25:00+00:00,M162,0.0,-0.10092546220952925
2026-05-01 03:25:00+00:00,M164,0.0,-0.10092546220952925
2026-05-01 03:25:00+00:00,M185,50.0,-0.10092546220952925
2026-05-01 03:25:00+00:00,M204,0.0,-0.10092546220952925
2026-05-01 03:25:00+00:00,M238,0.0,-0.10092546220952925
2026-05-01 03:25:00+00:00,M265,14.0,-0.10092546220952925
2026-05-01 03:25:00+00:00,M318,0.0,-0.10092546220952925
2026-05-01 03:25:00+00:00,M336,1.0,-0.10092546220952925
2026-05-01 03:25:00+00:00,M348,0.0,-0.10092546220952925
2026-05-01 03:25:00+00:00,M362,0.0,-0.10092546220952925
2026-05-01 03:25:00+00:00,M378,75.0,-0.10092546220952925
2026-05-01 03:25:00+00:00,M392,0.0,-0.10092546220952925
2026-05-01 03:25:00+00:00,M419,0.0,-0.10092546220952925
2026-05-01 03:25:00+00:00,M430,0.0,-0.10092546220952925
2026-05-01 03:25:00+00:00,M452,0.0,-0.10092546220952925
2026-05-01 03:25:00+00:00,M474,0.0,-0.10092546220952925
2026-05-01 03:25:00+00:00,M475,0.0,-0.10092546220952925
2026-05-01 03:25:00+00:00,M490,0.0,-0.10092546220952925
2026-05-01 03:25:00+00:00,M494,0.0,-0.10092546220952925
2026-05-01 03:25:00+00:00,M516,8.0,-0.10092546220952925
2026-05-01 03:25:00+00:00,M520,2767.0,-0.10092546220952925
2026-05-01 03:25:00+00:00,M529,2.0,-0.10092546220952925
2026-05-01 03:25:00+00:00,M609,11.0,-0.10092546220952925
2026-05-01 03:25:00+00:00,M610,0.0,-0.10092546220952925
2026-05-01 03:25:00+00:00,M618,0.0,-0.10092546220952925
2026-05-01 03:25:00+00:00,M658,70.0,-0.10092546220952925
2026-05-01 03:25:00+00:00,M688,0.0,-0.10092546220952925
2026-05-01 03:25:00+00:00,M696,1213.0,-0.10092546220952925
2026-05-01 03:25:00+00:00,M719,0.0,-0.10092546220952925
2026-05-01 03:25:00+00:00,M736,3.0,-0.10092546220952925
2026-05-01 03:25:00+00:00,M767,0.0,-0.10092546220952925
2026-05-01 03:25:00+00:00,M779,7.0,-0.10092546220952925
2026-05-01 03:25:00+00:00,M786,86.0,-0.10092546220952925
2026-05-01 03:25:00+00:00,M841,4.0,-0.10092546220952925
2026-05-01 03:25:00+00:00,M843,0.0,-0.10092546220952925
2026-05-01 03:25:00+00:00,M855,0.0,-0.10092546220952925
2026-05-01 03:25:00+00:00,M874,333.0,-0.10092546220952925
2026-05-01 03:25:00+00:00,M899,2.0,-0.10092546220952925
2026-05-01 03:25:00+00:00,M904,1.0,-0.10092546220952925
2026-05-01 03:25:00+00:00,M965,8.0,-0.10092546220952925
2026-05-01 03:25:00+00:00,M971,4406.0,-0.10092546220952925
2026-05-01 03:25:00+00:00,M972,0.0,-0.10092546220952925
2026-05-01 03:25:00+00:00,M991,0.0,-0.10092546220952925
2026-05-01 03:30:00+00:00,M029,0.0,-0.11514492857097258
2026-05-01 03:30:00+00:00,M037,0.0,-0.11514492857097258
2026-05-01 03:30:00+00:00,M104,1.0,-0.11514492857097258
2026-05-01 03:30:00+00:00,M162,0.0,-0.11514492857097258
2026-05-01 03:30:00+00:00,M164,0.0,-0.11514492857097258
2026-05-01 03:30:00+00:00,M185,71.0,-0.11514492857097258
2026-05-01 03:30:00+00:00,M204,0.0,-0.11514492857097258
2026-05-01 03:30:00+00:00,M238,0.0,-0.11514492857097258
2026-05-01 03:30:00+00:00,M265,10.0,-0.11514492857097258
2026-05-01 03:30:00+00:00,M318,0.0,-0.11514492857097258
2026-05-01 03:30:00+00:00,M336,0.0,-0.11514492857097258
2026-05-01 03:30:00+00:00,M348,0.0,-0.11514492857097258
2026-05-01 03:30:00+00:00,M362,0.0,-0.11514492857097258
2026-05-01 03:30:00+00:00,M378,74.0,-0.11514492857097258
2026-05-01 03:30:00+00:00,M392,0.0,-0.11514492857097258
2026-05-01 03:30:00+00:00,M419,0.0,-0.11514492857097258
2026-05-01 03:30:00+00:00,M430,0.0,-0.11514492857097258
2026-05-01 03:30:00+00:00,M452,0.0,-0.11514492857097258
2026-05-01 03:30:00+00:00,M474,0.0,-0.11514492857097258
2026-05-01 03:30:00+00:00,M475,1.0,-0.11514492857097258
2026-05-01 03:30:00+00:00,M490,2.0,-0.11514492857097258
2026-05-01 03:30:00+00:00,M494,0.0,-0.11514492857097258
2026-05-01 03:30:00+00:00,M516,2.0,-0.11514492857097258
2026-05-01 03:30:00+00:00,M520,2676.0,-0.11514492857097258
2026-05-01 03:30:00+00:00,M529,2.0,-0.11514492857097258
2026-05-01 03:30:00+00:00,M609,14.0,-0.11514492857097258
2026-05-01 03:30:00+00:00,M610,0.0,-0.11514492857097258
2026-05-01 03:30:00+00:00,M618,0.0,-0.11514492857097258
2026-05-01 03:30:00+00:00,M658,71.0,-0.11514492857097258
2026-05-01 03:30:00+00:00,M688,0.0,-0.11514492857097258
2026-05-01 03:30:00+00:00,M696,1167.0,-0.11514492857097258
2026-05-01 03:30:00+00:00,M719,0.0,-0.11514492857097258
2026-05-01 03:30:00+00:00,M736,3.0,-0.11514492857097258
2026-05-01 03:30:00+00:00,M767,0.0,-0.11514492857097258
2026-05-01 03:30:00+00:00,M779,14.0,-0.11514492857097258
2026-05-01 03:30:00+00:00,M786,87.0,-0.11514492857097258
2026-05-01 03:30:00+00:00,M841,1.0,-0.11514492857097258
2026-05-01 03:30:00+00:00,M843,0.0,-0.11514492857097258
2026-05-01 03:30:00+00:00,M855,0.0,-0.11514492857097258
2026-05-01 03:30:00+00:00,M874,312.0,-0.11514492857097258
2026-05-01 03:30:00+00:00,M899,3.0,-0.11514492857097258
2026-05-01 03:30:00+00:00,M904,0.0,-0.11514492857097258
2026-05-01 03:30:00+00:00,M965,11.0,-0.11514492857097258
2026-05-01 03:30:00+00:00,M971,4271.0,-0.11514492857097258
2026-05-01 03:30:00+00:00,M972,0.0,-0.11514492857097258
2026-05-01 03:30:00+00:00,M991,0.0,-0.11514492857097258
2026-05-01 03:35:00+00:00,M029,0.0,-0.02634864608748566
2026-05-01 03:35:00+00:00,M037,0.0,-0.02634864608748566
2026-05-01 03:35:00+00:00,M104,3.0,-0.02634864608748566
2026-05-01 03:35:00+00:00,M162,0.0,-0.02634864608748566
2026-05-01 03:35:00+00:00,M164,0.0,-0.02634864608748566
2026-05-01 03:35:00+00:00,M185,55.0,-0.02634864608748566
2026-05-01 03:35:00+00:00,M204,0.0,-0.02634864608748566
2026-05-01 03:35:00+00:00,M238,0.0,-0.02634864608748566
2026-05-01 03:35:00+00:00,M265,8.0,-0.02634864608748566
2026-05-01 03:35:00+00:00,M318,0.0,-0.02634864608748566
2026-05-01 03:35:00+00:00,M336,0.0,-0.02634864608748566
2026-05-01 03:35:00+00:00,M348,0.0,-0.02634864608748566
2026-05-01 03:35:00+00:00,M362,0.0,-0.02634864608748566
2026-05-01 03:35:00+00:00,M378,80.0,-0.02634864608748566
2026-05-01 03:35:00+00:00,M392,0.0,-0.02634864608748566
2026-05-01 03:35:00+00:00,M419,0.0,-0.02634864608748566
2026-05-01 03:35:00+00:00,M430,0.0,-0.02634864608748566
2026-05-01 03:35:00+00:00,M452,0.0,-0.02634864608748566
2026-05-01 03:35:00+00:00,M474,0.0,-0.02634864608748566
2026-05-01 03:35:00+00:00,M475,0.0,-0.02634864608748566
2026-05-01 03:35:00+00:00,M490,0.0,-0.02634864608748566
2026-05-01 03:35:00+00:00,M494,0.0,-0.02634864608748566
2026-05-01 03:35:00+00:00,M516,4.0,-0.02634864608748566
2026-05-01 03:35:00+00:00,M520,2749.0,-0.02634864608748566
2026-05-01 03:35:00+00:00,M529,0.0,-0.02634864608748566
2026-05-01 03:35:00+00:00,M609,12.0,-0.02634864608748566
2026-05-01 03:35:00+00:00,M610,0.0,-0.02634864608748566
2026-05-01 03:35:00+00:00,M618,0.0,-0.02634864608748566
2026-05-01 03:35:00+00:00,M658,78.0,-0.02634864608748566
2026-05-01 03:35:00+00:00,M688,0.0,-0.02634864608748566
2026-05-01 03:35:00+00:00,M696,1152.0,-0.02634864608748566
2026-05-01 03:35:00+00:00,M719,0.0,-0.02634864608748566
2026-05-01 03:35:00+00:00,M736,3.0,-0.02634864608748566
2026-05-01 03:35:00+00:00,M767,0.0,-0.02634864608748566
2026-05-01 03:35:00+00:00,M779,7.0,-0.02634864608748566
2026-05-01 03:35:00+00:00,M786,86.0,-0.02634864608748566
2026-05-01 03:35:00+00:00,M841,2.0,-0.02634864608748566
2026-05-01 03:35:00+00:00,M843,0.0,-0.02634864608748566
2026-05-01 03:35:00+00:00,M855,0.0,-0.02634864608748566
2026-05-01 03:35:00+00:00,M874,309.0,-0.02634864608748566
2026-05-01 03:35:00+00:00,M899,0.0,-0.02634864608748566
2026-05-01 03:35:00+00:00,M904,1.0,-0.02634864608748566
2026-05-01 03:35:00+00:00,M965,10.0,-0.02634864608748566
2026-05-01 03:35:00+00:00,M971,4308.0,-0.02634864608748566
2026-05-01 03:35:00+00:00,M972,0.0,-0.02634864608748566
2026-05-01 03:35:00+00:00,M991,0.0,-0.02634864608748566
2026-05-01 03:40:00+00:00,M029,0.0,-0.03001699590477802
2026-05-01 03:40:00+00:00,M037,0.0,-0.03001699590477802
2026-05-01 03:40:00+00:00,M104,3.0,-0.03001699590477802
2026-05-01 03:40:00+00:00,M162,0.0,-0.03001699590477802
2026-05-01 03:40:00+00:00,M164,0.0,-0.03001699590477802
2026-05-01 03:40:00+00:00,M185,49.0,-0.03001699590477802
2026-05-01 03:40:00+00:00,M204,0.0,-0.03001699590477802
2026-05-01 03:40:00+00:00,M238,0.0,-0.03001699590477802
2026-05-01 03:40:00+00:00,M265,10.0,-0.03001699590477802
2026-05-01 03:40:00+00:00,M318,0.0,-0.03001699590477802
2026-05-01 03:40:00+00:00,M336,0.0,-0.03001699590477802
2026-05-01 03:40:00+00:00,M348,0.0,-0.03001699590477802
2026-05-01 03:40:00+00:00,M362,0.0,-0.03001699590477802
2026-05-01 03:40:00+00:00,M378,66.0,-0.03001699590477802
2026-05-01 03:40:00+00:00,M392,0.0,-0.03001699590477802
2026-05-01 03:40:00+00:00,M419,0.0,-0.03001699590477802
2026-05-01 03:40:00+00:00,M430,0.0,-0.03001699590477802
2026-05-01 03:40:00+00:00,M452,0.0,-0.03001699590477802
2026-05-01 03:40:00+00:00,M474,0.0,-0.03001699590477802
2026-05-01 03:40:00+00:00,M475,0.0,-0.03001699590477802
2026-05-01 03:40:00+00:00,M490,0.0,-0.03001699590477802
2026-05-01 03:40:00+00:00,M494,0.0,-0.03001699590477802
2026-05-01 03:40:00+00:00,M516,8.0,-0.03001699590477802
2026-05-01 03:40:00+00:00,M520,2656.0,-0.03001699590477802
2026-05-01 03:40:00+00:00,M529,1.0,-0.03001699590477802
2026-05-01 03:40:00+00:00,M609,10.0,-0.03001699590477802
2026-05-01 03:40:00+00:00,M610,0.0,-0.03001699590477802
2026-05-01 03:40:00+00:00,M618,0.0,-0.03001699590477802
2026-05-01 03:40:00+00:00,M658,65.0,-0.03001699590477802
2026-05-01 03:40:00+00:00,M688,0.0,-0.03001699590477802
2026-05-01 03:40:00+00:00,M696,1114.0,-0.03001699590477802
2026-05-01 03:40:00+00:00,M719,0.0,-0.03001699590477802
2026-05-01 03:40:00+00:00,M736,3.0,-0.03001699590477802
2026-05-01 03:40:00+00:00,M767,0.0,-0.03001699590477802
2026-05-01 03:40:00+00:00,M779,10.0,-0.03001699590477802
2026-05-01 03:40:00+00:00,M786,81.0,-0.03001699590477802
2026-05-01 03:40:00+00:00,M841,2.0,-0.03001699590477802
2026-05-01 03:40:00+00:00,M843,0.0,-0.03001699590477802
2026-05-01 03:40:00+00:00,M855,0.0,-0.03001699590477802
2026-05-01 03:40:00+00:00,M874,314.0,-0.03001699590477802
2026-05-01 03:40:00+00:00,M899,4.0,-0.03001699590477802
2026-05-01 03:40:00+00:00,M904,1.0,-0.03001699590477802
2026-05-01 03:40:00+00:00,M965,11.0,-0.03001699590477802
2026-05-01 03:40:00+00:00,M971,4175.0,-0.03001699590477802
2026-05-01 03:40:00+00:00,M972,0.0,-0.03001699590477802
2026-05-01 03:40:00+00:00,M991,0.0,-0.03001699590477802
2026-05-01 03:45:00+00:00,M029,0.0,-0.07240876017768305
2026-05-01 03:45:00+00:00,M037,0.0,-0.07240876017768305
2026-05-01 03:45:00+00:00,M104,0.0,-0.07240876017768305
2026-05-01 03:45:00+00:00,M162,0.0,-0.07240876017768305
2026-05-01 03:45:00+00:00,M164,0.0,-0.07240876017768305
2026-05-01 03:45:00+00:00,M185,53.0,-0.07240876017768305
2026-05-01 03:45:00+00:00,M204,0.0,-0.07240876017768305
2026-05-01 03:45:00+00:00,M238,0.0,-0.07240876017768305
2026-05-01 03:45:00+00:00,M265,6.0,-0.07240876017768305
2026-05-01 03:45:00+00:00,M318,0.0,-0.07240876017768305
2026-05-01 03:45:00+00:00,M336,1.0,-0.07240876017768305
2026-05-01 03:45:00+00:00,M348,0.0,-0.07240876017768305
2026-05-01 03:45:00+00:00,M362,0.0,-0.07240876017768305
2026-05-01 03:45:00+00:00,M378,70.0,-0.07240876017768305
2026-05-01 03:45:00+00:00,M392,0.0,-0.07240876017768305
2026-05-01 03:45:00+00:00,M419,0.0,-0.07240876017768305
2026-05-01 03:45:00+00:00,M430,0.0,-0.07240876017768305
2026-05-01 03:45:00+00:00,M452,0.0,-0.07240876017768305
2026-05-01 03:45:00+00:00,M474,0.0,-0.07240876017768305
2026-05-01 03:45:00+00:00,M475,0.0,-0.07240876017768305
2026-05-01 03:45:00+00:00,M490,0.0,-0.07240876017768305
2026-05-01 03:45:00+00:00,M494,0.0,-0.07240876017768305
2026-05-01 03:45:00+00:00,M516,5.0,-0.07240876017768305
2026-05-01 03:45:00+00:00,M520,2676.0,-0.07240876017768305
2026-05-01 03:45:00+00:00,M529,3.0,-0.07240876017768305
2026-05-01 03:45:00+00:00,M609,21.0,-0.07240876017768305
2026-05-01 03:45:00+00:00,M610,0.0,-0.07240876017768305
2026-05-01 03:45:00+00:00,M618,0.0,-0.07240876017768305
2026-05-01 03:45:00+00:00,M658,67.0,-0.07240876017768305
2026-05-01 03:45:00+00:00,M688,0.0,-0.07240876017768305
2026-05-01 03:45:00+00:00,M696,1166.0,-0.07240876017768305
2026-05-01 03:45:00+00:00,M719,0.0,-0.07240876017768305
2026-05-01 03:45:00+00:00,M736,1.0,-0.07240876017768305
2026-05-01 03:45:00+00:00,M767,0.0,-0.07240876017768305
2026-05-01 03:45:00+00:00,M779,11.0,-0.07240876017768305
2026-05-01 03:45:00+00:00,M786,78.0,-0.07240876017768305
2026-05-01 03:45:00+00:00,M841,8.0,-0.07240876017768305
2026-05-01 03:45:00+00:00,M843,0.0,-0.07240876017768305
2026-05-01 03:45:00+00:00,M855,0.0,-0.07240876017768305
2026-05-01 03:45:00+00:00,M874,265.0,-0.07240876017768305
2026-05-01 03:45:00+00:00,M899,6.0,-0.07240876017768305
2026-05-01 03:45:00+00:00,M904,1.0,-0.07240876017768305
2026-05-01 03:45:00+00:00,M965,19.0,-0.07240876017768305
2026-05-01 03:45:00+00:00,M971,4226.0,-0.07240876017768305
2026-05-01 03:45:00+00:00,M972,0.0,-0.07240876017768305
2026-05-01 03:45:00+00:00,M991,0.0,-0.07240876017768305
2026-05-01 03:50:00+00:00,M029,0.0,-0.07346869469244466
2026-05-01 03:50:00+00:00,M037,0.0,-0.07346869469244466
2026-05-01 03:50:00+00:00,M104,2.0,-0.07346869469244466
2026-05-01 03:50:00+00:00,M162,0.0,-0.07346869469244466
2026-05-01 03:50:00+00:00,M164,0.0,-0.07346869469244466
2026-05-01 03:50:00+00:00,M185,66.0,-0.07346869469244466
2026-05-01 03:50:00+00:00,M204,0.0,-0.07346869469244466
2026-05-01 03:50:00+00:00,M238,0.0,-0.07346869469244466
2026-05-01 03:50:00+00:00,M265,6.0,-0.07346869469244466
2026-05-01 03:50:00+00:00,M318,0.0,-0.07346869469244466
2026-05-01 03:50:00+00:00,M336,0.0,-0.07346869469244466
2026-05-01 03:50:00+00:00,M348,0.0,-0.07346869469244466
2026-05-01 03:50:00+00:00,M362,0.0,-0.07346869469244466
2026-05-01 03:50:00+00:00,M378,79.0,-0.07346869469244466
2026-05-01 03:50:00+00:00,M392,0.0,-0.07346869469244466
2026-05-01 03:50:00+00:00,M419,0.0,-0.07346869469244466
2026-05-01 03:50:00+00:00,M430,0.0,-0.07346869469244466
2026-05-01 03:50:00+00:00,M452,0.0,-0.07346869469244466
2026-05-01 03:50:00+00:00,M474,0.0,-0.07346869469244466
2026-05-01 03:50:00+00:00,M475,0.0,-0.07346869469244466
2026-05-01 03:50:00+00:00,M490,0.0,-0.07346869469244466
2026-05-01 03:50:00+00:00,M494,0.0,-0.07346869469244466
2026-05-01 03:50:00+00:00,M516,4.0,-0.07346869469244466
2026-05-01 03:50:00+00:00,M520,2701.0,-0.07346869469244466
2026-05-01 03:50:00+00:00,M529,2.0,-0.07346869469244466
2026-05-01 03:50:00+00:00,M609,17.0,-0.07346869469244466
2026-05-01 03:50:00+00:00,M610,0.0,-0.07346869469244466
2026-05-01 03:50:00+00:00,M618,0.0,-0.07346869469244466
2026-05-01 03:50:00+00:00,M658,78.0,-0.07346869469244466
2026-05-01 03:50:00+00:00,M688,0.0,-0.07346869469244466
2026-05-01 03:50:00+00:00,M696,1184.0,-0.07346869469244466
2026-05-01 03:50:00+00:00,M719,0.0,-0.07346869469244466
2026-05-01 03:50:00+00:00,M736,4.0,-0.07346869469244466
2026-05-01 03:50:00+00:00,M767,0.0,-0.07346869469244466
2026-05-01 03:50:00+00:00,M779,4.0,-0.07346869469244466
2026-05-01 03:50:00+00:00,M786,84.0,-0.07346869469244466
2026-05-01 03:50:00+00:00,M841,4.0,-0.07346869469244466
2026-05-01 03:50:00+00:00,M843,0.0,-0.07346869469244466
2026-05-01 03:50:00+00:00,M855,0.0,-0.07346869469244466
2026-05-01 03:50:00+00:00,M874,304.0,-0.07346869469244466
2026-05-01 03:50:00+00:00,M899,1.0,-0.07346869469244466
2026-05-01 03:50:00+00:00,M904,0.0,-0.07346869469244466
2026-05-01 03:50:00+00:00,M965,5.0,-0.07346869469244466
2026-05-01 03:50:00+00:00,M971,4298.0,-0.07346869469244466
2026-05-01 03:50:00+00:00,M972,0.0,-0.07346869469244466
2026-05-01 03:50:00+00:00,M991,0.0,-0.07346869469244466
2026-05-01 04:10:00+00:00,M029,0.0,-0.11072518761327543
2026-05-01 04:10:00+00:00,M037,0.0,-0.11072518761327543
2026-05-01 04:10:00+00:00,M104,2.0,-0.11072518761327543
2026-05-01 04:10:00+00:00,M162,0.0,-0.11072518761327543
2026-05-01 04:10:00+00:00,M164,0.0,-0.11072518761327543
2026-05-01 04:10:00+00:00,M185,69.0,-0.11072518761327543
2026-05-01 04:10:00+00:00,M204,0.0,-0.11072518761327543
2026-05-01 04:10:00+00:00,M238,0.0,-0.11072518761327543
2026-05-01 04:10:00+00:00,M265,4.0,-0.11072518761327543
2026-05-01 04:10:00+00:00,M318,0.0,-0.11072518761327543
2026-05-01 04:10:00+00:00,M336,0.0,-0.11072518761327543
2026-05-01 04:10:00+00:00,M348,0.0,-0.11072518761327543
2026-05-01 04:10:00+00:00,M362,0.0,-0.11072518761327543
2026-05-01 04:10:00+00:00,M378,81.0,-0.11072518761327543
2026-05-01 04:10:00+00:00,M392,0.0,-0.11072518761327543
2026-05-01 04:10:00+00:00,M419,0.0,-0.11072518761327543
2026-05-01 04:10:00+00:00,M430,0.0,-0.11072518761327543
2026-05-01 04:10:00+00:00,M452,0.0,-0.11072518761327543
2026-05-01 04:10:00+00:00,M474,0.0,-0.11072518761327543
2026-05-01 04:10:00+00:00,M475,2.0,-0.11072518761327543
2026-05-01 04:10:00+00:00,M490,0.0,-0.11072518761327543
2026-05-01 04:10:00+00:00,M494,0.0,-0.11072518761327543
2026-05-01 04:10:00+00:00,M516,5.0,-0.11072518761327543
2026-05-01 04:10:00+00:00,M520,2663.0,-0.11072518761327543
2026-05-01 04:10:00+00:00,M529,0.0,-0.11072518761327543
2026-05-01 04:10:00+00:00,M609,15.0,-0.11072518761327543
2026-05-01 04:10:00+00:00,M610,0.0,-0.11072518761327543
2026-05-01 04:10:00+00:00,M618,0.0,-0.11072518761327543
2026-05-01 04:10:00+00:00,M658,80.0,-0.11072518761327543
2026-05-01 04:10:00+00:00,M688,0.0,-0.11072518761327543
2026-05-01 04:10:00+00:00,M696,1121.0,-0.11072518761327543
2026-05-01 04:10:00+00:00,M719,0.0,-0.11072518761327543
2026-05-01 04:10:00+00:00,M736,3.0,-0.11072518761327543
2026-05-01 04:10:00+00:00,M767,0.0,-0.11072518761327543
2026-05-01 04:10:00+00:00,M779,5.0,-0.11072518761327543
2026-05-01 04:10:00+00:00,M786,90.0,-0.11072518761327543
2026-05-01 04:10:00+00:00,M841,3.0,-0.11072518761327543
2026-05-01 04:10:00+00:00,M843,0.0,-0.11072518761327543
2026-05-01 04:10:00+00:00,M855,0.0,-0.11072518761327543
2026-05-01 04:10:00+00:00,M874,313.0,-0.11072518761327543
2026-05-01 04:10:00+00:00,M899,3.0,-0.11072518761327543
2026-05-01 04:10:00+00:00,M904,0.0,-0.11072518761327543
2026-05-01 04:10:00+00:00,M965,20.0,-0.11072518761327543
2026-05-01 04:10:00+00:00,M971,4208.0,-0.11072518761327543
2026-05-01 04:10:00+00:00,M972,0.0,-0.11072518761327543
2026-05-01 04:10:00+00:00,M991,0.0,-0.11072518761327543
2026-05-01 04:15:00+00:00,M029,0.0,-0.006344157862653632
2026-05-01 04:15:00+00:00,M037,0.0,-0.006344157862653632
2026-05-01 04:15:00+00:00,M104,1.0,-0.006344157862653632
2026-05-01 04:15:00+00:00,M162,0.0,-0.006344157862653632
2026-05-01 04:15:00+00:00,M164,0.0,-0.006344157862653632
2026-05-01 04:15:00+00:00,M185,73.0,-0.006344157862653632
2026-05-01 04:15:00+00:00,M204,0.0,-0.006344157862653632
2026-05-01 04:15:00+00:00,M238,0.0,-0.006344157862653632
2026-05-01 04:15:00+00:00,M265,11.0,-0.006344157862653632
2026-05-01 04:15:00+00:00,M318,0.0,-0.006344157862653632
2026-05-01 04:15:00+00:00,M336,0.0,-0.006344157862653632
2026-05-01 04:15:00+00:00,M348,0.0,-0.006344157862653632
2026-05-01 04:15:00+00:00,M362,0.0,-0.006344157862653632
2026-05-01 04:15:00+00:00,M378,66.0,-0.006344157862653632
2026-05-01 04:15:00+00:00,M392,0.0,-0.006344157862653632
2026-05-01 04:15:00+00:00,M419,0.0,-0.006344157862653632
2026-05-01 04:15:00+00:00,M430,0.0,-0.006344157862653632
2026-05-01 04:15:00+00:00,M452,0.0,-0.006344157862653632
2026-05-01 04:15:00+00:00,M474,0.0,-0.006344157862653632
2026-05-01 04:15:00+00:00,M475,0.0,-0.006344157862653632
2026-05-01 04:15:00+00:00,M490,0.0,-0.006344157862653632
2026-05-01 04:15:00+00:00,M494,0.0,-0.006344157862653632
2026-05-01 04:15:00+00:00,M516,1.0,-0.006344157862653632
2026-05-01 04:15:00+00:00,M520,2755.0,-0.006344157862653632
2026-05-01 04:15:00+00:00,M529,0.0,-0.006344157862653632
2026-05-01 04:15:00+00:00,M609,16.0,-0.006344157862653632
2026-05-01 04:15:00+00:00,M610,0.0,-0.006344157862653632
2026-05-01 04:15:00+00:00,M618,0.0,-0.006344157862653632
2026-05-01 04:15:00+00:00,M658,66.0,-0.006344157862653632
2026-05-01 04:15:00+00:00,M688,0.0,-0.006344157862653632
2026-05-01 04:15:00+00:00,M696,1218.0,-0.006344157862653632
2026-05-01 04:15:00+00:00,M719,0.0,-0.006344157862653632
2026-05-01 04:15:00+00:00,M736,1.0,-0.006344157862653632
2026-05-01 04:15:00+00:00,M767,0.0,-0.006344157862653632
2026-05-01 04:15:00+00:00,M779,5.0,-0.006344157862653632
2026-05-01 04:15:00+00:00,M786,71.0,-0.006344157862653632
2026-05-01 04:15:00+00:00,M841,6.0,-0.006344157862653632
2026-05-01 04:15:00+00:00,M843,0.0,-0.006344157862653632
2026-05-01 04:15:00+00:00,M855,0.0,-0.006344157862653632
2026-05-01 04:15:00+00:00,M874,294.0,-0.006344157862653632
2026-05-01 04:15:00+00:00,M899,2.0,-0.006344157862653632
2026-05-01 04:15:00+00:00,M904,3.0,-0.006344157862653632
2026-05-01 04:15:00+00:00,M965,1.0,-0.006344157862653632
2026-05-01 04:15:00+00:00,M971,4390.0,-0.006344157862653632
2026-05-01 04:15:00+00:00,M972,0.0,-0.006344157862653632
2026-05-01 04:15:00+00:00,M991,0.0,-0.006344157862653632
2026-05-01 04:30:00+00:00,M029,2.0,-0.024508296710028077
2026-05-01 04:30:00+00:00,M037,0.0,-0.024508296710028077
2026-05-01 04:30:00+00:00,M104,2.0,-0.024508296710028077
2026-05-01 04:30:00+00:00,M162,0.0,-0.024508296710028077
2026-05-01 04:30:00+00:00,M164,0.0,-0.024508296710028077
2026-05-01 04:30:00+00:00,M185,62.0,-0.024508296710028077
2026-05-01 04:30:00+00:00,M204,0.0,-0.024508296710028077
2026-05-01 04:30:00+00:00,M238,0.0,-0.024508296710028077
2026-05-01 04:30:00+00:00,M265,7.0,-0.024508296710028077
2026-05-01 04:30:00+00:00,M318,0.0,-0.024508296710028077
2026-05-01 04:30:00+00:00,M336,0.0,-0.024508296710028077
2026-05-01 04:30:00+00:00,M348,0.0,-0.024508296710028077
2026-05-01 04:30:00+00:00,M362,0.0,-0.024508296710028077
2026-05-01 04:30:00+00:00,M378,61.0,-0.024508296710028077
2026-05-01 04:30:00+00:00,M392,0.0,-0.024508296710028077
2026-05-01 04:30:00+00:00,M419,0.0,-0.024508296710028077
2026-05-01 04:30:00+00:00,M430,0.0,-0.024508296710028077
2026-05-01 04:30:00+00:00,M452,0.0,-0.024508296710028077
2026-05-01 04:30:00+00:00,M474,0.0,-0.024508296710028077
2026-05-01 04:30:00+00:00,M475,0.0,-0.024508296710028077
2026-05-01 04:30:00+00:00,M490,1.0,-0.024508296710028077
2026-05-01 04:30:00+00:00,M494,0.0,-0.024508296710028077
2026-05-01 04:30:00+00:00,M516,8.0,-0.024508296710028077
2026-05-01 04:30:00+00:00,M520,2744.0,-0.024508296710028077
2026-05-01 04:30:00+00:00,M529,1.0,-0.024508296710028077
2026-05-01 04:30:00+00:00,M609,8.0,-0.024508296710028077
2026-05-01 04:30:00+00:00,M610,0.0,-0.024508296710028077
2026-05-01 04:30:00+00:00,M618,0.0,-0.024508296710028077
2026-05-01 04:30:00+00:00,M658,59.0,-0.024508296710028077
2026-05-01 04:30:00+00:00,M688,0.0,-0.024508296710028077
2026-05-01 04:30:00+00:00,M696,1181.0,-0.024508296710028077
2026-05-01 04:30:00+00:00,M719,0.0,-0.024508296710028077
2026-05-01 04:30:00+00:00,M736,0.0,-0.024508296710028077
2026-05-01 04:30:00+00:00,M767,0.0,-0.024508296710028077
2026-05-01 04:30:00+00:00,M779,3.0,-0.024508296710028077
2026-05-01 04:30:00+00:00,M786,72.0,-0.024508296710028077
2026-05-01 04:30:00+00:00,M841,3.0,-0.024508296710028077
2026-05-01 04:30:00+00:00,M843,0.0,-0.024508296710028077
2026-05-01 04:30:00+00:00,M855,0.0,-0.024508296710028077
2026-05-01 04:30:00+00:00,M874,308.0,-0.024508296710028077
2026-05-01 04:30:00+00:00,M899,3.0,-0.024508296710028077
2026-05-01 04:30:00+00:00,M904,0.0,-0.024508296710028077
2026-05-01 04:30:00+00:00,M965,11.0,-0.024508296710028077
2026-05-01 04:30:00+00:00,M971,4334.0,-0.024508296710028077
2026-05-01 04:30:00+00:00,M972,0.0,-0.024508296710028077
2026-05-01 04:30:00+00:00,M991,0.0,-0.024508296710028077
2026-05-01 04:40:00+00:00,M029,2.0,-0.04365268433187364
2026-05-01 04:40:00+00:00,M037,0.0,-0.04365268433187364
2026-05-01 04:40:00+00:00,M104,6.0,-0.04365268433187364
2026-05-01 04:40:00+00:00,M162,0.0,-0.04365268433187364
2026-05-01 04:40:00+00:00,M164,0.0,-0.04365268433187364
2026-05-01 04:40:00+00:00,M185,65.0,-0.04365268433187364
2026-05-01 04:40:00+00:00,M204,0.0,-0.04365268433187364
2026-05-01 04:40:00+00:00,M238,0.0,-0.04365268433187364
2026-05-01 04:40:00+00:00,M265,5.0,-0.04365268433187364
2026-05-01 04:40:00+00:00,M318,0.0,-0.04365268433187364
2026-05-01 04:40:00+00:00,M336,0.0,-0.04365268433187364
2026-05-01 04:40:00+00:00,M348,0.0,-0.04365268433187364
2026-05-01 04:40:00+00:00,M362,0.0,-0.04365268433187364
2026-05-01 04:40:00+00:00,M378,56.0,-0.04365268433187364
2026-05-01 04:40:00+00:00,M392,0.0,-0.04365268433187364
2026-05-01 04:40:00+00:00,M419,0.0,-0.04365268433187364
2026-05-01 04:40:00+00:00,M430,0.0,-0.04365268433187364
2026-05-01 04:40:00+00:00,M452,0.0,-0.04365268433187364
2026-05-01 04:40:00+00:00,M474,0.0,-0.04365268433187364
2026-05-01 04:40:00+00:00,M475,0.0,-0.04365268433187364
2026-05-01 04:40:00+00:00,M490,0.0,-0.04365268433187364
2026-05-01 04:40:00+00:00,M494,0.0,-0.04365268433187364
2026-05-01 04:40:00+00:00,M516,6.0,-0.04365268433187364
2026-05-01 04:40:00+00:00,M520,2762.0,-0.04365268433187364
2026-05-01 04:40:00+00:00,M529,0.0,-0.04365268433187364
2026-05-01 04:40:00+00:00,M609,13.0,-0.04365268433187364
2026-05-01 04:40:00+00:00,M610,0.0,-0.04365268433187364
2026-05-01 04:40:00+00:00,M618,0.0,-0.04365268433187364
2026-05-01 04:40:00+00:00,M658,56.0,-0.04365268433187364
2026-05-01 04:40:00+00:00,M688,0.0,-0.04365268433187364
2026-05-01 04:40:00+00:00,M696,1171.0,-0.04365268433187364
2026-05-01 04:40:00+00:00,M719,0.0,-0.04365268433187364
2026-05-01 04:40:00+00:00,M736,1.0,-0.04365268433187364
2026-05-01 04:40:00+00:00,M767,0.0,-0.04365268433187364
2026-05-01 04:40:00+00:00,M779,6.0,-0.04365268433187364
2026-05-01 04:40:00+00:00,M786,68.0,-0.04365268433187364
2026-05-01 04:40:00+00:00,M841,7.0,-0.04365268433187364
2026-05-01 04:40:00+00:00,M843,0.0,-0.04365268433187364
2026-05-01 04:40:00+00:00,M855,0.0,-0.04365268433187364
2026-05-01 04:40:00+00:00,M874,261.0,-0.04365268433187364
2026-05-01 04:40:00+00:00,M899,3.0,-0.04365268433187364
2026-05-01 04:40:00+00:00,M904,0.0,-0.04365268433187364
2026-05-01 04:40:00+00:00,M965,4.0,-0.04365268433187364
2026-05-01 04:40:00+00:00,M971,4290.0,-0.04365268433187364
2026-05-01 04:40:00+00:00,M972,0.0,-0.04365268433187364
2026-05-01 04:40:00+00:00,M991,0.0,-0.04365268433187364
2026-05-01 04:50:00+00:00,M029,1.0,-0.01841076731172997
2026-05-01 04:50:00+00:00,M037,0.0,-0.01841076731172997
2026-05-01 04:50:00+00:00,M104,2.0,-0.01841076731172997
2026-05-01 04:50:00+00:00,M162,0.0,-0.01841076731172997
2026-05-01 04:50:00+00:00,M164,0.0,-0.01841076731172997
2026-05-01 04:50:00+00:00,M185,64.0,-0.01841076731172997
2026-05-01 04:50:00+00:00,M204,0.0,-0.01841076731172997
2026-05-01 04:50:00+00:00,M238,0.0,-0.01841076731172997
2026-05-01 04:50:00+00:00,M265,9.0,-0.01841076731172997
2026-05-01 04:50:00+00:00,M318,0.0,-0.01841076731172997
2026-05-01 04:50:00+00:00,M336,0.0,-0.01841076731172997
2026-05-01 04:50:00+00:00,M348,0.0,-0.01841076731172997
2026-05-01 04:50:00+00:00,M362,0.0,-0.01841076731172997
2026-05-01 04:50:00+00:00,M378,66.0,-0.01841076731172997
2026-05-01 04:50:00+00:00,M392,0.0,-0.01841076731172997
2026-05-01 04:50:00+00:00,M419,0.0,-0.01841076731172997
2026-05-01 04:50:00+00:00,M430,0.0,-0.01841076731172997
2026-05-01 04:50:00+00:00,M452,0.0,-0.01841076731172997
2026-05-01 04:50:00+00:00,M474,0.0,-0.01841076731172997
2026-05-01 04:50:00+00:00,M475,0.0,-0.01841076731172997
2026-05-01 04:50:00+00:00,M490,0.0,-0.01841076731172997
2026-05-01 04:50:00+00:00,M494,0.0,-0.01841076731172997
2026-05-01 04:50:00+00:00,M516,3.0,-0.01841076731172997
2026-05-01 04:50:00+00:00,M520,2822.0,-0.01841076731172997
2026-05-01 04:50:00+00:00,M529,2.0,-0.01841076731172997
2026-05-01 04:50:00+00:00,M609,17.0,-0.01841076731172997
2026-05-01 04:50:00+00:00,M610,0.0,-0.01841076731172997
2026-05-01 04:50:00+00:00,M618,0.0,-0.01841076731172997
2026-05-01 04:50:00+00:00,M658,66.0,-0.01841076731172997
2026-05-01 04:50:00+00:00,M688,0.0,-0.01841076731172997
2026-05-01 04:50:00+00:00,M696,1177.0,-0.01841076731172997
2026-05-01 04:50:00+00:00,M719,0.0,-0.01841076731172997
2026-05-01 04:50:00+00:00,M736,1.0,-0.01841076731172997
2026-05-01 04:50:00+00:00,M767,0.0,-0.01841076731172997
2026-05-01 04:50:00+00:00,M779,1.0,-0.01841076731172997
2026-05-01 04:50:00+00:00,M786,69.0,-0.01841076731172997
2026-05-01 04:50:00+00:00,M841,4.0,-0.01841076731172997
2026-05-01 04:50:00+00:00,M843,0.0,-0.01841076731172997
2026-05-01 04:50:00+00:00,M855,0.0,-0.01841076731172997
2026-05-01 04:50:00+00:00,M874,263.0,-0.01841076731172997
2026-05-01 04:50:00+00:00,M899,2.0,-0.01841076731172997
2026-05-01 04:50:00+00:00,M904,1.0,-0.01841076731172997
2026-05-01 04:50:00+00:00,M965,17.0,-0.01841076731172997
2026-05-01 04:50:00+00:00,M971,4388.0,-0.01841076731172997
2026-05-01 04:50:00+00:00,M972,0.0,-0.01841076731172997
2026-05-01 04:50:00+00:00,M991,0.0,-0.01841076731172997
2026-05-01 04:55:00+00:00,M029,0.0,-0.02416082998281499
2026-05-01 04:55:00+00:00,M037,0.0,-0.02416082998281499
2026-05-01 04:55:00+00:00,M104,3.0,-0.02416082998281499
2026-05-01 04:55:00+00:00,M162,0.0,-0.02416082998281499
2026-05-01 04:55:00+00:00,M164,0.0,-0.02416082998281499
2026-05-01 04:55:00+00:00,M185,49.0,-0.02416082998281499
2026-05-01 04:55:00+00:00,M204,0.0,-0.02416082998281499
2026-05-01 04:55:00+00:00,M238,0.0,-0.02416082998281499
2026-05-01 04:55:00+00:00,M265,6.0,-0.02416082998281499
2026-05-01 04:55:00+00:00,M318,0.0,-0.02416082998281499
2026-05-01 04:55:00+00:00,M336,0.0,-0.02416082998281499
2026-05-01 04:55:00+00:00,M348,0.0,-0.02416082998281499
2026-05-01 04:55:00+00:00,M362,0.0,-0.02416082998281499
2026-05-01 04:55:00+00:00,M378,73.0,-0.02416082998281499
2026-05-01 04:55:00+00:00,M392,0.0,-0.02416082998281499
2026-05-01 04:55:00+00:00,M419,0.0,-0.02416082998281499
2026-05-01 04:55:00+00:00,M430,0.0,-0.02416082998281499
2026-05-01 04:55:00+00:00,M452,0.0,-0.02416082998281499
2026-05-01 04:55:00+00:00,M474,0.0,-0.02416082998281499
2026-05-01 04:55:00+00:00,M475,0.0,-0.02416082998281499
2026-05-01 04:55:00+00:00,M490,0.0,-0.02416082998281499
2026-05-01 04:55:00+00:00,M494,0.0,-0.02416082998281499
2026-05-01 04:55:00+00:00,M516,7.0,-0.02416082998281499
2026-05-01 04:55:00+00:00,M520,2760.0,-0.02416082998281499
2026-05-01 04:55:00+00:00,M529,1.0,-0.02416082998281499
2026-05-01 04:55:00+00:00,M609,10.0,-0.02416082998281499
2026-05-01 04:55:00+00:00,M610,0.0,-0.02416082998281499
2026-05-01 04:55:00+00:00,M618,0.0,-0.02416082998281499
2026-05-01 04:55:00+00:00,M658,71.0,-0.02416082998281499
2026-05-01 04:55:00+00:00,M688,0.0,-0.02416082998281499
2026-05-01 04:55:00+00:00,M696,1136.0,-0.02416082998281499
2026-05-01 04:55:00+00:00,M719,0.0,-0.02416082998281499
2026-05-01 04:55:00+00:00,M736,1.0,-0.02416082998281499
2026-05-01 04:55:00+00:00,M767,0.0,-0.02416082998281499
2026-05-01 04:55:00+00:00,M779,10.0,-0.02416082998281499
2026-05-01 04:55:00+00:00,M786,83.0,-0.02416082998281499
2026-05-01 04:55:00+00:00,M841,2.0,-0.02416082998281499
2026-05-01 04:55:00+00:00,M843,0.0,-0.02416082998281499
2026-05-01 04:55:00+00:00,M855,0.0,-0.02416082998281499
2026-05-01 04:55:00+00:00,M874,306.0,-0.02416082998281499
2026-05-01 04:55:00+00:00,M899,1.0,-0.02416082998281499
2026-05-01 04:55:00+00:00,M904,3.0,-0.02416082998281499
2026-05-01 04:55:00+00:00,M965,10.0,-0.02416082998281499
2026-05-01 04:55:00+00:00,M971,4290.0,-0.02416082998281499
2026-05-01 04:55:00+00:00,M972,0.0,-0.02416082998281499
2026-05-01 04:55:00+00:00,M991,0.0,-0.02416082998281499
2026-05-01 05:05:00+00:00,M029,3.0,-0.06070734330861105
2026-05-01 05:05:00+00:00,M037,0.0,-0.06070734330861105
2026-05-01 05:05:00+00:00,M104,0.0,-0.06070734330861105
2026-05-01 05:05:00+00:00,M162,0.0,-0.06070734330861105
2026-05-01 05:05:00+00:00,M164,0.0,-0.06070734330861105
2026-05-01 05:05:00+00:00,M185,69.0,-0.06070734330861105
2026-05-01 05:05:00+00:00,M204,0.0,-0.06070734330861105
2026-05-01 05:05:00+00:00,M238,0.0,-0.06070734330861105
2026-05-01 05:05:00+00:00,M265,6.0,-0.06070734330861105
2026-05-01 05:05:00+00:00,M318,0.0,-0.06070734330861105
2026-05-01 05:05:00+00:00,M336,0.0,-0.06070734330861105
2026-05-01 05:05:00+00:00,M348,0.0,-0.06070734330861105
2026-05-01 05:05:00+00:00,M362,0.0,-0.06070734330861105
2026-05-01 05:05:00+00:00,M378,75.0,-0.06070734330861105
2026-05-01 05:05:00+00:00,M392,0.0,-0.06070734330861105
2026-05-01 05:05:00+00:00,M419,0.0,-0.06070734330861105
2026-05-01 05:05:00+00:00,M430,0.0,-0.06070734330861105
2026-05-01 05:05:00+00:00,M452,0.0,-0.06070734330861105
2026-05-01 05:05:00+00:00,M474,0.0,-0.06070734330861105
2026-05-01 05:05:00+00:00,M475,0.0,-0.06070734330861105
2026-05-01 05:05:00+00:00,M490,0.0,-0.06070734330861105
2026-05-01 05:05:00+00:00,M494,0.0,-0.06070734330861105
2026-05-01 05:05:00+00:00,M516,8.0,-0.06070734330861105
2026-05-01 05:05:00+00:00,M520,2795.0,-0.06070734330861105
2026-05-01 05:05:00+00:00,M529,1.0,-0.06070734330861105
2026-05-01 05:05:00+00:00,M609,25.0,-0.06070734330861105
2026-05-01 05:05:00+00:00,M610,0.0,-0.06070734330861105
2026-05-01 05:05:00+00:00,M618,0.0,-0.06070734330861105
2026-05-01 05:05:00+00:00,M658,69.0,-0.06070734330861105
2026-05-01 05:05:00+00:00,M688,0.0,-0.06070734330861105
2026-05-01 05:05:00+00:00,M696,1145.0,-0.06070734330861105
2026-05-01 05:05:00+00:00,M719,0.0,-0.06070734330861105
2026-05-01 05:05:00+00:00,M736,0.0,-0.06070734330861105
2026-05-01 05:05:00+00:00,M767,0.0,-0.06070734330861105
2026-05-01 05:05:00+00:00,M779,7.0,-0.06070734330861105
2026-05-01 05:05:00+00:00,M786,85.0,-0.06070734330861105
2026-05-01 05:05:00+00:00,M841,0.0,-0.06070734330861105
2026-05-01 05:05:00+00:00,M843,0.0,-0.06070734330861105
2026-05-01 05:05:00+00:00,M855,0.0,-0.06070734330861105
2026-05-01 05:05:00+00:00,M874,311.0,-0.06070734330861105
2026-05-01 05:05:00+00:00,M899,1.0,-0.06070734330861105
2026-05-01 05:05:00+00:00,M904,2.0,-0.06070734330861105
2026-05-01 05:05:00+00:00,M965,8.0,-0.06070734330861105
2026-05-01 05:05:00+00:00,M971,4355.0,-0.06070734330861105
2026-05-01 05:05:00+00:00,M972,0.0,-0.06070734330861105
2026-05-01 05:05:00+00:00,M991,0.0,-0.06070734330861105
2026-05-01 05:20:00+00:00,M029,0.0,-0.0661081590860575
2026-05-01 05:20:00+00:00,M037,0.0,-0.0661081590860575
2026-05-01 05:20:00+00:00,M104,2.0,-0.0661081590860575
2026-05-01 05:20:00+00:00,M162,0.0,-0.0661081590860575
2026-05-01 05:20:00+00:00,M164,0.0,-0.0661081590860575
2026-05-01 05:20:00+00:00,M185,53.0,-0.0661081590860575
2026-05-01 05:20:00+00:00,M204,0.0,-0.0661081590860575
2026-05-01 05:20:00+00:00,M238,0.0,-0.0661081590860575
2026-05-01 05:20:00+00:00,M265,6.0,-0.0661081590860575
2026-05-01 05:20:00+00:00,M318,0.0,-0.0661081590860575
2026-05-01 05:20:00+00:00,M336,0.0,-0.0661081590860575
2026-05-01 05:20:00+00:00,M348,0.0,-0.0661081590860575
2026-05-01 05:20:00+00:00,M362,0.0,-0.0661081590860575
2026-05-01 05:20:00+00:00,M378,71.0,-0.0661081590860575
2026-05-01 05:20:00+00:00,M392,0.0,-0.0661081590860575
2026-05-01 05:20:00+00:00,M419,0.0,-0.0661081590860575
2026-05-01 05:20:00+00:00,M430,0.0,-0.0661081590860575
2026-05-01 05:20:00+00:00,M452,0.0,-0.0661081590860575
2026-05-01 05:20:00+00:00,M474,0.0,-0.0661081590860575
2026-05-01 05:20:00+00:00,M475,0.0,-0.0661081590860575
2026-05-01 05:20:00+00:00,M490,0.0,-0.0661081590860575
2026-05-01 05:20:00+00:00,M494,0.0,-0.0661081590860575
2026-05-01 05:20:00+00:00,M516,4.0,-0.0661081590860575
2026-05-01 05:20:00+00:00,M520,2767.0,-0.0661081590860575
2026-05-01 05:20:00+00:00,M529,4.0,-0.0661081590860575
2026-05-01 05:20:00+00:00,M609,20.0,-0.0661081590860575
2026-05-01 05:20:00+00:00,M610,0.0,-0.0661081590860575
2026-05-01 05:20:00+00:00,M618,0.0,-0.0661081590860575
2026-05-01 05:20:00+00:00,M658,71.0,-0.0661081590860575
2026-05-01 05:20:00+00:00,M688,0.0,-0.0661081590860575
2026-05-01 05:20:00+00:00,M696,1202.0,-0.0661081590860575
2026-05-01 05:20:00+00:00,M719,0.0,-0.0661081590860575
2026-05-01 05:20:00+00:00,M736,1.0,-0.0661081590860575
2026-05-01 05:20:00+00:00,M767,0.0,-0.0661081590860575
2026-05-01 05:20:00+00:00,M779,11.0,-0.0661081590860575
2026-05-01 05:20:00+00:00,M786,81.0,-0.0661081590860575
2026-05-01 05:20:00+00:00,M841,8.0,-0.0661081590860575
2026-05-01 05:20:00+00:00,M843,0.0,-0.0661081590860575
2026-05-01 05:20:00+00:00,M855,0.0,-0.0661081590860575
2026-05-01 05:20:00+00:00,M874,278.0,-0.0661081590860575
2026-05-01 05:20:00+00:00,M899,2.0,-0.0661081590860575
2026-05-01 05:20:00+00:00,M904,1.0,-0.0661081590860575
2026-05-01 05:20:00+00:00,M965,9.0,-0.0661081590860575
2026-05-01 05:20:00+00:00,M971,4354.0,-0.0661081590860575
2026-05-01 05:20:00+00:00,M972,0.0,-0.0661081590860575
2026-05-01 05:20:00+00:00,M991,0.0,-0.0661081590860575
2026-05-01 06:00:00+00:00,M029,0.0,-0.07291149580838763
2026-05-01 06:00:00+00:00,M037,0.0,-0.07291149580838763
2026-05-01 06:00:00+00:00,M104,0.0,-0.07291149580838763
2026-05-01 06:00:00+00:00,M162,0.0,-0.07291149580838763
2026-05-01 06:00:00+00:00,M164,0.0,-0.07291149580838763
2026-05-01 06:00:00+00:00,M185,57.0,-0.07291149580838763
2026-05-01 06:00:00+00:00,M204,0.0,-0.07291149580838763
2026-05-01 06:00:00+00:00,M238,0.0,-0.07291149580838763
2026-05-01 06:00:00+00:00,M265,4.0,-0.07291149580838763
2026-05-01 06:00:00+00:00,M318,0.0,-0.07291149580838763
2026-05-01 06:00:00+00:00,M336,0.0,-0.07291149580838763
2026-05-01 06:00:00+00:00,M348,0.0,-0.07291149580838763
2026-05-01 06:00:00+00:00,M362,0.0,-0.07291149580838763
2026-05-01 06:00:00+00:00,M378,66.0,-0.07291149580838763
2026-05-01 06:00:00+00:00,M392,0.0,-0.07291149580838763
2026-05-01 06:00:00+00:00,M419,0.0,-0.07291149580838763
2026-05-01 06:00:00+00:00,M430,0.0,-0.07291149580838763
2026-05-01 06:00:00+00:00,M452,0.0,-0.07291149580838763
2026-05-01 06:00:00+00:00,M474,1.0,-0.07291149580838763
2026-05-01 06:00:00+00:00,M475,0.0,-0.07291149580838763
2026-05-01 06:00:00+00:00,M490,0.0,-0.07291149580838763
2026-05-01 06:00:00+00:00,M494,0.0,-0.07291149580838763
2026-05-01 06:00:00+00:00,M516,1.0,-0.07291149580838763
2026-05-01 06:00:00+00:00,M520,2771.0,-0.07291149580838763
2026-05-01 06:00:00+00:00,M529,0.0,-0.07291149580838763
2026-05-01 06:00:00+00:00,M609,17.0,-0.07291149580838763
2026-05-01 06:00:00+00:00,M610,0.0,-0.07291149580838763
2026-05-01 06:00:00+00:00,M618,0.0,-0.07291149580838763
2026-05-01 06:00:00+00:00,M658,66.0,-0.07291149580838763
2026-05-01 06:00:00+00:00,M688,0.0,-0.07291149580838763
2026-05-01 06:00:00+00:00,M696,1150.0,-0.07291149580838763
2026-05-01 06:00:00+00:00,M719,0.0,-0.07291149580838763
2026-05-01 06:00:00+00:00,M736,2.0,-0.07291149580838763
2026-05-01 06:00:00+00:00,M767,0.0,-0.07291149580838763
2026-05-01 06:00:00+00:00,M779,6.0,-0.07291149580838763
2026-05-01 06:00:00+00:00,M786,72.0,-0.07291149580838763
2026-05-01 06:00:00+00:00,M841,0.0,-0.07291149580838763
2026-05-01 06:00:00+00:00,M843,0.0,-0.07291149580838763
2026-05-01 06:00:00+00:00,M855,0.0,-0.07291149580838763
2026-05-01 06:00:00+00:00,M874,351.0,-0.07291149580838763
2026-05-01 06:00:00+00:00,M899,4.0,-0.07291149580838763
2026-05-01 06:00:00+00:00,M904,3.0,-0.07291149580838763
2026-05-01 06:00:00+00:00,M965,9.0,-0.07291149580838763
2026-05-01 06:00:00+00:00,M971,4362.0,-0.07291149580838763
2026-05-01 06:00:00+00:00,M972,0.0,-0.07291149580838763
2026-05-01 06:00:00+00:00,M991,0.0,-0.07291149580838763
2026-05-01 08:10:00+00:00,M029,0.0,-0.03043130113404513
2026-05-01 08:10:00+00:00,M037,0.0,-0.03043130113404513
2026-05-01 08:10:00+00:00,M104,4.0,-0.03043130113404513
2026-05-01 08:10:00+00:00,M162,0.0,-0.03043130113404513
2026-05-01 08:10:00+00:00,M164,0.0,-0.03043130113404513
2026-05-01 08:10:00+00:00,M185,82.0,-0.03043130113404513
2026-05-01 08:10:00+00:00,M204,0.0,-0.03043130113404513
2026-05-01 08:10:00+00:00,M238,0.0,-0.03043130113404513
2026-05-01 08:10:00+00:00,M265,6.0,-0.03043130113404513
2026-05-01 08:10:00+00:00,M318,0.0,-0.03043130113404513
2026-05-01 08:10:00+00:00,M336,0.0,-0.03043130113404513
2026-05-01 08:10:00+00:00,M348,0.0,-0.03043130113404513
2026-05-01 08:10:00+00:00,M362,0.0,-0.03043130113404513
2026-05-01 08:10:00+00:00,M378,66.0,-0.03043130113404513
2026-05-01 08:10:00+00:00,M392,0.0,-0.03043130113404513
2026-05-01 08:10:00+00:00,M419,0.0,-0.03043130113404513
2026-05-01 08:10:00+00:00,M430,0.0,-0.03043130113404513
2026-05-01 08:10:00+00:00,M452,0.0,-0.03043130113404513
2026-05-01 08:10:00+00:00,M474,0.0,-0.03043130113404513
2026-05-01 08:10:00+00:00,M475,0.0,-0.03043130113404513
2026-05-01 08:10:00+00:00,M490,0.0,-0.03043130113404513
2026-05-01 08:10:00+00:00,M494,0.0,-0.03043130113404513
2026-05-01 08:10:00+00:00,M516,0.0,-0.03043130113404513
2026-05-01 08:10:00+00:00,M520,2721.0,-0.03043130113404513
2026-05-01 08:10:00+00:00,M529,1.0,-0.03043130113404513
2026-05-01 08:10:00+00:00,M609,8.0,-0.03043130113404513
2026-05-01 08:10:00+00:00,M610,0.0,-0.03043130113404513
2026-05-01 08:10:00+00:00,M618,0.0,-0.03043130113404513
2026-05-01 08:10:00+00:00,M658,65.0,-0.03043130113404513
2026-05-01 08:10:00+00:00,M688,0.0,-0.03043130113404513
2026-05-01 08:10:00+00:00,M696,1106.0,-0.03043130113404513
2026-05-01 08:10:00+00:00,M719,0.0,-0.03043130113404513
2026-05-01 08:10:00+00:00,M736,0.0,-0.03043130113404513
2026-05-01 08:10:00+00:00,M767,0.0,-0.03043130113404513
2026-05-01 08:10:00+00:00,M779,5.0,-0.03043130113404513
2026-05-01 08:10:00+00:00,M786,73.0,-0.03043130113404513
2026-05-01 08:10:00+00:00,M841,0.0,-0.03043130113404513
2026-05-01 08:10:00+00:00,M843,1.0,-0.03043130113404513
2026-05-01 08:10:00+00:00,M855,0.0,-0.03043130113404513
2026-05-01 08:10:00+00:00,M874,289.0,-0.03043130113404513
2026-05-01 08:10:00+00:00,M899,3.0,-0.03043130113404513
2026-05-01 08:10:00+00:00,M904,0.0,-0.03043130113404513
2026-05-01 08:10:00+00:00,M965,10.0,-0.03043130113404513
2026-05-01 08:10:00+00:00,M971,4234.0,-0.03043130113404513
2026-05-01 08:10:00+00:00,M972,0.0,-0.03043130113404513
2026-05-01 08:10:00+00:00,M991,0.0,-0.03043130113404513
2026-05-01 08:15:00+00:00,M029,0.0,-0.01522362943038258
2026-05-01 08:15:00+00:00,M037,0.0,-0.01522362943038258
2026-05-01 08:15:00+00:00,M104,2.0,-0.01522362943038258
2026-05-01 08:15:00+00:00,M162,0.0,-0.01522362943038258
2026-05-01 08:15:00+00:00,M164,0.0,-0.01522362943038258
2026-05-01 08:15:00+00:00,M185,47.0,-0.01522362943038258
2026-05-01 08:15:00+00:00,M204,0.0,-0.01522362943038258
2026-05-01 08:15:00+00:00,M238,0.0,-0.01522362943038258
2026-05-01 08:15:00+00:00,M265,13.0,-0.01522362943038258
2026-05-01 08:15:00+00:00,M318,0.0,-0.01522362943038258
2026-05-01 08:15:00+00:00,M336,0.0,-0.01522362943038258
2026-05-01 08:15:00+00:00,M348,0.0,-0.01522362943038258
2026-05-01 08:15:00+00:00,M362,0.0,-0.01522362943038258
2026-05-01 08:15:00+00:00,M378,77.0,-0.01522362943038258
2026-05-01 08:15:00+00:00,M392,0.0,-0.01522362943038258
2026-05-01 08:15:00+00:00,M419,0.0,-0.01522362943038258
2026-05-01 08:15:00+00:00,M430,0.0,-0.01522362943038258
2026-05-01 08:15:00+00:00,M452,0.0,-0.01522362943038258
2026-05-01 08:15:00+00:00,M474,0.0,-0.01522362943038258
2026-05-01 08:15:00+00:00,M475,0.0,-0.01522362943038258
2026-05-01 08:15:00+00:00,M490,0.0,-0.01522362943038258
2026-05-01 08:15:00+00:00,M494,0.0,-0.01522362943038258
2026-05-01 08:15:00+00:00,M516,0.0,-0.01522362943038258
2026-05-01 08:15:00+00:00,M520,2811.0,-0.01522362943038258
2026-05-01 08:15:00+00:00,M529,0.0,-0.01522362943038258
2026-05-01 08:15:00+00:00,M609,12.0,-0.01522362943038258
2026-05-01 08:15:00+00:00,M610,0.0,-0.01522362943038258
2026-05-01 08:15:00+00:00,M618,0.0,-0.01522362943038258
2026-05-01 08:15:00+00:00,M658,76.0,-0.01522362943038258
2026-05-01 08:15:00+00:00,M688,0.0,-0.01522362943038258
2026-05-01 08:15:00+00:00,M696,1219.0,-0.01522362943038258
2026-05-01 08:15:00+00:00,M719,0.0,-0.01522362943038258
2026-05-01 08:15:00+00:00,M736,0.0,-0.01522362943038258
2026-05-01 08:15:00+00:00,M767,0.0,-0.01522362943038258
2026-05-01 08:15:00+00:00,M779,4.0,-0.01522362943038258
2026-05-01 08:15:00+00:00,M786,77.0,-0.01522362943038258
2026-05-01 08:15:00+00:00,M841,1.0,-0.01522362943038258
2026-05-01 08:15:00+00:00,M843,1.0,-0.01522362943038258
2026-05-01 08:15:00+00:00,M855,0.0,-0.01522362943038258
2026-05-01 08:15:00+00:00,M874,288.0,-0.01522362943038258
2026-05-01 08:15:00+00:00,M899,2.0,-0.01522362943038258
2026-05-01 08:15:00+00:00,M904,1.0,-0.01522362943038258
2026-05-01 08:15:00+00:00,M965,18.0,-0.01522362943038258
2026-05-01 08:15:00+00:00,M971,4412.0,-0.01522362943038258
2026-05-01 08:15:00+00:00,M972,0.0,-0.01522362943038258
2026-05-01 08:15:00+00:00,M991,0.0,-0.01522362943038258
2026-05-01 09:00:00+00:00,M029,0.0,-0.01254098880287391
2026-05-01 09:00:00+00:00,M037,0.0,-0.01254098880287391
2026-05-01 09:00:00+00:00,M104,2.0,-0.01254098880287391
2026-05-01 09:00:00+00:00,M162,0.0,-0.01254098880287391
2026-05-01 09:00:00+00:00,M164,0.0,-0.01254098880287391
2026-05-01 09:00:00+00:00,M185,56.0,-0.01254098880287391
2026-05-01 09:00:00+00:00,M204,0.0,-0.01254098880287391
2026-05-01 09:00:00+00:00,M238,0.0,-0.01254098880287391
2026-05-01 09:00:00+00:00,M265,6.0,-0.01254098880287391
2026-05-01 09:00:00+00:00,M318,0.0,-0.01254098880287391
2026-05-01 09:00:00+00:00,M336,0.0,-0.01254098880287391
2026-05-01 09:00:00+00:00,M348,0.0,-0.01254098880287391
2026-05-01 09:00:00+00:00,M362,0.0,-0.01254098880287391
2026-05-01 09:00:00+00:00,M378,79.0,-0.01254098880287391
2026-05-01 09:00:00+00:00,M392,0.0,-0.01254098880287391
2026-05-01 09:00:00+00:00,M419,0.0,-0.01254098880287391
2026-05-01 09:00:00+00:00,M430,0.0,-0.01254098880287391
2026-05-01 09:00:00+00:00,M452,0.0,-0.01254098880287391
2026-05-01 09:00:00+00:00,M474,0.0,-0.01254098880287391
2026-05-01 09:00:00+00:00,M475,0.0,-0.01254098880287391
2026-05-01 09:00:00+00:00,M490,0.0,-0.01254098880287391
2026-05-01 09:00:00+00:00,M494,0.0,-0.01254098880287391
2026-05-01 09:00:00+00:00,M516,0.0,-0.01254098880287391
2026-05-01 09:00:00+00:00,M520,2808.0,-0.01254098880287391
2026-05-01 09:00:00+00:00,M529,3.0,-0.01254098880287391
2026-05-01 09:00:00+00:00,M609,8.0,-0.01254098880287391
2026-05-01 09:00:00+00:00,M610,0.0,-0.01254098880287391
2026-05-01 09:00:00+00:00,M618,0.0,-0.01254098880287391
2026-05-01 09:00:00+00:00,M658,79.0,-0.01254098880287391
2026-05-01 09:00:00+00:00,M688,0.0,-0.01254098880287391
2026-05-01 09:00:00+00:00,M696,1230.0,-0.01254098880287391
2026-05-01 09:00:00+00:00,M719,0.0,-0.01254098880287391
2026-05-01 09:00:00+00:00,M736,1.0,-0.01254098880287391
2026-05-01 09:00:00+00:00,M767,0.0,-0.01254098880287391
2026-05-01 09:00:00+00:00,M779,4.0,-0.01254098880287391
2026-05-01 09:00:00+00:00,M786,83.0,-0.01254098880287391
2026-05-01 09:00:00+00:00,M841,3.0,-0.01254098880287391
2026-05-01 09:00:00+00:00,M843,0.0,-0.01254098880287391
2026-05-01 09:00:00+00:00,M855,0.0,-0.01254098880287391
2026-05-01 09:00:00+00:00,M874,317.0,-0.01254098880287391
2026-05-01 09:00:00+00:00,M899,5.0,-0.01254098880287391
2026-05-01 09:00:00+00:00,M904,2.0,-0.01254098880287391
2026-05-01 09:00:00+00:00,M965,10.0,-0.01254098880287391
2026-05-01 09:00:00+00:00,M971,4449.0,-0.01254098880287391
2026-05-01 09:00:00+00:00,M972,0.0,-0.01254098880287391
2026-05-01 09:00:00+00:00,M991,0.0,-0.01254098880287391
2026-05-01 12:40:00+00:00,M029,0.0,-0.02953743003960274
2026-05-01 12:40:00+00:00,M037,0.0,-0.02953743003960274
2026-05-01 12:40:00+00:00,M104,2.0,-0.02953743003960274
2026-05-01 12:40:00+00:00,M162,0.0,-0.02953743003960274
2026-05-01 12:40:00+00:00,M164,0.0,-0.02953743003960274
2026-05-01 12:40:00+00:00,M185,63.0,-0.02953743003960274
2026-05-01 12:40:00+00:00,M204,0.0,-0.02953743003960274
2026-05-01 12:40:00+00:00,M238,0.0,-0.02953743003960274
2026-05-01 12:40:00+00:00,M265,8.0,-0.02953743003960274
2026-05-01 12:40:00+00:00,M318,0.0,-0.02953743003960274
2026-05-01 12:40:00+00:00,M336,0.0,-0.02953743003960274
2026-05-01 12:40:00+00:00,M348,0.0,-0.02953743003960274
2026-05-01 12:40:00+00:00,M362,0.0,-0.02953743003960274
2026-05-01 12:40:00+00:00,M378,73.0,-0.02953743003960274
2026-05-01 12:40:00+00:00,M392,0.0,-0.02953743003960274
2026-05-01 12:40:00+00:00,M419,0.0,-0.02953743003960274
2026-05-01 12:40:00+00:00,M430,0.0,-0.02953743003960274
2026-05-01 12:40:00+00:00,M452,0.0,-0.02953743003960274
2026-05-01 12:40:00+00:00,M474,1.0,-0.02953743003960274
2026-05-01 12:40:00+00:00,M475,0.0,-0.02953743003960274
2026-05-01 12:40:00+00:00,M490,0.0,-0.02953743003960274
2026-05-01 12:40:00+00:00,M494,0.0,-0.02953743003960274
2026-05-01 12:40:00+00:00,M516,4.0,-0.02953743003960274
2026-05-01 12:40:00+00:00,M520,2755.0,-0.02953743003960274
2026-05-01 12:40:00+00:00,M529,1.0,-0.02953743003960274
2026-05-01 12:40:00+00:00,M609,9.0,-0.02953743003960274
2026-05-01 12:40:00+00:00,M610,0.0,-0.02953743003960274
2026-05-01 12:40:00+00:00,M618,0.0,-0.02953743003960274
2026-05-01 12:40:00+00:00,M658,73.0,-0.02953743003960274
2026-05-01 12:40:00+00:00,M688,0.0,-0.02953743003960274
2026-05-01 12:40:00+00:00,M696,1137.0,-0.02953743003960274
2026-05-01 12:40:00+00:00,M719,0.0,-0.02953743003960274
2026-05-01 12:40:00+00:00,M736,1.0,-0.02953743003960274
2026-05-01 12:40:00+00:00,M767,0.0,-0.02953743003960274
2026-05-01 12:40:00+00:00,M779,0.0,-0.02953743003960274
2026-05-01 12:40:00+00:00,M786,72.0,-0.02953743003960274
2026-05-01 12:40:00+00:00,M841,3.0,-0.02953743003960274
2026-05-01 12:40:00+00:00,M843,0.0,-0.02953743003960274
2026-05-01 12:40:00+00:00,M855,0.0,-0.02953743003960274
2026-05-01 12:40:00+00:00,M874,307.0,-0.02953743003960274
2026-05-01 12:40:00+00:00,M899,5.0,-0.02953743003960274
2026-05-01 12:40:00+00:00,M904,1.0,-0.02953743003960274
2026-05-01 12:40:00+00:00,M965,13.0,-0.02953743003960274
2026-05-01 12:40:00+00:00,M971,4306.0,-0.02953743003960274
2026-05-01 12:40:00+00:00,M972,0.0,-0.02953743003960274
2026-05-01 12:40:00+00:00,M991,0.0,-0.02953743003960274
2026-05-01 13:00:00+00:00,M029,0.0,-0.013884990447194379
2026-05-01 13:00:00+00:00,M037,0.0,-0.013884990447194379
2026-05-01 13:00:00+00:00,M104,0.0,-0.013884990447194379
2026-05-01 13:00:00+00:00,M162,0.0,-0.013884990447194379
2026-05-01 13:00:00+00:00,M164,0.0,-0.013884990447194379
2026-05-01 13:00:00+00:00,M185,49.0,-0.013884990447194379
2026-05-01 13:00:00+00:00,M204,0.0,-0.013884990447194379
2026-05-01 13:00:00+00:00,M238,0.0,-0.013884990447194379
2026-05-01 13:00:00+00:00,M265,3.0,-0.013884990447194379
2026-05-01 13:00:00+00:00,M318,0.0,-0.013884990447194379
2026-05-01 13:00:00+00:00,M336,0.0,-0.013884990447194379
2026-05-01 13:00:00+00:00,M348,0.0,-0.013884990447194379
2026-05-01 13:00:00+00:00,M362,0.0,-0.013884990447194379
2026-05-01 13:00:00+00:00,M378,75.0,-0.013884990447194379
2026-05-01 13:00:00+00:00,M392,0.0,-0.013884990447194379
2026-05-01 13:00:00+00:00,M419,0.0,-0.013884990447194379
2026-05-01 13:00:00+00:00,M430,0.0,-0.013884990447194379
2026-05-01 13:00:00+00:00,M452,0.0,-0.013884990447194379
2026-05-01 13:00:00+00:00,M474,0.0,-0.013884990447194379
2026-05-01 13:00:00+00:00,M475,0.0,-0.013884990447194379
2026-05-01 13:00:00+00:00,M490,0.0,-0.013884990447194379
2026-05-01 13:00:00+00:00,M494,0.0,-0.013884990447194379
2026-05-01 13:00:00+00:00,M516,7.0,-0.013884990447194379
2026-05-01 13:00:00+00:00,M520,2772.0,-0.013884990447194379
2026-05-01 13:00:00+00:00,M529,1.0,-0.013884990447194379
2026-05-01 13:00:00+00:00,M609,13.0,-0.013884990447194379
2026-05-01 13:00:00+00:00,M610,0.0,-0.013884990447194379
2026-05-01 13:00:00+00:00,M618,0.0,-0.013884990447194379
2026-05-01 13:00:00+00:00,M658,74.0,-0.013884990447194379
2026-05-01 13:00:00+00:00,M688,0.0,-0.013884990447194379
2026-05-01 13:00:00+00:00,M696,1173.0,-0.013884990447194379
2026-05-01 13:00:00+00:00,M719,0.0,-0.013884990447194379
2026-05-01 13:00:00+00:00,M736,0.0,-0.013884990447194379
2026-05-01 13:00:00+00:00,M767,0.0,-0.013884990447194379
2026-05-01 13:00:00+00:00,M779,6.0,-0.013884990447194379
2026-05-01 13:00:00+00:00,M786,80.0,-0.013884990447194379
2026-05-01 13:00:00+00:00,M841,6.0,-0.013884990447194379
2026-05-01 13:00:00+00:00,M843,0.0,-0.013884990447194379
2026-05-01 13:00:00+00:00,M855,0.0,-0.013884990447194379
2026-05-01 13:00:00+00:00,M874,273.0,-0.013884990447194379
2026-05-01 13:00:00+00:00,M899,2.0,-0.013884990447194379
2026-05-01 13:00:00+00:00,M904,0.0,-0.013884990447194379
2026-05-01 13:00:00+00:00,M965,6.0,-0.013884990447194379
2026-05-01 13:00:00+00:00,M971,4298.0,-0.013884990447194379
2026-05-01 13:00:00+00:00,M972,0.0,-0.013884990447194379
2026-05-01 13:00:00+00:00,M991,0.0,-0.013884990447194379
2026-05-01 13:40:00+00:00,M029,0.0,-0.012741542095933478
2026-05-01 13:40:00+00:00,M037,0.0,-0.012741542095933478
2026-05-01 13:40:00+00:00,M104,0.0,-0.012741542095933478
2026-05-01 13:40:00+00:00,M162,0.0,-0.012741542095933478
2026-05-01 13:40:00+00:00,M164,0.0,-0.012741542095933478
2026-05-01 13:40:00+00:00,M185,8.0,-0.012741542095933478
2026-05-01 13:40:00+00:00,M204,0.0,-0.012741542095933478
2026-05-01 13:40:00+00:00,M238,0.0,-0.012741542095933478
2026-05-01 13:40:00+00:00,M265,0.0,-0.012741542095933478
2026-05-01 13:40:00+00:00,M318,0.0,-0.012741542095933478
2026-05-01 13:40:00+00:00,M336,0.0,-0.012741542095933478
2026-05-01 13:40:00+00:00,M348,0.0,-0.012741542095933478
2026-05-01 13:40:00+00:00,M362,0.0,-0.012741542095933478
2026-05-01 13:40:00+00:00,M378,38.0,-0.012741542095933478
2026-05-01 13:40:00+00:00,M392,0.0,-0.012741542095933478
2026-05-01 13:40:00+00:00,M419,0.0,-0.012741542095933478
2026-05-01 13:40:00+00:00,M430,0.0,-0.012741542095933478
2026-05-01 13:40:00+00:00,M452,0.0,-0.012741542095933478
2026-05-01 13:40:00+00:00,M474,0.0,-0.012741542095933478
2026-05-01 13:40:00+00:00,M475,0.0,-0.012741542095933478
2026-05-01 13:40:00+00:00,M490,0.0,-0.012741542095933478
2026-05-01 13:40:00+00:00,M494,0.0,-0.012741542095933478
2026-05-01 13:40:00+00:00,M516,0.0,-0.012741542095933478
2026-05-01 13:40:00+00:00,M520,2326.0,-0.012741542095933478
2026-05-01 13:40:00+00:00,M529,0.0,-0.012741542095933478
2026-05-01 13:40:00+00:00,M609,0.0,-0.012741542095933478
2026-05-01 13:40:00+00:00,M610,0.0,-0.012741542095933478
2026-05-01 13:40:00+00:00,M618,0.0,-0.012741542095933478
2026-05-01 13:40:00+00:00,M658,38.0,-0.012741542095933478
2026-05-01 13:40:00+00:00,M688,0.0,-0.012741542095933478
2026-05-01 13:40:00+00:00,M696,495.0,-0.012741542095933478
2026-05-01 13:40:00+00:00,M719,0.0,-0.012741542095933478
2026-05-01 13:40:00+00:00,M736,0.0,-0.012741542095933478
2026-05-01 13:40:00+00:00,M767,0.0,-0.012741542095933478
2026-05-01 13:40:00+00:00,M779,9.0,-0.012741542095933478
2026-05-01 13:40:00+00:00,M786,43.0,-0.012741542095933478
2026-05-01 13:40:00+00:00,M841,0.0,-0.012741542095933478
2026-05-01 13:40:00+00:00,M843,0.0,-0.012741542095933478
2026-05-01 13:40:00+00:00,M855,0.0,-0.012741542095933478
2026-05-01 13:40:00+00:00,M874,13.0,-0.012741542095933478
2026-05-01 13:40:00+00:00,M899,0.0,-0.012741542095933478
2026-05-01 13:40:00+00:00,M904,0.0,-0.012741542095933478
2026-05-01 13:40:00+00:00,M965,9.0,-0.012741542095933478
2026-05-01 13:40:00+00:00,M971,2851.0,-0.012741542095933478
2026-05-01 13:40:00+00:00,M972,0.0,-0.012741542095933478
2026-05-01 13:40:00+00:00,M991,0.0,-0.012741542095933478
2026-05-02 02:10:00+00:00,M029,0.0,-0.004537487587195743
2026-05-02 02:10:00+00:00,M037,0.0,-0.004537487587195743
2026-05-02 02:10:00+00:00,M104,1.0,-0.004537487587195743
2026-05-02 02:10:00+00:00,M162,0.0,-0.004537487587195743
2026-05-02 02:10:00+00:00,M164,0.0,-0.004537487587195743
2026-05-02 02:10:00+00:00,M185,60.0,-0.004537487587195743
2026-05-02 02:10:00+00:00,M204,0.0,-0.004537487587195743
2026-05-02 02:10:00+00:00,M238,0.0,-0.004537487587195743
2026-05-02 02:10:00+00:00,M265,8.0,-0.004537487587195743
2026-05-02 02:10:00+00:00,M318,0.0,-0.004537487587195743
2026-05-02 02:10:00+00:00,M336,2.0,-0.004537487587195743
2026-05-02 02:10:00+00:00,M348,0.0,-0.004537487587195743
2026-05-02 02:10:00+00:00,M362,0.0,-0.004537487587195743
2026-05-02 02:10:00+00:00,M378,62.0,-0.004537487587195743
2026-05-02 02:10:00+00:00,M392,0.0,-0.004537487587195743
2026-05-02 02:10:00+00:00,M419,0.0,-0.004537487587195743
2026-05-02 02:10:00+00:00,M430,0.0,-0.004537487587195743
2026-05-02 02:10:00+00:00,M452,0.0,-0.004537487587195743
2026-05-02 02:10:00+00:00,M474,0.0,-0.004537487587195743
2026-05-02 02:10:00+00:00,M475,0.0,-0.004537487587195743
2026-05-02 02:10:00+00:00,M490,0.0,-0.004537487587195743
2026-05-02 02:10:00+00:00,M494,0.0,-0.004537487587195743
2026-05-02 02:10:00+00:00,M516,0.0,-0.004537487587195743
2026-05-02 02:10:00+00:00,M520,2899.0,-0.004537487587195743
2026-05-02 02:10:00+00:00,M529,2.0,-0.004537487587195743
2026-05-02 02:10:00+00:00,M609,13.0,-0.004537487587195743
2026-05-02 02:10:00+00:00,M610,0.0,-0.004537487587195743
2026-05-02 02:10:00+00:00,M618,0.0,-0.004537487587195743
2026-05-02 02:10:00+00:00,M658,59.0,-0.004537487587195743
2026-05-02 02:10:00+00:00,M688,0.0,-0.004537487587195743
2026-05-02 02:10:00+00:00,M696,1209.0,-0.004537487587195743
2026-05-02 02:10:00+00:00,M719,0.0,-0.004537487587195743
2026-05-02 02:10:00+00:00,M736,0.0,-0.004537487587195743
2026-05-02 02:10:00+00:00,M767,0.0,-0.004537487587195743
2026-05-02 02:10:00+00:00,M779,3.0,-0.004537487587195743
2026-05-02 02:10:00+00:00,M786,66.0,-0.004537487587195743
2026-05-02 02:10:00+00:00,M841,0.0,-0.004537487587195743
2026-05-02 02:10:00+00:00,M843,1.0,-0.004537487587195743
2026-05-02 02:10:00+00:00,M855,0.0,-0.004537487587195743
2026-05-02 02:10:00+00:00,M874,309.0,-0.004537487587195743
2026-05-02 02:10:00+00:00,M899,3.0,-0.004537487587195743
2026-05-02 02:10:00+00:00,M904,2.0,-0.004537487587195743
2026-05-02 02:10:00+00:00,M965,8.0,-0.004537487587195743
2026-05-02 02:10:00+00:00,M971,4512.0,-0.004537487587195743
2026-05-02 02:10:00+00:00,M972,0.0,-0.004537487587195743
2026-05-02 02:10:00+00:00,M991,0.0,-0.004537487587195743
2026-05-02 04:05:00+00:00,M029,0.0,-0.026844316849019445
2026-05-02 04:05:00+00:00,M037,0.0,-0.026844316849019445
2026-05-02 04:05:00+00:00,M104,1.0,-0.026844316849019445
2026-05-02 04:05:00+00:00,M162,0.0,-0.026844316849019445
2026-05-02 04:05:00+00:00,M164,0.0,-0.026844316849019445
2026-05-02 04:05:00+00:00,M185,56.0,-0.026844316849019445
2026-05-02 04:05:00+00:00,M204,0.0,-0.026844316849019445
2026-05-02 04:05:00+00:00,M238,0.0,-0.026844316849019445
2026-05-02 04:05:00+00:00,M265,8.0,-0.026844316849019445
2026-05-02 04:05:00+00:00,M318,0.0,-0.026844316849019445
2026-05-02 04:05:00+00:00,M336,0.0,-0.026844316849019445
2026-05-02 04:05:00+00:00,M348,0.0,-0.026844316849019445
2026-05-02 04:05:00+00:00,M362,0.0,-0.026844316849019445
2026-05-02 04:05:00+00:00,M378,79.0,-0.026844316849019445
2026-05-02 04:05:00+00:00,M392,0.0,-0.026844316849019445
2026-05-02 04:05:00+00:00,M419,0.0,-0.026844316849019445
2026-05-02 04:05:00+00:00,M430,0.0,-0.026844316849019445
2026-05-02 04:05:00+00:00,M452,0.0,-0.026844316849019445
2026-05-02 04:05:00+00:00,M474,0.0,-0.026844316849019445
2026-05-02 04:05:00+00:00,M475,0.0,-0.026844316849019445
2026-05-02 04:05:00+00:00,M490,0.0,-0.026844316849019445
2026-05-02 04:05:00+00:00,M494,0.0,-0.026844316849019445
2026-05-02 04:05:00+00:00,M516,6.0,-0.026844316849019445
2026-05-02 04:05:00+00:00,M520,2855.0,-0.026844316849019445
2026-05-02 04:05:00+00:00,M529,3.0,-0.026844316849019445
2026-05-02 04:05:00+00:00,M609,7.0,-0.026844316849019445
2026-05-02 04:05:00+00:00,M610,0.0,-0.026844316849019445
2026-05-02 04:05:00+00:00,M618,0.0,-0.026844316849019445
2026-05-02 04:05:00+00:00,M658,79.0,-0.026844316849019445
2026-05-02 04:05:00+00:00,M688,0.0,-0.026844316849019445
2026-05-02 04:05:00+00:00,M696,1247.0,-0.026844316849019445
2026-05-02 04:05:00+00:00,M719,0.0,-0.026844316849019445
2026-05-02 04:05:00+00:00,M736,0.0,-0.026844316849019445
2026-05-02 04:05:00+00:00,M767,0.0,-0.026844316849019445
2026-05-02 04:05:00+00:00,M779,3.0,-0.026844316849019445
2026-05-02 04:05:00+00:00,M786,88.0,-0.026844316849019445
2026-05-02 04:05:00+00:00,M841,5.0,-0.026844316849019445
2026-05-02 04:05:00+00:00,M843,0.0,-0.026844316849019445
2026-05-02 04:05:00+00:00,M855,0.0,-0.026844316849019445
2026-05-02 04:05:00+00:00,M874,357.0,-0.026844316849019445
2026-05-02 04:05:00+00:00,M899,1.0,-0.026844316849019445
2026-05-02 04:05:00+00:00,M904,2.0,-0.026844316849019445
2026-05-02 04:05:00+00:00,M965,5.0,-0.026844316849019445
2026-05-02 04:05:00+00:00,M971,4547.0,-0.026844316849019445
2026-05-02 04:05:00+00:00,M972,0.0,-0.026844316849019445
2026-05-02 04:05:00+00:00,M991,0.0,-0.026844316849019445
2026-05-02 04:10:00+00:00,M029,0.0,-0.0341373497014994
2026-05-02 04:10:00+00:00,M037,0.0,-0.0341373497014994
2026-05-02 04:10:00+00:00,M104,2.0,-0.0341373497014994
2026-05-02 04:10:00+00:00,M162,0.0,-0.0341373497014994
2026-05-02 04:10:00+00:00,M164,0.0,-0.0341373497014994
2026-05-02 04:10:00+00:00,M185,62.0,-0.0341373497014994
2026-05-02 04:10:00+00:00,M204,0.0,-0.0341373497014994
2026-05-02 04:10:00+00:00,M238,0.0,-0.0341373497014994
2026-05-02 04:10:00+00:00,M265,7.0,-0.0341373497014994
2026-05-02 04:10:00+00:00,M318,0.0,-0.0341373497014994
2026-05-02 04:10:00+00:00,M336,0.0,-0.0341373497014994
2026-05-02 04:10:00+00:00,M348,0.0,-0.0341373497014994
2026-05-02 04:10:00+00:00,M362,0.0,-0.0341373497014994
2026-05-02 04:10:00+00:00,M378,60.0,-0.0341373497014994
2026-05-02 04:10:00+00:00,M392,0.0,-0.0341373497014994
2026-05-02 04:10:00+00:00,M419,0.0,-0.0341373497014994
2026-05-02 04:10:00+00:00,M430,0.0,-0.0341373497014994
2026-05-02 04:10:00+00:00,M452,0.0,-0.0341373497014994
2026-05-02 04:10:00+00:00,M474,0.0,-0.0341373497014994
2026-05-02 04:10:00+00:00,M475,0.0,-0.0341373497014994
2026-05-02 04:10:00+00:00,M490,0.0,-0.0341373497014994
2026-05-02 04:10:00+00:00,M494,0.0,-0.0341373497014994
2026-05-02 04:10:00+00:00,M516,4.0,-0.0341373497014994
2026-05-02 04:10:00+00:00,M520,2969.0,-0.0341373497014994
2026-05-02 04:10:00+00:00,M529,0.0,-0.0341373497014994
2026-05-02 04:10:00+00:00,M609,4.0,-0.0341373497014994
2026-05-02 04:10:00+00:00,M610,0.0,-0.0341373497014994
2026-05-02 04:10:00+00:00,M618,0.0,-0.0341373497014994
2026-05-02 04:10:00+00:00,M658,59.0,-0.0341373497014994
2026-05-02 04:10:00+00:00,M688,0.0,-0.0341373497014994
2026-05-02 04:10:00+00:00,M696,1243.0,-0.0341373497014994
2026-05-02 04:10:00+00:00,M719,0.0,-0.0341373497014994
2026-05-02 04:10:00+00:00,M736,2.0,-0.0341373497014994
2026-05-02 04:10:00+00:00,M767,0.0,-0.0341373497014994
2026-05-02 04:10:00+00:00,M779,4.0,-0.0341373497014994
2026-05-02 04:10:00+00:00,M786,68.0,-0.0341373497014994
2026-05-02 04:10:00+00:00,M841,0.0,-0.0341373497014994
2026-05-02 04:10:00+00:00,M843,1.0,-0.0341373497014994
2026-05-02 04:10:00+00:00,M855,0.0,-0.0341373497014994
2026-05-02 04:10:00+00:00,M874,348.0,-0.0341373497014994
2026-05-02 04:10:00+00:00,M899,3.0,-0.0341373497014994
2026-05-02 04:10:00+00:00,M904,0.0,-0.0341373497014994
2026-05-02 04:10:00+00:00,M965,14.0,-0.0341373497014994
2026-05-02 04:10:00+00:00,M971,4651.0,-0.0341373497014994
2026-05-02 04:10:00+00:00,M972,0.0,-0.0341373497014994
2026-05-02 04:10:00+00:00,M991,0.0,-0.0341373497014994
2026-05-02 06:50:00+00:00,M029,0.0,-2.3661582351452992e-05
2026-05-02 06:50:00+00:00,M037,0.0,-2.3661582351452992e-05
2026-05-02 06:50:00+00:00,M104,3.0,-2.3661582351452992e-05
2026-05-02 06:50:00+00:00,M162,0.0,-2.3661582351452992e-05
2026-05-02 06:50:00+00:00,M164,0.0,-2.3661582351452992e-05
2026-05-02 06:50:00+00:00,M185,32.0,-2.3661582351452992e-05
2026-05-02 06:50:00+00:00,M204,0.0,-2.3661582351452992e-05
2026-05-02 06:50:00+00:00,M238,0.0,-2.3661582351452992e-05
2026-05-02 06:50:00+00:00,M265,12.0,-2.3661582351452992e-05
2026-05-02 06:50:00+00:00,M318,0.0,-2.3661582351452992e-05
2026-05-02 06:50:00+00:00,M336,0.0,-2.3661582351452992e-05
2026-05-02 06:50:00+00:00,M348,0.0,-2.3661582351452992e-05
2026-05-02 06:50:00+00:00,M362,0.0,-2.3661582351452992e-05
2026-05-02 06:50:00+00:00,M378,60.0,-2.3661582351452992e-05
2026-05-02 06:50:00+00:00,M392,0.0,-2.3661582351452992e-05
2026-05-02 06:50:00+00:00,M419,0.0,-2.3661582351452992e-05
2026-05-02 06:50:00+00:00,M430,0.0,-2.3661582351452992e-05
2026-05-02 06:50:00+00:00,M452,0.0,-2.3661582351452992e-05
2026-05-02 06:50:00+00:00,M474,0.0,-2.3661582351452992e-05
2026-05-02 06:50:00+00:00,M475,0.0,-2.3661582351452992e-05
2026-05-02 06:50:00+00:00,M490,1.0,-2.3661582351452992e-05
2026-05-02 06:50:00+00:00,M494,0.0,-2.3661582351452992e-05
2026-05-02 06:50:00+00:00,M516,1.0,-2.3661582351452992e-05
2026-05-02 06:50:00+00:00,M520,3021.0,-2.3661582351452992e-05
2026-05-02 06:50:00+00:00,M529,0.0,-2.3661582351452992e-05
2026-05-02 06:50:00+00:00,M609,9.0,-2.3661582351452992e-05
2026-05-02 06:50:00+00:00,M610,0.0,-2.3661582351452992e-05
2026-05-02 06:50:00+00:00,M618,0.0,-2.3661582351452992e-05
2026-05-02 06:50:00+00:00,M658,60.0,-2.3661582351452992e-05
2026-05-02 06:50:00+00:00,M688,0.0,-2.3661582351452992e-05
2026-05-02 06:50:00+00:00,M696,1240.0,-2.3661582351452992e-05
2026-05-02 06:50:00+00:00,M719,0.0,-2.3661582351452992e-05
2026-05-02 06:50:00+00:00,M736,0.0,-2.3661582351452992e-05
2026-05-02 06:50:00+00:00,M767,0.0,-2.3661582351452992e-05
2026-05-02 06:50:00+00:00,M779,6.0,-2.3661582351452992e-05
2026-05-02 06:50:00+00:00,M786,67.0,-2.3661582351452992e-05
2026-05-02 06:50:00+00:00,M841,2.0,-2.3661582351452992e-05
2026-05-02 06:50:00+00:00,M843,0.0,-2.3661582351452992e-05
2026-05-02 06:50:00+00:00,M855,0.0,-2.3661582351452992e-05
2026-05-02 06:50:00+00:00,M874,356.0,-2.3661582351452992e-05
2026-05-02 06:50:00+00:00,M899,4.0,-2.3661582351452992e-05
2026-05-02 06:50:00+00:00,M904,0.0,-2.3661582351452992e-05
2026-05-02 06:50:00+00:00,M965,4.0,-2.3661582351452992e-05
2026-05-02 06:50:00+00:00,M971,4679.0,-2.3661582351452992e-05
2026-05-02 06:50:00+00:00,M972,0.0,-2.3661582351452992e-05
2026-05-02 06:50:00+00:00,M991,0.0,-2.3661582351452992e-05
2026-05-02 09:15:00+00:00,M029,0.0,-0.07329537389620933
2026-05-02 09:15:00+00:00,M037,0.0,-0.07329537389620933
2026-05-02 09:15:00+00:00,M104,2.0,-0.07329537389620933
2026-05-02 09:15:00+00:00,M162,0.0,-0.07329537389620933
2026-05-02 09:15:00+00:00,M164,0.0,-0.07329537389620933
2026-05-02 09:15:00+00:00,M185,47.0,-0.07329537389620933
2026-05-02 09:15:00+00:00,M204,0.0,-0.07329537389620933
2026-05-02 09:15:00+00:00,M238,0.0,-0.07329537389620933
2026-05-02 09:15:00+00:00,M265,7.0,-0.07329537389620933
2026-05-02 09:15:00+00:00,M318,0.0,-0.07329537389620933
2026-05-02 09:15:00+00:00,M336,0.0,-0.07329537389620933
2026-05-02 09:15:00+00:00,M348,0.0,-0.07329537389620933
2026-05-02 09:15:00+00:00,M362,0.0,-0.07329537389620933
2026-05-02 09:15:00+00:00,M378,60.0,-0.07329537389620933
2026-05-02 09:15:00+00:00,M392,0.0,-0.07329537389620933
2026-05-02 09:15:00+00:00,M419,0.0,-0.07329537389620933
2026-05-02 09:15:00+00:00,M430,0.0,-0.07329537389620933
2026-05-02 09:15:00+00:00,M452,0.0,-0.07329537389620933
2026-05-02 09:15:00+00:00,M474,0.0,-0.07329537389620933
2026-05-02 09:15:00+00:00,M475,1.0,-0.07329537389620933
2026-05-02 09:15:00+00:00,M490,0.0,-0.07329537389620933
2026-05-02 09:15:00+00:00,M494,0.0,-0.07329537389620933
2026-05-02 09:15:00+00:00,M516,0.0,-0.07329537389620933
2026-05-02 09:15:00+00:00,M520,2999.0,-0.07329537389620933
2026-05-02 09:15:00+00:00,M529,0.0,-0.07329537389620933
2026-05-02 09:15:00+00:00,M609,17.0,-0.07329537389620933
2026-05-02 09:15:00+00:00,M610,0.0,-0.07329537389620933
2026-05-02 09:15:00+00:00,M618,0.0,-0.07329537389620933
2026-05-02 09:15:00+00:00,M658,59.0,-0.07329537389620933
2026-05-02 09:15:00+00:00,M688,0.0,-0.07329537389620933
2026-05-02 09:15:00+00:00,M696,1298.0,-0.07329537389620933
2026-05-02 09:15:00+00:00,M719,0.0,-0.07329537389620933
2026-05-02 09:15:00+00:00,M736,2.0,-0.07329537389620933
2026-05-02 09:15:00+00:00,M767,0.0,-0.07329537389620933
2026-05-02 09:15:00+00:00,M779,2.0,-0.07329537389620933
2026-05-02 09:15:00+00:00,M786,58.0,-0.07329537389620933
2026-05-02 09:15:00+00:00,M841,2.0,-0.07329537389620933
2026-05-02 09:15:00+00:00,M843,1.0,-0.07329537389620933
2026-05-02 09:15:00+00:00,M855,0.0,-0.07329537389620933
2026-05-02 09:15:00+00:00,M874,315.0,-0.07329537389620933
2026-05-02 09:15:00+00:00,M899,2.0,-0.07329537389620933
2026-05-02 09:15:00+00:00,M904,4.0,-0.07329537389620933
2026-05-02 09:15:00+00:00,M965,15.0,-0.07329537389620933
2026-05-02 09:15:00+00:00,M971,4722.0,-0.07329537389620933
2026-05-02 09:15:00+00:00,M972,0.0,-0.07329537389620933
2026-05-02 09:15:00+00:00,M991,0.0,-0.07329537389620933
2026-05-02 10:30:00+00:00,M029,1.0,-0.02180616995977347
2026-05-02 10:30:00+00:00,M037,0.0,-0.02180616995977347
2026-05-02 10:30:00+00:00,M104,3.0,-0.02180616995977347
2026-05-02 10:30:00+00:00,M162,0.0,-0.02180616995977347
2026-05-02 10:30:00+00:00,M164,0.0,-0.02180616995977347
2026-05-02 10:30:00+00:00,M185,53.0,-0.02180616995977347
2026-05-02 10:30:00+00:00,M204,0.0,-0.02180616995977347
2026-05-02 10:30:00+00:00,M238,0.0,-0.02180616995977347
2026-05-02 10:30:00+00:00,M265,7.0,-0.02180616995977347
2026-05-02 10:30:00+00:00,M318,0.0,-0.02180616995977347
2026-05-02 10:30:00+00:00,M336,0.0,-0.02180616995977347
2026-05-02 10:30:00+00:00,M348,0.0,-0.02180616995977347
2026-05-02 10:30:00+00:00,M362,0.0,-0.02180616995977347
2026-05-02 10:30:00+00:00,M378,76.0,-0.02180616995977347
2026-05-02 10:30:00+00:00,M392,0.0,-0.02180616995977347
2026-05-02 10:30:00+00:00,M419,0.0,-0.02180616995977347
2026-05-02 10:30:00+00:00,M430,0.0,-0.02180616995977347
2026-05-02 10:30:00+00:00,M452,0.0,-0.02180616995977347
2026-05-02 10:30:00+00:00,M474,0.0,-0.02180616995977347
2026-05-02 10:30:00+00:00,M475,0.0,-0.02180616995977347
2026-05-02 10:30:00+00:00,M490,0.0,-0.02180616995977347
2026-05-02 10:30:00+00:00,M494,0.0,-0.02180616995977347
2026-05-02 10:30:00+00:00,M516,4.0,-0.02180616995977347
2026-05-02 10:30:00+00:00,M520,3157.0,-0.02180616995977347
2026-05-02 10:30:00+00:00,M529,0.0,-0.02180616995977347
2026-05-02 10:30:00+00:00,M609,11.0,-0.02180616995977347
2026-05-02 10:30:00+00:00,M610,0.0,-0.02180616995977347
2026-05-02 10:30:00+00:00,M618,0.0,-0.02180616995977347
2026-05-02 10:30:00+00:00,M658,74.0,-0.02180616995977347
2026-05-02 10:30:00+00:00,M688,0.0,-0.02180616995977347
2026-05-02 10:30:00+00:00,M696,1299.0,-0.02180616995977347
2026-05-02 10:30:00+00:00,M719,0.0,-0.02180616995977347
2026-05-02 10:30:00+00:00,M736,0.0,-0.02180616995977347
2026-05-02 10:30:00+00:00,M767,0.0,-0.02180616995977347
2026-05-02 10:30:00+00:00,M779,4.0,-0.02180616995977347
2026-05-02 10:30:00+00:00,M786,78.0,-0.02180616995977347
2026-05-02 10:30:00+00:00,M841,1.0,-0.02180616995977347
2026-05-02 10:30:00+00:00,M843,0.0,-0.02180616995977347
2026-05-02 10:30:00+00:00,M855,0.0,-0.02180616995977347
2026-05-02 10:30:00+00:00,M874,344.0,-0.02180616995977347
2026-05-02 10:30:00+00:00,M899,5.0,-0.02180616995977347
2026-05-02 10:30:00+00:00,M904,1.0,-0.02180616995977347
2026-05-02 10:30:00+00:00,M965,8.0,-0.02180616995977347
2026-05-02 10:30:00+00:00,M971,4891.0,-0.02180616995977347
2026-05-02 10:30:00+00:00,M972,0.0,-0.02180616995977347
2026-05-02 10:30:00+00:00,M991,0.0,-0.02180616995977347
2026-05-02 10:40:00+00:00,M029,0.0,-0.035635907076600026
2026-05-02 10:40:00+00:00,M037,0.0,-0.035635907076600026
2026-05-02 10:40:00+00:00,M104,3.0,-0.035635907076600026
2026-05-02 10:40:00+00:00,M162,0.0,-0.035635907076600026
2026-05-02 10:40:00+00:00,M164,0.0,-0.035635907076600026
2026-05-02 10:40:00+00:00,M185,56.0,-0.035635907076600026
2026-05-02 10:40:00+00:00,M204,0.0,-0.035635907076600026
2026-05-02 10:40:00+00:00,M238,0.0,-0.035635907076600026
2026-05-02 10:40:00+00:00,M265,6.0,-0.035635907076600026
2026-05-02 10:40:00+00:00,M318,0.0,-0.035635907076600026
2026-05-02 10:40:00+00:00,M336,0.0,-0.035635907076600026
2026-05-02 10:40:00+00:00,M348,0.0,-0.035635907076600026
2026-05-02 10:40:00+00:00,M362,0.0,-0.035635907076600026
2026-05-02 10:40:00+00:00,M378,67.0,-0.035635907076600026
2026-05-02 10:40:00+00:00,M392,0.0,-0.035635907076600026
2026-05-02 10:40:00+00:00,M419,0.0,-0.035635907076600026
2026-05-02 10:40:00+00:00,M430,0.0,-0.035635907076600026
2026-05-02 10:40:00+00:00,M452,0.0,-0.035635907076600026
2026-05-02 10:40:00+00:00,M474,0.0,-0.035635907076600026
2026-05-02 10:40:00+00:00,M475,0.0,-0.035635907076600026
2026-05-02 10:40:00+00:00,M490,0.0,-0.035635907076600026
2026-05-02 10:40:00+00:00,M494,0.0,-0.035635907076600026
2026-05-02 10:40:00+00:00,M516,9.0,-0.035635907076600026
2026-05-02 10:40:00+00:00,M520,3098.0,-0.035635907076600026
2026-05-02 10:40:00+00:00,M529,2.0,-0.035635907076600026
2026-05-02 10:40:00+00:00,M609,7.0,-0.035635907076600026
2026-05-02 10:40:00+00:00,M610,0.0,-0.035635907076600026
2026-05-02 10:40:00+00:00,M618,0.0,-0.035635907076600026
2026-05-02 10:40:00+00:00,M658,64.0,-0.035635907076600026
2026-05-02 10:40:00+00:00,M688,0.0,-0.035635907076600026
2026-05-02 10:40:00+00:00,M696,1360.0,-0.035635907076600026
2026-05-02 10:40:00+00:00,M719,0.0,-0.035635907076600026
2026-05-02 10:40:00+00:00,M736,0.0,-0.035635907076600026
2026-05-02 10:40:00+00:00,M767,0.0,-0.035635907076600026
2026-05-02 10:40:00+00:00,M779,4.0,-0.035635907076600026
2026-05-02 10:40:00+00:00,M786,73.0,-0.035635907076600026
2026-05-02 10:40:00+00:00,M841,0.0,-0.035635907076600026
2026-05-02 10:40:00+00:00,M843,2.0,-0.035635907076600026
2026-05-02 10:40:00+00:00,M855,0.0,-0.035635907076600026
2026-05-02 10:40:00+00:00,M874,317.0,-0.035635907076600026
2026-05-02 10:40:00+00:00,M899,4.0,-0.035635907076600026
2026-05-02 10:40:00+00:00,M904,0.0,-0.035635907076600026
2026-05-02 10:40:00+00:00,M965,10.0,-0.035635907076600026
2026-05-02 10:40:00+00:00,M971,4867.0,-0.035635907076600026
2026-05-02 10:40:00+00:00,M972,0.0,-0.035635907076600026
2026-05-02 10:40:00+00:00,M991,0.0,-0.035635907076600026
2026-05-02 10:45:00+00:00,M029,0.0,-0.06175131031443948
2026-05-02 10:45:00+00:00,M037,0.0,-0.06175131031443948
2026-05-02 10:45:00+00:00,M104,1.0,-0.06175131031443948
2026-05-02 10:45:00+00:00,M162,0.0,-0.06175131031443948
2026-05-02 10:45:00+00:00,M164,0.0,-0.06175131031443948
2026-05-02 10:45:00+00:00,M185,61.0,-0.06175131031443948
2026-05-02 10:45:00+00:00,M204,0.0,-0.06175131031443948
2026-05-02 10:45:00+00:00,M238,0.0,-0.06175131031443948
2026-05-02 10:45:00+00:00,M265,11.0,-0.06175131031443948
2026-05-02 10:45:00+00:00,M318,0.0,-0.06175131031443948
2026-05-02 10:45:00+00:00,M336,0.0,-0.06175131031443948
2026-05-02 10:45:00+00:00,M348,0.0,-0.06175131031443948
2026-05-02 10:45:00+00:00,M362,0.0,-0.06175131031443948
2026-05-02 10:45:00+00:00,M378,61.0,-0.06175131031443948
2026-05-02 10:45:00+00:00,M392,0.0,-0.06175131031443948
2026-05-02 10:45:00+00:00,M419,0.0,-0.06175131031443948
2026-05-02 10:45:00+00:00,M430,0.0,-0.06175131031443948
2026-05-02 10:45:00+00:00,M452,0.0,-0.06175131031443948
2026-05-02 10:45:00+00:00,M474,1.0,-0.06175131031443948
2026-05-02 10:45:00+00:00,M475,0.0,-0.06175131031443948
2026-05-02 10:45:00+00:00,M490,2.0,-0.06175131031443948
2026-05-02 10:45:00+00:00,M494,0.0,-0.06175131031443948
2026-05-02 10:45:00+00:00,M516,13.0,-0.06175131031443948
2026-05-02 10:45:00+00:00,M520,3166.0,-0.06175131031443948
2026-05-02 10:45:00+00:00,M529,0.0,-0.06175131031443948
2026-05-02 10:45:00+00:00,M609,7.0,-0.06175131031443948
2026-05-02 10:45:00+00:00,M610,0.0,-0.06175131031443948
2026-05-02 10:45:00+00:00,M618,0.0,-0.06175131031443948
2026-05-02 10:45:00+00:00,M658,60.0,-0.06175131031443948
2026-05-02 10:45:00+00:00,M688,0.0,-0.06175131031443948
2026-05-02 10:45:00+00:00,M696,1351.0,-0.06175131031443948
2026-05-02 10:45:00+00:00,M719,0.0,-0.06175131031443948
2026-05-02 10:45:00+00:00,M736,0.0,-0.06175131031443948
2026-05-02 10:45:00+00:00,M767,0.0,-0.06175131031443948
2026-05-02 10:45:00+00:00,M779,4.0,-0.06175131031443948
2026-05-02 10:45:00+00:00,M786,78.0,-0.06175131031443948
2026-05-02 10:45:00+00:00,M841,1.0,-0.06175131031443948
2026-05-02 10:45:00+00:00,M843,0.0,-0.06175131031443948
2026-05-02 10:45:00+00:00,M855,0.0,-0.06175131031443948
2026-05-02 10:45:00+00:00,M874,312.0,-0.06175131031443948
2026-05-02 10:45:00+00:00,M899,0.0,-0.06175131031443948
2026-05-02 10:45:00+00:00,M904,0.0,-0.06175131031443948
2026-05-02 10:45:00+00:00,M965,18.0,-0.06175131031443948
2026-05-02 10:45:00+00:00,M971,4928.0,-0.06175131031443948
2026-05-02 10:45:00+00:00,M972,0.0,-0.06175131031443948
2026-05-02 10:45:00+00:00,M991,0.0,-0.06175131031443948
2026-05-02 10:50:00+00:00,M029,0.0,-0.04004640147370231
2026-05-02 10:50:00+00:00,M037,0.0,-0.04004640147370231
2026-05-02 10:50:00+00:00,M104,0.0,-0.04004640147370231
2026-05-02 10:50:00+00:00,M162,0.0,-0.04004640147370231
2026-05-02 10:50:00+00:00,M164,0.0,-0.04004640147370231
2026-05-02 10:50:00+00:00,M185,63.0,-0.04004640147370231
2026-05-02 10:50:00+00:00,M204,0.0,-0.04004640147370231
2026-05-02 10:50:00+00:00,M238,0.0,-0.04004640147370231
2026-05-02 10:50:00+00:00,M265,8.0,-0.04004640147370231
2026-05-02 10:50:00+00:00,M318,0.0,-0.04004640147370231
2026-05-02 10:50:00+00:00,M336,0.0,-0.04004640147370231
2026-05-02 10:50:00+00:00,M348,0.0,-0.04004640147370231
2026-05-02 10:50:00+00:00,M362,0.0,-0.04004640147370231
2026-05-02 10:50:00+00:00,M378,60.0,-0.04004640147370231
2026-05-02 10:50:00+00:00,M392,0.0,-0.04004640147370231
2026-05-02 10:50:00+00:00,M419,0.0,-0.04004640147370231
2026-05-02 10:50:00+00:00,M430,0.0,-0.04004640147370231
2026-05-02 10:50:00+00:00,M452,0.0,-0.04004640147370231
2026-05-02 10:50:00+00:00,M474,1.0,-0.04004640147370231
2026-05-02 10:50:00+00:00,M475,0.0,-0.04004640147370231
2026-05-02 10:50:00+00:00,M490,0.0,-0.04004640147370231
2026-05-02 10:50:00+00:00,M494,0.0,-0.04004640147370231
2026-05-02 10:50:00+00:00,M516,11.0,-0.04004640147370231
2026-05-02 10:50:00+00:00,M520,3302.0,-0.04004640147370231
2026-05-02 10:50:00+00:00,M529,0.0,-0.04004640147370231
2026-05-02 10:50:00+00:00,M609,9.0,-0.04004640147370231
2026-05-02 10:50:00+00:00,M610,0.0,-0.04004640147370231
2026-05-02 10:50:00+00:00,M618,0.0,-0.04004640147370231
2026-05-02 10:50:00+00:00,M658,58.0,-0.04004640147370231
2026-05-02 10:50:00+00:00,M688,0.0,-0.04004640147370231
2026-05-02 10:50:00+00:00,M696,1325.0,-0.04004640147370231
2026-05-02 10:50:00+00:00,M719,0.0,-0.04004640147370231
2026-05-02 10:50:00+00:00,M736,0.0,-0.04004640147370231
2026-05-02 10:50:00+00:00,M767,0.0,-0.04004640147370231
2026-05-02 10:50:00+00:00,M779,10.0,-0.04004640147370231
2026-05-02 10:50:00+00:00,M786,74.0,-0.04004640147370231
2026-05-02 10:50:00+00:00,M841,3.0,-0.04004640147370231
2026-05-02 10:50:00+00:00,M843,0.0,-0.04004640147370231
2026-05-02 10:50:00+00:00,M855,0.0,-0.04004640147370231
2026-05-02 10:50:00+00:00,M874,318.0,-0.04004640147370231
2026-05-02 10:50:00+00:00,M899,7.0,-0.04004640147370231
2026-05-02 10:50:00+00:00,M904,1.0,-0.04004640147370231
2026-05-02 10:50:00+00:00,M965,10.0,-0.04004640147370231
2026-05-02 10:50:00+00:00,M971,5044.0,-0.04004640147370231
2026-05-02 10:50:00+00:00,M972,0.0,-0.04004640147370231
2026-05-02 10:50:00+00:00,M991,0.0,-0.04004640147370231
2026-05-02 10:55:00+00:00,M029,0.0,-0.015270418190569734
2026-05-02 10:55:00+00:00,M037,0.0,-0.015270418190569734
2026-05-02 10:55:00+00:00,M104,3.0,-0.015270418190569734
2026-05-02 10:55:00+00:00,M162,0.0,-0.015270418190569734
2026-05-02 10:55:00+00:00,M164,0.0,-0.015270418190569734
2026-05-02 10:55:00+00:00,M185,43.0,-0.015270418190569734
2026-05-02 10:55:00+00:00,M204,0.0,-0.015270418190569734
2026-05-02 10:55:00+00:00,M238,0.0,-0.015270418190569734
2026-05-02 10:55:00+00:00,M265,8.0,-0.015270418190569734
2026-05-02 10:55:00+00:00,M318,0.0,-0.015270418190569734
2026-05-02 10:55:00+00:00,M336,0.0,-0.015270418190569734
2026-05-02 10:55:00+00:00,M348,0.0,-0.015270418190569734
2026-05-02 10:55:00+00:00,M362,0.0,-0.015270418190569734
2026-05-02 10:55:00+00:00,M378,48.0,-0.015270418190569734
2026-05-02 10:55:00+00:00,M392,0.0,-0.015270418190569734
2026-05-02 10:55:00+00:00,M419,0.0,-0.015270418190569734
2026-05-02 10:55:00+00:00,M430,0.0,-0.015270418190569734
2026-05-02 10:55:00+00:00,M452,0.0,-0.015270418190569734
2026-05-02 10:55:00+00:00,M474,0.0,-0.015270418190569734
2026-05-02 10:55:00+00:00,M475,0.0,-0.015270418190569734
2026-05-02 10:55:00+00:00,M490,0.0,-0.015270418190569734
2026-05-02 10:55:00+00:00,M494,0.0,-0.015270418190569734
2026-05-02 10:55:00+00:00,M516,8.0,-0.015270418190569734
2026-05-02 10:55:00+00:00,M520,3175.0,-0.015270418190569734
2026-05-02 10:55:00+00:00,M529,1.0,-0.015270418190569734
2026-05-02 10:55:00+00:00,M609,17.0,-0.015270418190569734
2026-05-02 10:55:00+00:00,M610,0.0,-0.015270418190569734
2026-05-02 10:55:00+00:00,M618,0.0,-0.015270418190569734
2026-05-02 10:55:00+00:00,M658,46.0,-0.015270418190569734
2026-05-02 10:55:00+00:00,M688,0.0,-0.015270418190569734
2026-05-02 10:55:00+00:00,M696,1295.0,-0.015270418190569734
2026-05-02 10:55:00+00:00,M719,0.0,-0.015270418190569734
2026-05-02 10:55:00+00:00,M736,2.0,-0.015270418190569734
2026-05-02 10:55:00+00:00,M767,0.0,-0.015270418190569734
2026-05-02 10:55:00+00:00,M779,9.0,-0.015270418190569734
2026-05-02 10:55:00+00:00,M786,64.0,-0.015270418190569734
2026-05-02 10:55:00+00:00,M841,0.0,-0.015270418190569734
2026-05-02 10:55:00+00:00,M843,0.0,-0.015270418190569734
2026-05-02 10:55:00+00:00,M855,0.0,-0.015270418190569734
2026-05-02 10:55:00+00:00,M874,313.0,-0.015270418190569734
2026-05-02 10:55:00+00:00,M899,4.0,-0.015270418190569734
2026-05-02 10:55:00+00:00,M904,0.0,-0.015270418190569734
2026-05-02 10:55:00+00:00,M965,2.0,-0.015270418190569734
2026-05-02 10:55:00+00:00,M971,4859.0,-0.015270418190569734
2026-05-02 10:55:00+00:00,M972,0.0,-0.015270418190569734
2026-05-02 10:55:00+00:00,M991,0.0,-0.015270418190569734
2026-05-02 11:00:00+00:00,M029,0.0,-0.027939464392961688
2026-05-02 11:00:00+00:00,M037,0.0,-0.027939464392961688
2026-05-02 11:00:00+00:00,M104,8.0,-0.027939464392961688
2026-05-02 11:00:00+00:00,M162,0.0,-0.027939464392961688
2026-05-02 11:00:00+00:00,M164,0.0,-0.027939464392961688
2026-05-02 11:00:00+00:00,M185,55.0,-0.027939464392961688
2026-05-02 11:00:00+00:00,M204,0.0,-0.027939464392961688
2026-05-02 11:00:00+00:00,M238,0.0,-0.027939464392961688
2026-05-02 11:00:00+00:00,M265,6.0,-0.027939464392961688
2026-05-02 11:00:00+00:00,M318,0.0,-0.027939464392961688
2026-05-02 11:00:00+00:00,M336,0.0,-0.027939464392961688
2026-05-02 11:00:00+00:00,M348,0.0,-0.027939464392961688
2026-05-02 11:00:00+00:00,M362,0.0,-0.027939464392961688
2026-05-02 11:00:00+00:00,M378,65.0,-0.027939464392961688
2026-05-02 11:00:00+00:00,M392,0.0,-0.027939464392961688
2026-05-02 11:00:00+00:00,M419,0.0,-0.027939464392961688
2026-05-02 11:00:00+00:00,M430,0.0,-0.027939464392961688
2026-05-02 11:00:00+00:00,M452,0.0,-0.027939464392961688
2026-05-02 11:00:00+00:00,M474,0.0,-0.027939464392961688
2026-05-02 11:00:00+00:00,M475,0.0,-0.027939464392961688
2026-05-02 11:00:00+00:00,M490,0.0,-0.027939464392961688
2026-05-02 11:00:00+00:00,M494,0.0,-0.027939464392961688
2026-05-02 11:00:00+00:00,M516,6.0,-0.027939464392961688
2026-05-02 11:00:00+00:00,M520,3193.0,-0.027939464392961688
2026-05-02 11:00:00+00:00,M529,2.0,-0.027939464392961688
2026-05-02 11:00:00+00:00,M609,7.0,-0.027939464392961688
2026-05-02 11:00:00+00:00,M610,0.0,-0.027939464392961688
2026-05-02 11:00:00+00:00,M618,0.0,-0.027939464392961688
2026-05-02 11:00:00+00:00,M658,65.0,-0.027939464392961688
2026-05-02 11:00:00+00:00,M688,0.0,-0.027939464392961688
2026-05-02 11:00:00+00:00,M696,1292.0,-0.027939464392961688
2026-05-02 11:00:00+00:00,M719,0.0,-0.027939464392961688
2026-05-02 11:00:00+00:00,M736,0.0,-0.027939464392961688
2026-05-02 11:00:00+00:00,M767,0.0,-0.027939464392961688
2026-05-02 11:00:00+00:00,M779,4.0,-0.027939464392961688
2026-05-02 11:00:00+00:00,M786,72.0,-0.027939464392961688
2026-05-02 11:00:00+00:00,M841,4.0,-0.027939464392961688
2026-05-02 11:00:00+00:00,M843,0.0,-0.027939464392961688
2026-05-02 11:00:00+00:00,M855,0.0,-0.027939464392961688
2026-05-02 11:00:00+00:00,M874,334.0,-0.027939464392961688
2026-05-02 11:00:00+00:00,M899,6.0,-0.027939464392961688
2026-05-02 11:00:00+00:00,M904,4.0,-0.027939464392961688
2026-05-02 11:00:00+00:00,M965,18.0,-0.027939464392961688
2026-05-02 11:00:00+00:00,M971,4930.0,-0.027939464392961688
2026-05-02 11:00:00+00:00,M972,0.0,-0.027939464392961688
2026-05-02 11:00:00+00:00,M991,0.0,-0.027939464392961688
2026-05-02 11:20:00+00:00,M029,0.0,-0.009355233553962505
2026-05-02 11:20:00+00:00,M037,0.0,-0.009355233553962505
2026-05-02 11:20:00+00:00,M104,4.0,-0.009355233553962505
2026-05-02 11:20:00+00:00,M162,0.0,-0.009355233553962505
2026-05-02 11:20:00+00:00,M164,0.0,-0.009355233553962505
2026-05-02 11:20:00+00:00,M185,49.0,-0.009355233553962505
2026-05-02 11:20:00+00:00,M204,0.0,-0.009355233553962505
2026-05-02 11:20:00+00:00,M238,0.0,-0.009355233553962505
2026-05-02 11:20:00+00:00,M265,1.0,-0.009355233553962505
2026-05-02 11:20:00+00:00,M318,0.0,-0.009355233553962505
2026-05-02 11:20:00+00:00,M336,0.0,-0.009355233553962505
2026-05-02 11:20:00+00:00,M348,0.0,-0.009355233553962505
2026-05-02 11:20:00+00:00,M362,0.0,-0.009355233553962505
2026-05-02 11:20:00+00:00,M378,65.0,-0.009355233553962505
2026-05-02 11:20:00+00:00,M392,0.0,-0.009355233553962505
2026-05-02 11:20:00+00:00,M419,0.0,-0.009355233553962505
2026-05-02 11:20:00+00:00,M430,0.0,-0.009355233553962505
2026-05-02 11:20:00+00:00,M452,0.0,-0.009355233553962505
2026-05-02 11:20:00+00:00,M474,0.0,-0.009355233553962505
2026-05-02 11:20:00+00:00,M475,0.0,-0.009355233553962505
2026-05-02 11:20:00+00:00,M490,0.0,-0.009355233553962505
2026-05-02 11:20:00+00:00,M494,0.0,-0.009355233553962505
2026-05-02 11:20:00+00:00,M516,0.0,-0.009355233553962505
2026-05-02 11:20:00+00:00,M520,3179.0,-0.009355233553962505
2026-05-02 11:20:00+00:00,M529,1.0,-0.009355233553962505
2026-05-02 11:20:00+00:00,M609,14.0,-0.009355233553962505
2026-05-02 11:20:00+00:00,M610,0.0,-0.009355233553962505
2026-05-02 11:20:00+00:00,M618,0.0,-0.009355233553962505
2026-05-02 11:20:00+00:00,M658,65.0,-0.009355233553962505
2026-05-02 11:20:00+00:00,M688,0.0,-0.009355233553962505
2026-05-02 11:20:00+00:00,M696,1317.0,-0.009355233553962505
2026-05-02 11:20:00+00:00,M719,0.0,-0.009355233553962505
2026-05-02 11:20:00+00:00,M736,1.0,-0.009355233553962505
2026-05-02 11:20:00+00:00,M767,0.0,-0.009355233553962505
2026-05-02 11:20:00+00:00,M779,1.0,-0.009355233553962505
2026-05-02 11:20:00+00:00,M786,63.0,-0.009355233553962505
2026-05-02 11:20:00+00:00,M841,3.0,-0.009355233553962505
2026-05-02 11:20:00+00:00,M843,0.0,-0.009355233553962505
2026-05-02 11:20:00+00:00,M855,0.0,-0.009355233553962505
2026-05-02 11:20:00+00:00,M874,329.0,-0.009355233553962505
2026-05-02 11:20:00+00:00,M899,5.0,-0.009355233553962505
2026-05-02 11:20:00+00:00,M904,3.0,-0.009355233553962505
2026-05-02 11:20:00+00:00,M965,1.0,-0.009355233553962505
2026-05-02 11:20:00+00:00,M971,4909.0,-0.009355233553962505
2026-05-02 11:20:00+00:00,M972,0.0,-0.009355233553962505
2026-05-02 11:20:00+00:00,M991,0.0,-0.009355233553962505
2026-05-02 11:40:00+00:00,M029,1.0,-0.06359241271386895
2026-05-02 11:40:00+00:00,M037,0.0,-0.06359241271386895
2026-05-02 11:40:00+00:00,M104,1.0,-0.06359241271386895
2026-05-02 11:40:00+00:00,M162,0.0,-0.06359241271386895
2026-05-02 11:40:00+00:00,M164,0.0,-0.06359241271386895
2026-05-02 11:40:00+00:00,M185,38.0,-0.06359241271386895
2026-05-02 11:40:00+00:00,M204,0.0,-0.06359241271386895
2026-05-02 11:40:00+00:00,M238,0.0,-0.06359241271386895
2026-05-02 11:40:00+00:00,M265,4.0,-0.06359241271386895
2026-05-02 11:40:00+00:00,M318,0.0,-0.06359241271386895
2026-05-02 11:40:00+00:00,M336,0.0,-0.06359241271386895
2026-05-02 11:40:00+00:00,M348,0.0,-0.06359241271386895
2026-05-02 11:40:00+00:00,M362,0.0,-0.06359241271386895
2026-05-02 11:40:00+00:00,M378,68.0,-0.06359241271386895
2026-05-02 11:40:00+00:00,M392,0.0,-0.06359241271386895
2026-05-02 11:40:00+00:00,M419,0.0,-0.06359241271386895
2026-05-02 11:40:00+00:00,M430,0.0,-0.06359241271386895
2026-05-02 11:40:00+00:00,M452,0.0,-0.06359241271386895
2026-05-02 11:40:00+00:00,M474,0.0,-0.06359241271386895
2026-05-02 11:40:00+00:00,M475,0.0,-0.06359241271386895
2026-05-02 11:40:00+00:00,M490,1.0,-0.06359241271386895
2026-05-02 11:40:00+00:00,M494,0.0,-0.06359241271386895
2026-05-02 11:40:00+00:00,M516,7.0,-0.06359241271386895
2026-05-02 11:40:00+00:00,M520,3135.0,-0.06359241271386895
2026-05-02 11:40:00+00:00,M529,0.0,-0.06359241271386895
2026-05-02 11:40:00+00:00,M609,19.0,-0.06359241271386895
2026-05-02 11:40:00+00:00,M610,0.0,-0.06359241271386895
2026-05-02 11:40:00+00:00,M618,0.0,-0.06359241271386895
2026-05-02 11:40:00+00:00,M658,67.0,-0.06359241271386895
2026-05-02 11:40:00+00:00,M688,0.0,-0.06359241271386895
2026-05-02 11:40:00+00:00,M696,1348.0,-0.06359241271386895
2026-05-02 11:40:00+00:00,M719,0.0,-0.06359241271386895
2026-05-02 11:40:00+00:00,M736,0.0,-0.06359241271386895
2026-05-02 11:40:00+00:00,M767,0.0,-0.06359241271386895
2026-05-02 11:40:00+00:00,M779,9.0,-0.06359241271386895
2026-05-02 11:40:00+00:00,M786,73.0,-0.06359241271386895
2026-05-02 11:40:00+00:00,M841,2.0,-0.06359241271386895
2026-05-02 11:40:00+00:00,M843,0.0,-0.06359241271386895
2026-05-02 11:40:00+00:00,M855,0.0,-0.06359241271386895
2026-05-02 11:40:00+00:00,M874,377.0,-0.06359241271386895
2026-05-02 11:40:00+00:00,M899,4.0,-0.06359241271386895
2026-05-02 11:40:00+00:00,M904,1.0,-0.06359241271386895
2026-05-02 11:40:00+00:00,M965,14.0,-0.06359241271386895
2026-05-02 11:40:00+00:00,M971,4949.0,-0.06359241271386895
2026-05-02 11:40:00+00:00,M972,0.0,-0.06359241271386895
2026-05-02 11:40:00+00:00,M991,0.0,-0.06359241271386895
2026-05-02 12:00:00+00:00,M029,0.0,-0.05769314672341408
2026-05-02 12:00:00+00:00,M037,0.0,-0.05769314672341408
2026-05-02 12:00:00+00:00,M104,4.0,-0.05769314672341408
2026-05-02 12:00:00+00:00,M162,0.0,-0.05769314672341408
2026-05-02 12:00:00+00:00,M164,0.0,-0.05769314672341408
2026-05-02 12:00:00+00:00,M185,45.0,-0.05769314672341408
2026-05-02 12:00:00+00:00,M204,0.0,-0.05769314672341408
2026-05-02 12:00:00+00:00,M238,0.0,-0.05769314672341408
2026-05-02 12:00:00+00:00,M265,5.0,-0.05769314672341408
2026-05-02 12:00:00+00:00,M318,0.0,-0.05769314672341408
2026-05-02 12:00:00+00:00,M336,1.0,-0.05769314672341408
2026-05-02 12:00:00+00:00,M348,0.0,-0.05769314672341408
2026-05-02 12:00:00+00:00,M362,0.0,-0.05769314672341408
2026-05-02 12:00:00+00:00,M378,63.0,-0.05769314672341408
2026-05-02 12:00:00+00:00,M392,0.0,-0.05769314672341408
2026-05-02 12:00:00+00:00,M419,0.0,-0.05769314672341408
2026-05-02 12:00:00+00:00,M430,0.0,-0.05769314672341408
2026-05-02 12:00:00+00:00,M452,0.0,-0.05769314672341408
2026-05-02 12:00:00+00:00,M474,0.0,-0.05769314672341408
2026-05-02 12:00:00+00:00,M475,0.0,-0.05769314672341408
2026-05-02 12:00:00+00:00,M490,0.0,-0.05769314672341408
2026-05-02 12:00:00+00:00,M494,0.0,-0.05769314672341408
2026-05-02 12:00:00+00:00,M516,11.0,-0.05769314672341408
2026-05-02 12:00:00+00:00,M520,3093.0,-0.05769314672341408
2026-05-02 12:00:00+00:00,M529,3.0,-0.05769314672341408
2026-05-02 12:00:00+00:00,M609,9.0,-0.05769314672341408
2026-05-02 12:00:00+00:00,M610,0.0,-0.05769314672341408
2026-05-02 12:00:00+00:00,M618,0.0,-0.05769314672341408
2026-05-02 12:00:00+00:00,M658,60.0,-0.05769314672341408
2026-05-02 12:00:00+00:00,M688,0.0,-0.05769314672341408
2026-05-02 12:00:00+00:00,M696,1302.0,-0.05769314672341408
2026-05-02 12:00:00+00:00,M719,0.0,-0.05769314672341408
2026-05-02 12:00:00+00:00,M736,1.0,-0.05769314672341408
2026-05-02 12:00:00+00:00,M767,0.0,-0.05769314672341408
2026-05-02 12:00:00+00:00,M779,5.0,-0.05769314672341408
2026-05-02 12:00:00+00:00,M786,72.0,-0.05769314672341408
2026-05-02 12:00:00+00:00,M841,5.0,-0.05769314672341408
2026-05-02 12:00:00+00:00,M843,0.0,-0.05769314672341408
2026-05-02 12:00:00+00:00,M855,0.0,-0.05769314672341408
2026-05-02 12:00:00+00:00,M874,374.0,-0.05769314672341408
2026-05-02 12:00:00+00:00,M899,2.0,-0.05769314672341408
2026-05-02 12:00:00+00:00,M904,2.0,-0.05769314672341408
2026-05-02 12:00:00+00:00,M965,8.0,-0.05769314672341408
2026-05-02 12:00:00+00:00,M971,4850.0,-0.05769314672341408
2026-05-02 12:00:00+00:00,M972,0.0,-0.05769314672341408
2026-05-02 12:00:00+00:00,M991,0.0,-0.05769314672341408
2026-05-02 12:20:00+00:00,M029,1.0,-0.043279421653911854
2026-05-02 12:20:00+00:00,M037,0.0,-0.043279421653911854
2026-05-02 12:20:00+00:00,M104,0.0,-0.043279421653911854
2026-05-02 12:20:00+00:00,M162,0.0,-0.043279421653911854
2026-05-02 12:20:00+00:00,M164,0.0,-0.043279421653911854
2026-05-02 12:20:00+00:00,M185,47.0,-0.043279421653911854
2026-05-02 12:20:00+00:00,M204,0.0,-0.043279421653911854
2026-05-02 12:20:00+00:00,M238,0.0,-0.043279421653911854
2026-05-02 12:20:00+00:00,M265,4.0,-0.043279421653911854
2026-05-02 12:20:00+00:00,M318,0.0,-0.043279421653911854
2026-05-02 12:20:00+00:00,M336,0.0,-0.043279421653911854
2026-05-02 12:20:00+00:00,M348,0.0,-0.043279421653911854
2026-05-02 12:20:00+00:00,M362,0.0,-0.043279421653911854
2026-05-02 12:20:00+00:00,M378,84.0,-0.043279421653911854
2026-05-02 12:20:00+00:00,M392,0.0,-0.043279421653911854
2026-05-02 12:20:00+00:00,M419,0.0,-0.043279421653911854
2026-05-02 12:20:00+00:00,M430,0.0,-0.043279421653911854
2026-05-02 12:20:00+00:00,M452,0.0,-0.043279421653911854
2026-05-02 12:20:00+00:00,M474,0.0,-0.043279421653911854
2026-05-02 12:20:00+00:00,M475,0.0,-0.043279421653911854
2026-05-02 12:20:00+00:00,M490,1.0,-0.043279421653911854
2026-05-02 12:20:00+00:00,M494,0.0,-0.043279421653911854
2026-05-02 12:20:00+00:00,M516,4.0,-0.043279421653911854
2026-05-02 12:20:00+00:00,M520,3151.0,-0.043279421653911854
2026-05-02 12:20:00+00:00,M529,2.0,-0.043279421653911854
2026-05-02 12:20:00+00:00,M609,7.0,-0.043279421653911854
2026-05-02 12:20:00+00:00,M610,0.0,-0.043279421653911854
2026-05-02 12:20:00+00:00,M618,0.0,-0.043279421653911854
2026-05-02 12:20:00+00:00,M658,83.0,-0.043279421653911854
2026-05-02 12:20:00+00:00,M688,0.0,-0.043279421653911854
2026-05-02 12:20:00+00:00,M696,1285.0,-0.043279421653911854
2026-05-02 12:20:00+00:00,M719,0.0,-0.043279421653911854
2026-05-02 12:20:00+00:00,M736,0.0,-0.043279421653911854
2026-05-02 12:20:00+00:00,M767,0.0,-0.043279421653911854
2026-05-02 12:20:00+00:00,M779,1.0,-0.043279421653911854
2026-05-02 12:20:00+00:00,M786,82.0,-0.043279421653911854
2026-05-02 12:20:00+00:00,M841,3.0,-0.043279421653911854
2026-05-02 12:20:00+00:00,M843,0.0,-0.043279421653911854
2026-05-02 12:20:00+00:00,M855,0.0,-0.043279421653911854
2026-05-02 12:20:00+00:00,M874,331.0,-0.043279421653911854
2026-05-02 12:20:00+00:00,M899,4.0,-0.043279421653911854
2026-05-02 12:20:00+00:00,M904,1.0,-0.043279421653911854
2026-05-02 12:20:00+00:00,M965,10.0,-0.043279421653911854
2026-05-02 12:20:00+00:00,M971,4845.0,-0.043279421653911854
2026-05-02 12:20:00+00:00,M972,0.0,-0.043279421653911854
2026-05-02 12:20:00+00:00,M991,0.0,-0.043279421653911854
2026-05-02 13:30:00+00:00,M029,0.0,-0.043447019039162815
2026-05-02 13:30:00+00:00,M037,0.0,-0.043447019039162815
2026-05-02 13:30:00+00:00,M104,2.0,-0.043447019039162815
2026-05-02 13:30:00+00:00,M162,0.0,-0.043447019039162815
2026-05-02 13:30:00+00:00,M164,0.0,-0.043447019039162815
2026-05-02 13:30:00+00:00,M185,39.0,-0.043447019039162815
2026-05-02 13:30:00+00:00,M204,0.0,-0.043447019039162815
2026-05-02 13:30:00+00:00,M238,0.0,-0.043447019039162815
2026-05-02 13:30:00+00:00,M265,7.0,-0.043447019039162815
2026-05-02 13:30:00+00:00,M318,0.0,-0.043447019039162815
2026-05-02 13:30:00+00:00,M336,0.0,-0.043447019039162815
2026-05-02 13:30:00+00:00,M348,0.0,-0.043447019039162815
2026-05-02 13:30:00+00:00,M362,0.0,-0.043447019039162815
2026-05-02 13:30:00+00:00,M378,83.0,-0.043447019039162815
2026-05-02 13:30:00+00:00,M392,0.0,-0.043447019039162815
2026-05-02 13:30:00+00:00,M419,0.0,-0.043447019039162815
2026-05-02 13:30:00+00:00,M430,0.0,-0.043447019039162815
2026-05-02 13:30:00+00:00,M452,0.0,-0.043447019039162815
2026-05-02 13:30:00+00:00,M474,0.0,-0.043447019039162815
2026-05-02 13:30:00+00:00,M475,0.0,-0.043447019039162815
2026-05-02 13:30:00+00:00,M490,1.0,-0.043447019039162815
2026-05-02 13:30:00+00:00,M494,0.0,-0.043447019039162815
2026-05-02 13:30:00+00:00,M516,14.0,-0.043447019039162815
2026-05-02 13:30:00+00:00,M520,3159.0,-0.043447019039162815
2026-05-02 13:30:00+00:00,M529,1.0,-0.043447019039162815
2026-05-02 13:30:00+00:00,M609,8.0,-0.043447019039162815
2026-05-02 13:30:00+00:00,M610,0.0,-0.043447019039162815
2026-05-02 13:30:00+00:00,M618,0.0,-0.043447019039162815
2026-05-02 13:30:00+00:00,M658,78.0,-0.043447019039162815
2026-05-02 13:30:00+00:00,M688,0.0,-0.043447019039162815
2026-05-02 13:30:00+00:00,M696,1351.0,-0.043447019039162815
2026-05-02 13:30:00+00:00,M719,0.0,-0.043447019039162815
2026-05-02 13:30:00+00:00,M736,0.0,-0.043447019039162815
2026-05-02 13:30:00+00:00,M767,0.0,-0.043447019039162815
2026-05-02 13:30:00+00:00,M779,6.0,-0.043447019039162815
2026-05-02 13:30:00+00:00,M786,77.0,-0.043447019039162815
2026-05-02 13:30:00+00:00,M841,2.0,-0.043447019039162815
2026-05-02 13:30:00+00:00,M843,0.0,-0.043447019039162815
2026-05-02 13:30:00+00:00,M855,0.0,-0.043447019039162815
2026-05-02 13:30:00+00:00,M874,329.0,-0.043447019039162815
2026-05-02 13:30:00+00:00,M899,8.0,-0.043447019039162815
2026-05-02 13:30:00+00:00,M904,3.0,-0.043447019039162815
2026-05-02 13:30:00+00:00,M965,10.0,-0.043447019039162815
2026-05-02 13:30:00+00:00,M971,4918.0,-0.043447019039162815
2026-05-02 13:30:00+00:00,M972,0.0,-0.043447019039162815
2026-05-02 13:30:00+00:00,M991,0.0,-0.043447019039162815
2026-05-02 13:35:00+00:00,M029,0.0,-0.015592522868086212
2026-05-02 13:35:00+00:00,M037,0.0,-0.015592522868086212
2026-05-02 13:35:00+00:00,M104,4.0,-0.015592522868086212
2026-05-02 13:35:00+00:00,M162,0.0,-0.015592522868086212
2026-05-02 13:35:00+00:00,M164,0.0,-0.015592522868086212
2026-05-02 13:35:00+00:00,M185,42.0,-0.015592522868086212
2026-05-02 13:35:00+00:00,M204,0.0,-0.015592522868086212
2026-05-02 13:35:00+00:00,M238,0.0,-0.015592522868086212
2026-05-02 13:35:00+00:00,M265,3.0,-0.015592522868086212
2026-05-02 13:35:00+00:00,M318,0.0,-0.015592522868086212
2026-05-02 13:35:00+00:00,M336,0.0,-0.015592522868086212
2026-05-02 13:35:00+00:00,M348,0.0,-0.015592522868086212
2026-05-02 13:35:00+00:00,M362,0.0,-0.015592522868086212
2026-05-02 13:35:00+00:00,M378,50.0,-0.015592522868086212
2026-05-02 13:35:00+00:00,M392,0.0,-0.015592522868086212
2026-05-02 13:35:00+00:00,M419,0.0,-0.015592522868086212
2026-05-02 13:35:00+00:00,M430,0.0,-0.015592522868086212
2026-05-02 13:35:00+00:00,M452,0.0,-0.015592522868086212
2026-05-02 13:35:00+00:00,M474,0.0,-0.015592522868086212
2026-05-02 13:35:00+00:00,M475,0.0,-0.015592522868086212
2026-05-02 13:35:00+00:00,M490,0.0,-0.015592522868086212
2026-05-02 13:35:00+00:00,M494,0.0,-0.015592522868086212
2026-05-02 13:35:00+00:00,M516,8.0,-0.015592522868086212
2026-05-02 13:35:00+00:00,M520,3119.0,-0.015592522868086212
2026-05-02 13:35:00+00:00,M529,1.0,-0.015592522868086212
2026-05-02 13:35:00+00:00,M609,6.0,-0.015592522868086212
2026-05-02 13:35:00+00:00,M610,0.0,-0.015592522868086212
2026-05-02 13:35:00+00:00,M618,0.0,-0.015592522868086212
2026-05-02 13:35:00+00:00,M658,49.0,-0.015592522868086212
2026-05-02 13:35:00+00:00,M688,0.0,-0.015592522868086212
2026-05-02 13:35:00+00:00,M696,1322.0,-0.015592522868086212
2026-05-02 13:35:00+00:00,M719,0.0,-0.015592522868086212
2026-05-02 13:35:00+00:00,M736,2.0,-0.015592522868086212
2026-05-02 13:35:00+00:00,M767,0.0,-0.015592522868086212
2026-05-02 13:35:00+00:00,M779,2.0,-0.015592522868086212
2026-05-02 13:35:00+00:00,M786,52.0,-0.015592522868086212
2026-05-02 13:35:00+00:00,M841,1.0,-0.015592522868086212
2026-05-02 13:35:00+00:00,M843,0.0,-0.015592522868086212
2026-05-02 13:35:00+00:00,M855,0.0,-0.015592522868086212
2026-05-02 13:35:00+00:00,M874,341.0,-0.015592522868086212
2026-05-02 13:35:00+00:00,M899,4.0,-0.015592522868086212
2026-05-02 13:35:00+00:00,M904,6.0,-0.015592522868086212
2026-05-02 13:35:00+00:00,M965,14.0,-0.015592522868086212
2026-05-02 13:35:00+00:00,M971,4865.0,-0.015592522868086212
2026-05-02 13:35:00+00:00,M972,0.0,-0.015592522868086212
2026-05-02 13:35:00+00:00,M991,0.0,-0.015592522868086212
2026-05-03 08:50:00+00:00,M029,0.0,-0.055720922242471715
2026-05-03 08:50:00+00:00,M037,0.0,-0.055720922242471715
2026-05-03 08:50:00+00:00,M104,1.0,-0.055720922242471715
2026-05-03 08:50:00+00:00,M162,0.0,-0.055720922242471715
2026-05-03 08:50:00+00:00,M164,0.0,-0.055720922242471715
2026-05-03 08:50:00+00:00,M185,47.0,-0.055720922242471715
2026-05-03 08:50:00+00:00,M204,0.0,-0.055720922242471715
2026-05-03 08:50:00+00:00,M238,0.0,-0.055720922242471715
2026-05-03 08:50:00+00:00,M265,6.0,-0.055720922242471715
2026-05-03 08:50:00+00:00,M318,0.0,-0.055720922242471715
2026-05-03 08:50:00+00:00,M336,0.0,-0.055720922242471715
2026-05-03 08:50:00+00:00,M348,0.0,-0.055720922242471715
2026-05-03 08:50:00+00:00,M362,0.0,-0.055720922242471715
2026-05-03 08:50:00+00:00,M378,67.0,-0.055720922242471715
2026-05-03 08:50:00+00:00,M392,0.0,-0.055720922242471715
2026-05-03 08:50:00+00:00,M419,0.0,-0.055720922242471715
2026-05-03 08:50:00+00:00,M430,0.0,-0.055720922242471715
2026-05-03 08:50:00+00:00,M452,0.0,-0.055720922242471715
2026-05-03 08:50:00+00:00,M474,0.0,-0.055720922242471715
2026-05-03 08:50:00+00:00,M475,0.0,-0.055720922242471715
2026-05-03 08:50:00+00:00,M490,1.0,-0.055720922242471715
2026-05-03 08:50:00+00:00,M494,0.0,-0.055720922242471715
2026-05-03 08:50:00+00:00,M516,5.0,-0.055720922242471715
2026-05-03 08:50:00+00:00,M520,3655.0,-0.055720922242471715
2026-05-03 08:50:00+00:00,M529,2.0,-0.055720922242471715
2026-05-03 08:50:00+00:00,M609,6.0,-0.055720922242471715
2026-05-03 08:50:00+00:00,M610,0.0,-0.055720922242471715
2026-05-03 08:50:00+00:00,M618,0.0,-0.055720922242471715
2026-05-03 08:50:00+00:00,M658,65.0,-0.055720922242471715
2026-05-03 08:50:00+00:00,M688,0.0,-0.055720922242471715
2026-05-03 08:50:00+00:00,M696,1449.0,-0.055720922242471715
2026-05-03 08:50:00+00:00,M719,0.0,-0.055720922242471715
2026-05-03 08:50:00+00:00,M736,0.0,-0.055720922242471715
2026-05-03 08:50:00+00:00,M767,0.0,-0.055720922242471715
2026-05-03 08:50:00+00:00,M779,3.0,-0.055720922242471715
2026-05-03 08:50:00+00:00,M786,74.0,-0.055720922242471715
2026-05-03 08:50:00+00:00,M841,2.0,-0.055720922242471715
2026-05-03 08:50:00+00:00,M843,1.0,-0.055720922242471715
2026-05-03 08:50:00+00:00,M855,0.0,-0.055720922242471715
2026-05-03 08:50:00+00:00,M874,318.0,-0.055720922242471715
2026-05-03 08:50:00+00:00,M899,2.0,-0.055720922242471715
2026-05-03 08:50:00+00:00,M904,3.0,-0.055720922242471715
2026-05-03 08:50:00+00:00,M965,24.0,-0.055720922242471715
2026-05-03 08:50:00+00:00,M971,5513.0,-0.055720922242471715
2026-05-03 08:50:00+00:00,M972,0.0,-0.055720922242471715
2026-05-03 08:50:00+00:00,M991,0.0,-0.055720922242471715
2026-05-03 08:55:00+00:00,M029,1.0,-0.028219141805972292
2026-05-03 08:55:00+00:00,M037,0.0,-0.028219141805972292
2026-05-03 08:55:00+00:00,M104,3.0,-0.028219141805972292
2026-05-03 08:55:00+00:00,M162,0.0,-0.028219141805972292
2026-05-03 08:55:00+00:00,M164,0.0,-0.028219141805972292
2026-05-03 08:55:00+00:00,M185,59.0,-0.028219141805972292
2026-05-03 08:55:00+00:00,M204,0.0,-0.028219141805972292
2026-05-03 08:55:00+00:00,M238,0.0,-0.028219141805972292
2026-05-03 08:55:00+00:00,M265,13.0,-0.028219141805972292
2026-05-03 08:55:00+00:00,M318,0.0,-0.028219141805972292
2026-05-03 08:55:00+00:00,M336,0.0,-0.028219141805972292
2026-05-03 08:55:00+00:00,M348,0.0,-0.028219141805972292
2026-05-03 08:55:00+00:00,M362,0.0,-0.028219141805972292
2026-05-03 08:55:00+00:00,M378,57.0,-0.028219141805972292
2026-05-03 08:55:00+00:00,M392,0.0,-0.028219141805972292
2026-05-03 08:55:00+00:00,M419,0.0,-0.028219141805972292
2026-05-03 08:55:00+00:00,M430,0.0,-0.028219141805972292
2026-05-03 08:55:00+00:00,M452,0.0,-0.028219141805972292
2026-05-03 08:55:00+00:00,M474,0.0,-0.028219141805972292
2026-05-03 08:55:00+00:00,M475,0.0,-0.028219141805972292
2026-05-03 08:55:00+00:00,M490,0.0,-0.028219141805972292
2026-05-03 08:55:00+00:00,M494,0.0,-0.028219141805972292
2026-05-03 08:55:00+00:00,M516,8.0,-0.028219141805972292
2026-05-03 08:55:00+00:00,M520,3551.0,-0.028219141805972292
2026-05-03 08:55:00+00:00,M529,0.0,-0.028219141805972292
2026-05-03 08:55:00+00:00,M609,11.0,-0.028219141805972292
2026-05-03 08:55:00+00:00,M610,0.0,-0.028219141805972292
2026-05-03 08:55:00+00:00,M618,0.0,-0.028219141805972292
2026-05-03 08:55:00+00:00,M658,54.0,-0.028219141805972292
2026-05-03 08:55:00+00:00,M688,0.0,-0.028219141805972292
2026-05-03 08:55:00+00:00,M696,1501.0,-0.028219141805972292
2026-05-03 08:55:00+00:00,M719,0.0,-0.028219141805972292
2026-05-03 08:55:00+00:00,M736,1.0,-0.028219141805972292
2026-05-03 08:55:00+00:00,M767,0.0,-0.028219141805972292
2026-05-03 08:55:00+00:00,M779,9.0,-0.028219141805972292
2026-05-03 08:55:00+00:00,M786,69.0,-0.028219141805972292
2026-05-03 08:55:00+00:00,M841,1.0,-0.028219141805972292
2026-05-03 08:55:00+00:00,M843,0.0,-0.028219141805972292
2026-05-03 08:55:00+00:00,M855,0.0,-0.028219141805972292
2026-05-03 08:55:00+00:00,M874,346.0,-0.028219141805972292
2026-05-03 08:55:00+00:00,M899,1.0,-0.028219141805972292
2026-05-03 08:55:00+00:00,M904,0.0,-0.028219141805972292
2026-05-03 08:55:00+00:00,M965,5.0,-0.028219141805972292
2026-05-03 08:55:00+00:00,M971,5496.0,-0.028219141805972292
2026-05-03 08:55:00+00:00,M972,0.0,-0.028219141805972292
2026-05-03 08:55:00+00:00,M991,0.0,-0.028219141805972292
2026-05-03 09:20:00+00:00,M029,0.0,-0.01575432609664007
2026-05-03 09:20:00+00:00,M037,0.0,-0.01575432609664007
2026-05-03 09:20:00+00:00,M104,0.0,-0.01575432609664007
2026-05-03 09:20:00+00:00,M162,0.0,-0.01575432609664007
2026-05-03 09:20:00+00:00,M164,0.0,-0.01575432609664007
2026-05-03 09:20:00+00:00,M185,52.0,-0.01575432609664007
2026-05-03 09:20:00+00:00,M204,0.0,-0.01575432609664007
2026-05-03 09:20:00+00:00,M238,0.0,-0.01575432609664007
2026-05-03 09:20:00+00:00,M265,7.0,-0.01575432609664007
2026-05-03 09:20:00+00:00,M318,0.0,-0.01575432609664007
2026-05-03 09:20:00+00:00,M336,0.0,-0.01575432609664007
2026-05-03 09:20:00+00:00,M348,0.0,-0.01575432609664007
2026-05-03 09:20:00+00:00,M362,0.0,-0.01575432609664007
2026-05-03 09:20:00+00:00,M378,65.0,-0.01575432609664007
2026-05-03 09:20:00+00:00,M392,0.0,-0.01575432609664007
2026-05-03 09:20:00+00:00,M419,0.0,-0.01575432609664007
2026-05-03 09:20:00+00:00,M430,0.0,-0.01575432609664007
2026-05-03 09:20:00+00:00,M452,0.0,-0.01575432609664007
2026-05-03 09:20:00+00:00,M474,1.0,-0.01575432609664007
2026-05-03 09:20:00+00:00,M475,0.0,-0.01575432609664007
2026-05-03 09:20:00+00:00,M490,0.0,-0.01575432609664007
2026-05-03 09:20:00+00:00,M494,0.0,-0.01575432609664007
2026-05-03 09:20:00+00:00,M516,1.0,-0.01575432609664007
2026-05-03 09:20:00+00:00,M520,3555.0,-0.01575432609664007
2026-05-03 09:20:00+00:00,M529,2.0,-0.01575432609664007
2026-05-03 09:20:00+00:00,M609,3.0,-0.01575432609664007
2026-05-03 09:20:00+00:00,M610,0.0,-0.01575432609664007
2026-05-03 09:20:00+00:00,M618,0.0,-0.01575432609664007
2026-05-03 09:20:00+00:00,M658,64.0,-0.01575432609664007
2026-05-03 09:20:00+00:00,M688,0.0,-0.01575432609664007
2026-05-03 09:20:00+00:00,M696,1470.0,-0.01575432609664007
2026-05-03 09:20:00+00:00,M719,0.0,-0.01575432609664007
2026-05-03 09:20:00+00:00,M736,0.0,-0.01575432609664007
2026-05-03 09:20:00+00:00,M767,0.0,-0.01575432609664007
2026-05-03 09:20:00+00:00,M779,2.0,-0.01575432609664007
2026-05-03 09:20:00+00:00,M786,65.0,-0.01575432609664007
2026-05-03 09:20:00+00:00,M841,5.0,-0.01575432609664007
2026-05-03 09:20:00+00:00,M843,0.0,-0.01575432609664007
2026-05-03 09:20:00+00:00,M855,0.0,-0.01575432609664007
2026-05-03 09:20:00+00:00,M874,318.0,-0.01575432609664007
2026-05-03 09:20:00+00:00,M899,7.0,-0.01575432609664007
2026-05-03 09:20:00+00:00,M904,0.0,-0.01575432609664007
2026-05-03 09:20:00+00:00,M965,5.0,-0.01575432609664007
2026-05-03 09:20:00+00:00,M971,5427.0,-0.01575432609664007
2026-05-03 09:20:00+00:00,M972,0.0,-0.01575432609664007
2026-05-03 09:20:00+00:00,M991,0.0,-0.01575432609664007
2026-05-03 23:45:00+00:00,M029,0.0,-0.03682665364333071
2026-05-03 23:45:00+00:00,M037,0.0,-0.03682665364333071
2026-05-03 23:45:00+00:00,M104,9.0,-0.03682665364333071
2026-05-03 23:45:00+00:00,M162,0.0,-0.03682665364333071
2026-05-03 23:45:00+00:00,M164,0.0,-0.03682665364333071
2026-05-03 23:45:00+00:00,M185,59.0,-0.03682665364333071
2026-05-03 23:45:00+00:00,M204,0.0,-0.03682665364333071
2026-05-03 23:45:00+00:00,M238,0.0,-0.03682665364333071
2026-05-03 23:45:00+00:00,M265,9.0,-0.03682665364333071
2026-05-03 23:45:00+00:00,M318,0.0,-0.03682665364333071
2026-05-03 23:45:00+00:00,M336,0.0,-0.03682665364333071
2026-05-03 23:45:00+00:00,M348,0.0,-0.03682665364333071
2026-05-03 23:45:00+00:00,M362,0.0,-0.03682665364333071
2026-05-03 23:45:00+00:00,M378,29.0,-0.03682665364333071
2026-05-03 23:45:00+00:00,M392,0.0,-0.03682665364333071
2026-05-03 23:45:00+00:00,M419,0.0,-0.03682665364333071
2026-05-03 23:45:00+00:00,M430,0.0,-0.03682665364333071
2026-05-03 23:45:00+00:00,M452,0.0,-0.03682665364333071
2026-05-03 23:45:00+00:00,M474,0.0,-0.03682665364333071
2026-05-03 23:45:00+00:00,M475,0.0,-0.03682665364333071
2026-05-03 23:45:00+00:00,M490,1.0,-0.03682665364333071
2026-05-03 23:45:00+00:00,M494,0.0,-0.03682665364333071
2026-05-03 23:45:00+00:00,M516,14.0,-0.03682665364333071
2026-05-03 23:45:00+00:00,M520,3820.0,-0.03682665364333071
2026-05-03 23:45:00+00:00,M529,4.0,-0.03682665364333071
2026-05-03 23:45:00+00:00,M609,14.0,-0.03682665364333071
2026-05-03 23:45:00+00:00,M610,0.0,-0.03682665364333071
2026-05-03 23:45:00+00:00,M618,0.0,-0.03682665364333071
2026-05-03 23:45:00+00:00,M658,27.0,-0.03682665364333071
2026-05-03 23:45:00+00:00,M688,0.0,-0.03682665364333071
2026-05-03 23:45:00+00:00,M696,1503.0,-0.03682665364333071
2026-05-03 23:45:00+00:00,M719,0.0,-0.03682665364333071
2026-05-03 23:45:00+00:00,M736,0.0,-0.03682665364333071
2026-05-03 23:45:00+00:00,M767,0.0,-0.03682665364333071
2026-05-03 23:45:00+00:00,M779,6.0,-0.03682665364333071
2026-05-03 23:45:00+00:00,M786,44.0,-0.03682665364333071
2026-05-03 23:45:00+00:00,M841,3.0,-0.03682665364333071
2026-05-03 23:45:00+00:00,M843,0.0,-0.03682665364333071
2026-05-03 23:45:00+00:00,M855,0.0,-0.03682665364333071
2026-05-03 23:45:00+00:00,M874,260.0,-0.03682665364333071
2026-05-03 23:45:00+00:00,M899,3.0,-0.03682665364333071
2026-05-03 23:45:00+00:00,M904,1.0,-0.03682665364333071
2026-05-03 23:45:00+00:00,M965,10.0,-0.03682665364333071
2026-05-03 23:45:00+00:00,M971,5685.0,-0.03682665364333071
2026-05-03 23:45:00+00:00,M972,0.0,-0.03682665364333071
2026-05-03 23:45:00+00:00,M991,0.0,-0.03682665364333071
2026-05-04 00:05:00+00:00,M029,0.0,-0.052018146932400366
2026-05-04 00:05:00+00:00,M037,0.0,-0.052018146932400366
2026-05-04 00:05:00+00:00,M104,5.0,-0.052018146932400366
2026-05-04 00:05:00+00:00,M162,0.0,-0.052018146932400366
2026-05-04 00:05:00+00:00,M164,0.0,-0.052018146932400366
2026-05-04 00:05:00+00:00,M185,45.0,-0.052018146932400366
2026-05-04 00:05:00+00:00,M204,0.0,-0.052018146932400366
2026-05-04 00:05:00+00:00,M238,0.0,-0.052018146932400366
2026-05-04 00:05:00+00:00,M265,10.0,-0.052018146932400366
2026-05-04 00:05:00+00:00,M318,0.0,-0.052018146932400366
2026-05-04 00:05:00+00:00,M336,0.0,-0.052018146932400366
2026-05-04 00:05:00+00:00,M348,0.0,-0.052018146932400366
2026-05-04 00:05:00+00:00,M362,0.0,-0.052018146932400366
2026-05-04 00:05:00+00:00,M378,42.0,-0.052018146932400366
2026-05-04 00:05:00+00:00,M392,0.0,-0.052018146932400366
2026-05-04 00:05:00+00:00,M419,0.0,-0.052018146932400366
2026-05-04 00:05:00+00:00,M430,0.0,-0.052018146932400366
2026-05-04 00:05:00+00:00,M452,0.0,-0.052018146932400366
2026-05-04 00:05:00+00:00,M474,0.0,-0.052018146932400366
2026-05-04 00:05:00+00:00,M475,0.0,-0.052018146932400366
2026-05-04 00:05:00+00:00,M490,0.0,-0.052018146932400366
2026-05-04 00:05:00+00:00,M494,0.0,-0.052018146932400366
2026-05-04 00:05:00+00:00,M516,8.0,-0.052018146932400366
2026-05-04 00:05:00+00:00,M520,3654.0,-0.052018146932400366
2026-05-04 00:05:00+00:00,M529,3.0,-0.052018146932400366
2026-05-04 00:05:00+00:00,M609,10.0,-0.052018146932400366
2026-05-04 00:05:00+00:00,M610,0.0,-0.052018146932400366
2026-05-04 00:05:00+00:00,M618,0.0,-0.052018146932400366
2026-05-04 00:05:00+00:00,M658,41.0,-0.052018146932400366
2026-05-04 00:05:00+00:00,M688,0.0,-0.052018146932400366
2026-05-04 00:05:00+00:00,M696,1523.0,-0.052018146932400366
2026-05-04 00:05:00+00:00,M719,0.0,-0.052018146932400366
2026-05-04 00:05:00+00:00,M736,0.0,-0.052018146932400366
2026-05-04 00:05:00+00:00,M767,0.0,-0.052018146932400366
2026-05-04 00:05:00+00:00,M779,14.0,-0.052018146932400366
2026-05-04 00:05:00+00:00,M786,59.0,-0.052018146932400366
2026-05-04 00:05:00+00:00,M841,3.0,-0.052018146932400366
2026-05-04 00:05:00+00:00,M843,1.0,-0.052018146932400366
2026-05-04 00:05:00+00:00,M855,0.0,-0.052018146932400366
2026-05-04 00:05:00+00:00,M874,315.0,-0.052018146932400366
2026-05-04 00:05:00+00:00,M899,2.0,-0.052018146932400366
2026-05-04 00:05:00+00:00,M904,2.0,-0.052018146932400366
2026-05-04 00:05:00+00:00,M965,6.0,-0.052018146932400366
2026-05-04 00:05:00+00:00,M971,5575.0,-0.052018146932400366
2026-05-04 00:05:00+00:00,M972,0.0,-0.052018146932400366
2026-05-04 00:05:00+00:00,M991,0.0,-0.052018146932400366
2026-05-04 00:10:00+00:00,M029,0.0,-0.01606210913362771
2026-05-04 00:10:00+00:00,M037,0.0,-0.01606210913362771
2026-05-04 00:10:00+00:00,M104,7.0,-0.01606210913362771
2026-05-04 00:10:00+00:00,M162,0.0,-0.01606210913362771
2026-05-04 00:10:00+00:00,M164,0.0,-0.01606210913362771
2026-05-04 00:10:00+00:00,M185,61.0,-0.01606210913362771
2026-05-04 00:10:00+00:00,M204,0.0,-0.01606210913362771
2026-05-04 00:10:00+00:00,M238,0.0,-0.01606210913362771
2026-05-04 00:10:00+00:00,M265,14.0,-0.01606210913362771
2026-05-04 00:10:00+00:00,M318,0.0,-0.01606210913362771
2026-05-04 00:10:00+00:00,M336,0.0,-0.01606210913362771
2026-05-04 00:10:00+00:00,M348,0.0,-0.01606210913362771
2026-05-04 00:10:00+00:00,M362,0.0,-0.01606210913362771
2026-05-04 00:10:00+00:00,M378,26.0,-0.01606210913362771
2026-05-04 00:10:00+00:00,M392,0.0,-0.01606210913362771
2026-05-04 00:10:00+00:00,M419,0.0,-0.01606210913362771
2026-05-04 00:10:00+00:00,M430,0.0,-0.01606210913362771
2026-05-04 00:10:00+00:00,M452,0.0,-0.01606210913362771
2026-05-04 00:10:00+00:00,M474,0.0,-0.01606210913362771
2026-05-04 00:10:00+00:00,M475,0.0,-0.01606210913362771
2026-05-04 00:10:00+00:00,M490,0.0,-0.01606210913362771
2026-05-04 00:10:00+00:00,M494,0.0,-0.01606210913362771
2026-05-04 00:10:00+00:00,M516,18.0,-0.01606210913362771
2026-05-04 00:10:00+00:00,M520,3689.0,-0.01606210913362771
2026-05-04 00:10:00+00:00,M529,0.0,-0.01606210913362771
2026-05-04 00:10:00+00:00,M609,15.0,-0.01606210913362771
2026-05-04 00:10:00+00:00,M610,0.0,-0.01606210913362771
2026-05-04 00:10:00+00:00,M618,0.0,-0.01606210913362771
2026-05-04 00:10:00+00:00,M658,26.0,-0.01606210913362771
2026-05-04 00:10:00+00:00,M688,0.0,-0.01606210913362771
2026-05-04 00:10:00+00:00,M696,1474.0,-0.01606210913362771
2026-05-04 00:10:00+00:00,M719,0.0,-0.01606210913362771
2026-05-04 00:10:00+00:00,M736,1.0,-0.01606210913362771
2026-05-04 00:10:00+00:00,M767,0.0,-0.01606210913362771
2026-05-04 00:10:00+00:00,M779,6.0,-0.01606210913362771
2026-05-04 00:10:00+00:00,M786,49.0,-0.01606210913362771
2026-05-04 00:10:00+00:00,M841,0.0,-0.01606210913362771
2026-05-04 00:10:00+00:00,M843,0.0,-0.01606210913362771
2026-05-04 00:10:00+00:00,M855,0.0,-0.01606210913362771
2026-05-04 00:10:00+00:00,M874,294.0,-0.01606210913362771
2026-05-04 00:10:00+00:00,M899,2.0,-0.01606210913362771
2026-05-04 00:10:00+00:00,M904,1.0,-0.01606210913362771
2026-05-04 00:10:00+00:00,M965,8.0,-0.01606210913362771
2026-05-04 00:10:00+00:00,M971,5568.0,-0.01606210913362771
2026-05-04 00:10:00+00:00,M972,0.0,-0.01606210913362771
2026-05-04 00:10:00+00:00,M991,0.0,-0.01606210913362771
2026-05-04 00:15:00+00:00,M029,0.0,-0.008873821081051947
2026-05-04 00:15:00+00:00,M037,0.0,-0.008873821081051947
2026-05-04 00:15:00+00:00,M104,7.0,-0.008873821081051947
2026-05-04 00:15:00+00:00,M162,0.0,-0.008873821081051947
2026-05-04 00:15:00+00:00,M164,0.0,-0.008873821081051947
2026-05-04 00:15:00+00:00,M185,50.0,-0.008873821081051947
2026-05-04 00:15:00+00:00,M204,0.0,-0.008873821081051947
2026-05-04 00:15:00+00:00,M238,0.0,-0.008873821081051947
2026-05-04 00:15:00+00:00,M265,6.0,-0.008873821081051947
2026-05-04 00:15:00+00:00,M318,0.0,-0.008873821081051947
2026-05-04 00:15:00+00:00,M336,0.0,-0.008873821081051947
2026-05-04 00:15:00+00:00,M348,0.0,-0.008873821081051947
2026-05-04 00:15:00+00:00,M362,0.0,-0.008873821081051947
2026-05-04 00:15:00+00:00,M378,44.0,-0.008873821081051947
2026-05-04 00:15:00+00:00,M392,0.0,-0.008873821081051947
2026-05-04 00:15:00+00:00,M419,0.0,-0.008873821081051947
2026-05-04 00:15:00+00:00,M430,0.0,-0.008873821081051947
2026-05-04 00:15:00+00:00,M452,0.0,-0.008873821081051947
2026-05-04 00:15:00+00:00,M474,0.0,-0.008873821081051947
2026-05-04 00:15:00+00:00,M475,0.0,-0.008873821081051947
2026-05-04 00:15:00+00:00,M490,0.0,-0.008873821081051947
2026-05-04 00:15:00+00:00,M494,0.0,-0.008873821081051947
2026-05-04 00:15:00+00:00,M516,15.0,-0.008873821081051947
2026-05-04 00:15:00+00:00,M520,3664.0,-0.008873821081051947
2026-05-04 00:15:00+00:00,M529,0.0,-0.008873821081051947
2026-05-04 00:15:00+00:00,M609,13.0,-0.008873821081051947
2026-05-04 00:15:00+00:00,M610,0.0,-0.008873821081051947
2026-05-04 00:15:00+00:00,M618,0.0,-0.008873821081051947
2026-05-04 00:15:00+00:00,M658,43.0,-0.008873821081051947
2026-05-04 00:15:00+00:00,M688,0.0,-0.008873821081051947
2026-05-04 00:15:00+00:00,M696,1505.0,-0.008873821081051947
2026-05-04 00:15:00+00:00,M719,0.0,-0.008873821081051947
2026-05-04 00:15:00+00:00,M736,0.0,-0.008873821081051947
2026-05-04 00:15:00+00:00,M767,0.0,-0.008873821081051947
2026-05-04 00:15:00+00:00,M779,16.0,-0.008873821081051947
2026-05-04 00:15:00+00:00,M786,73.0,-0.008873821081051947
2026-05-04 00:15:00+00:00,M841,1.0,-0.008873821081051947
2026-05-04 00:15:00+00:00,M843,0.0,-0.008873821081051947
2026-05-04 00:15:00+00:00,M855,0.0,-0.008873821081051947
2026-05-04 00:15:00+00:00,M874,268.0,-0.008873821081051947
2026-05-04 00:15:00+00:00,M899,3.0,-0.008873821081051947
2026-05-04 00:15:00+00:00,M904,0.0,-0.008873821081051947
2026-05-04 00:15:00+00:00,M965,23.0,-0.008873821081051947
2026-05-04 00:15:00+00:00,M971,5538.0,-0.008873821081051947
2026-05-04 00:15:00+00:00,M972,0.0,-0.008873821081051947
2026-05-04 00:15:00+00:00,M991,0.0,-0.008873821081051947
2026-05-04 00:30:00+00:00,M029,1.0,-0.005546954212343191
2026-05-04 00:30:00+00:00,M037,0.0,-0.005546954212343191
2026-05-04 00:30:00+00:00,M104,2.0,-0.005546954212343191
2026-05-04 00:30:00+00:00,M162,0.0,-0.005546954212343191
2026-05-04 00:30:00+00:00,M164,0.0,-0.005546954212343191
2026-05-04 00:30:00+00:00,M185,50.0,-0.005546954212343191
2026-05-04 00:30:00+00:00,M204,0.0,-0.005546954212343191
2026-05-04 00:30:00+00:00,M238,0.0,-0.005546954212343191
2026-05-04 00:30:00+00:00,M265,10.0,-0.005546954212343191
2026-05-04 00:30:00+00:00,M318,0.0,-0.005546954212343191
2026-05-04 00:30:00+00:00,M336,1.0,-0.005546954212343191
2026-05-04 00:30:00+00:00,M348,0.0,-0.005546954212343191
2026-05-04 00:30:00+00:00,M362,0.0,-0.005546954212343191
2026-05-04 00:30:00+00:00,M378,51.0,-0.005546954212343191
2026-05-04 00:30:00+00:00,M392,0.0,-0.005546954212343191
2026-05-04 00:30:00+00:00,M419,0.0,-0.005546954212343191
2026-05-04 00:30:00+00:00,M430,0.0,-0.005546954212343191
2026-05-04 00:30:00+00:00,M452,0.0,-0.005546954212343191
2026-05-04 00:30:00+00:00,M474,0.0,-0.005546954212343191
2026-05-04 00:30:00+00:00,M475,0.0,-0.005546954212343191
2026-05-04 00:30:00+00:00,M490,0.0,-0.005546954212343191
2026-05-04 00:30:00+00:00,M494,0.0,-0.005546954212343191
2026-05-04 00:30:00+00:00,M516,13.0,-0.005546954212343191
2026-05-04 00:30:00+00:00,M520,3599.0,-0.005546954212343191
2026-05-04 00:30:00+00:00,M529,0.0,-0.005546954212343191
2026-05-04 00:30:00+00:00,M609,7.0,-0.005546954212343191
2026-05-04 00:30:00+00:00,M610,0.0,-0.005546954212343191
2026-05-04 00:30:00+00:00,M618,0.0,-0.005546954212343191
2026-05-04 00:30:00+00:00,M658,49.0,-0.005546954212343191
2026-05-04 00:30:00+00:00,M688,0.0,-0.005546954212343191
2026-05-04 00:30:00+00:00,M696,1506.0,-0.005546954212343191
2026-05-04 00:30:00+00:00,M719,0.0,-0.005546954212343191
2026-05-04 00:30:00+00:00,M736,0.0,-0.005546954212343191
2026-05-04 00:30:00+00:00,M767,0.0,-0.005546954212343191
2026-05-04 00:30:00+00:00,M779,12.0,-0.005546954212343191
2026-05-04 00:30:00+00:00,M786,74.0,-0.005546954212343191
2026-05-04 00:30:00+00:00,M841,1.0,-0.005546954212343191
2026-05-04 00:30:00+00:00,M843,0.0,-0.005546954212343191
2026-05-04 00:30:00+00:00,M855,0.0,-0.005546954212343191
2026-05-04 00:30:00+00:00,M874,321.0,-0.005546954212343191
2026-05-04 00:30:00+00:00,M899,1.0,-0.005546954212343191
2026-05-04 00:30:00+00:00,M904,2.0,-0.005546954212343191
2026-05-04 00:30:00+00:00,M965,9.0,-0.005546954212343191
2026-05-04 00:30:00+00:00,M971,5514.0,-0.005546954212343191
2026-05-04 00:30:00+00:00,M972,0.0,-0.005546954212343191
2026-05-04 00:30:00+00:00,M991,0.0,-0.005546954212343191
2026-05-04 01:55:00+00:00,M029,0.0,-0.0011266216187887368
2026-05-04 01:55:00+00:00,M037,0.0,-0.0011266216187887368
2026-05-04 01:55:00+00:00,M104,1.0,-0.0011266216187887368
2026-05-04 01:55:00+00:00,M162,0.0,-0.0011266216187887368
2026-05-04 01:55:00+00:00,M164,0.0,-0.0011266216187887368
2026-05-04 01:55:00+00:00,M185,52.0,-0.0011266216187887368
2026-05-04 01:55:00+00:00,M204,0.0,-0.0011266216187887368
2026-05-04 01:55:00+00:00,M238,0.0,-0.0011266216187887368
2026-05-04 01:55:00+00:00,M265,10.0,-0.0011266216187887368
2026-05-04 01:55:00+00:00,M318,0.0,-0.0011266216187887368
2026-05-04 01:55:00+00:00,M336,0.0,-0.0011266216187887368
2026-05-04 01:55:00+00:00,M348,0.0,-0.0011266216187887368
2026-05-04 01:55:00+00:00,M362,0.0,-0.0011266216187887368
2026-05-04 01:55:00+00:00,M378,43.0,-0.0011266216187887368
2026-05-04 01:55:00+00:00,M392,0.0,-0.0011266216187887368
2026-05-04 01:55:00+00:00,M419,0.0,-0.0011266216187887368
2026-05-04 01:55:00+00:00,M430,0.0,-0.0011266216187887368
2026-05-04 01:55:00+00:00,M452,0.0,-0.0011266216187887368
2026-05-04 01:55:00+00:00,M474,0.0,-0.0011266216187887368
2026-05-04 01:55:00+00:00,M475,0.0,-0.0011266216187887368
2026-05-04 01:55:00+00:00,M490,0.0,-0.0011266216187887368
2026-05-04 01:55:00+00:00,M494,0.0,-0.0011266216187887368
2026-05-04 01:55:00+00:00,M516,0.0,-0.0011266216187887368
2026-05-04 01:55:00+00:00,M520,3685.0,-0.0011266216187887368
2026-05-04 01:55:00+00:00,M529,1.0,-0.0011266216187887368
2026-05-04 01:55:00+00:00,M609,18.0,-0.0011266216187887368
2026-05-04 01:55:00+00:00,M610,0.0,-0.0011266216187887368
2026-05-04 01:55:00+00:00,M618,0.0,-0.0011266216187887368
2026-05-04 01:55:00+00:00,M658,43.0,-0.0011266216187887368
2026-05-04 01:55:00+00:00,M688,0.0,-0.0011266216187887368
2026-05-04 01:55:00+00:00,M696,1501.0,-0.0011266216187887368
2026-05-04 01:55:00+00:00,M719,0.0,-0.0011266216187887368
2026-05-04 01:55:00+00:00,M736,1.0,-0.0011266216187887368
2026-05-04 01:55:00+00:00,M767,0.0,-0.0011266216187887368
2026-05-04 01:55:00+00:00,M779,0.0,-0.0011266216187887368
2026-05-04 01:55:00+00:00,M786,42.0,-0.0011266216187887368
2026-05-04 01:55:00+00:00,M841,3.0,-0.0011266216187887368
2026-05-04 01:55:00+00:00,M843,1.0,-0.0011266216187887368
2026-05-04 01:55:00+00:00,M855,0.0,-0.0011266216187887368
2026-05-04 01:55:00+00:00,M874,317.0,-0.0011266216187887368
2026-05-04 01:55:00+00:00,M899,3.0,-0.0011266216187887368
2026-05-04 01:55:00+00:00,M904,3.0,-0.0011266216187887368
2026-05-04 01:55:00+00:00,M965,28.0,-0.0011266216187887368
2026-05-04 01:55:00+00:00,M971,5623.0,-0.0011266216187887368
2026-05-04 01:55:00+00:00,M972,0.0,-0.0011266216187887368
2026-05-04 01:55:00+00:00,M991,0.0,-0.0011266216187887368
2026-05-04 04:05:00+00:00,M029,0.0,-0.038244663759001596
2026-05-04 04:05:00+00:00,M037,0.0,-0.038244663759001596
2026-05-04 04:05:00+00:00,M104,0.0,-0.038244663759001596
2026-05-04 04:05:00+00:00,M162,0.0,-0.038244663759001596
2026-05-04 04:05:00+00:00,M164,0.0,-0.038244663759001596
2026-05-04 04:05:00+00:00,M185,52.0,-0.038244663759001596
2026-05-04 04:05:00+00:00,M204,0.0,-0.038244663759001596
2026-05-04 04:05:00+00:00,M238,0.0,-0.038244663759001596
2026-05-04 04:05:00+00:00,M265,13.0,-0.038244663759001596
2026-05-04 04:05:00+00:00,M318,0.0,-0.038244663759001596
2026-05-04 04:05:00+00:00,M336,0.0,-0.038244663759001596
2026-05-04 04:05:00+00:00,M348,0.0,-0.038244663759001596
2026-05-04 04:05:00+00:00,M362,0.0,-0.038244663759001596
2026-05-04 04:05:00+00:00,M378,74.0,-0.038244663759001596
2026-05-04 04:05:00+00:00,M392,0.0,-0.038244663759001596
2026-05-04 04:05:00+00:00,M419,0.0,-0.038244663759001596
2026-05-04 04:05:00+00:00,M430,0.0,-0.038244663759001596
2026-05-04 04:05:00+00:00,M452,0.0,-0.038244663759001596
2026-05-04 04:05:00+00:00,M474,0.0,-0.038244663759001596
2026-05-04 04:05:00+00:00,M475,0.0,-0.038244663759001596
2026-05-04 04:05:00+00:00,M490,0.0,-0.038244663759001596
2026-05-04 04:05:00+00:00,M494,0.0,-0.038244663759001596
2026-05-04 04:05:00+00:00,M516,2.0,-0.038244663759001596
2026-05-04 04:05:00+00:00,M520,3637.0,-0.038244663759001596
2026-05-04 04:05:00+00:00,M529,0.0,-0.038244663759001596
2026-05-04 04:05:00+00:00,M609,8.0,-0.038244663759001596
2026-05-04 04:05:00+00:00,M610,0.0,-0.038244663759001596
2026-05-04 04:05:00+00:00,M618,0.0,-0.038244663759001596
2026-05-04 04:05:00+00:00,M658,73.0,-0.038244663759001596
2026-05-04 04:05:00+00:00,M688,0.0,-0.038244663759001596
2026-05-04 04:05:00+00:00,M696,1469.0,-0.038244663759001596
2026-05-04 04:05:00+00:00,M719,0.0,-0.038244663759001596
2026-05-04 04:05:00+00:00,M736,0.0,-0.038244663759001596
2026-05-04 04:05:00+00:00,M767,0.0,-0.038244663759001596
2026-05-04 04:05:00+00:00,M779,3.0,-0.038244663759001596
2026-05-04 04:05:00+00:00,M786,80.0,-0.038244663759001596
2026-05-04 04:05:00+00:00,M841,3.0,-0.038244663759001596
2026-05-04 04:05:00+00:00,M843,1.0,-0.038244663759001596
2026-05-04 04:05:00+00:00,M855,0.0,-0.038244663759001596
2026-05-04 04:05:00+00:00,M874,288.0,-0.038244663759001596
2026-05-04 04:05:00+00:00,M899,3.0,-0.038244663759001596
2026-05-04 04:05:00+00:00,M904,4.0,-0.038244663759001596
2026-05-04 04:05:00+00:00,M965,30.0,-0.038244663759001596
2026-05-04 04:05:00+00:00,M971,5501.0,-0.038244663759001596
2026-05-04 04:05:00+00:00,M972,0.0,-0.038244663759001596
2026-05-04 04:05:00+00:00,M991,0.0,-0.038244663759001596
2026-05-04 04:10:00+00:00,M029,0.0,-0.01725241768435204
2026-05-04 04:10:00+00:00,M037,0.0,-0.01725241768435204
2026-05-04 04:10:00+00:00,M104,1.0,-0.01725241768435204
2026-05-04 04:10:00+00:00,M162,0.0,-0.01725241768435204
2026-05-04 04:10:00+00:00,M164,0.0,-0.01725241768435204
2026-05-04 04:10:00+00:00,M185,57.0,-0.01725241768435204
2026-05-04 04:10:00+00:00,M204,0.0,-0.01725241768435204
2026-05-04 04:10:00+00:00,M238,0.0,-0.01725241768435204
2026-05-04 04:10:00+00:00,M265,13.0,-0.01725241768435204
2026-05-04 04:10:00+00:00,M318,0.0,-0.01725241768435204
2026-05-04 04:10:00+00:00,M336,0.0,-0.01725241768435204
2026-05-04 04:10:00+00:00,M348,0.0,-0.01725241768435204
2026-05-04 04:10:00+00:00,M362,0.0,-0.01725241768435204
2026-05-04 04:10:00+00:00,M378,66.0,-0.01725241768435204
2026-05-04 04:10:00+00:00,M392,0.0,-0.01725241768435204
2026-05-04 04:10:00+00:00,M419,0.0,-0.01725241768435204
2026-05-04 04:10:00+00:00,M430,0.0,-0.01725241768435204
2026-05-04 04:10:00+00:00,M452,0.0,-0.01725241768435204
2026-05-04 04:10:00+00:00,M474,0.0,-0.01725241768435204
2026-05-04 04:10:00+00:00,M475,0.0,-0.01725241768435204
2026-05-04 04:10:00+00:00,M490,0.0,-0.01725241768435204
2026-05-04 04:10:00+00:00,M494,0.0,-0.01725241768435204
2026-05-04 04:10:00+00:00,M516,0.0,-0.01725241768435204
2026-05-04 04:10:00+00:00,M520,3669.0,-0.01725241768435204
2026-05-04 04:10:00+00:00,M529,1.0,-0.01725241768435204
2026-05-04 04:10:00+00:00,M609,10.0,-0.01725241768435204
2026-05-04 04:10:00+00:00,M610,0.0,-0.01725241768435204
2026-05-04 04:10:00+00:00,M618,0.0,-0.01725241768435204
2026-05-04 04:10:00+00:00,M658,66.0,-0.01725241768435204
2026-05-04 04:10:00+00:00,M688,0.0,-0.01725241768435204
2026-05-04 04:10:00+00:00,M696,1510.0,-0.01725241768435204
2026-05-04 04:10:00+00:00,M719,0.0,-0.01725241768435204
2026-05-04 04:10:00+00:00,M736,0.0,-0.01725241768435204
2026-05-04 04:10:00+00:00,M767,0.0,-0.01725241768435204
2026-05-04 04:10:00+00:00,M779,2.0,-0.01725241768435204
2026-05-04 04:10:00+00:00,M786,65.0,-0.01725241768435204
2026-05-04 04:10:00+00:00,M841,2.0,-0.01725241768435204
2026-05-04 04:10:00+00:00,M843,1.0,-0.01725241768435204
2026-05-04 04:10:00+00:00,M855,0.0,-0.01725241768435204
2026-05-04 04:10:00+00:00,M874,303.0,-0.01725241768435204
2026-05-04 04:10:00+00:00,M899,4.0,-0.01725241768435204
2026-05-04 04:10:00+00:00,M904,5.0,-0.01725241768435204
2026-05-04 04:10:00+00:00,M965,5.0,-0.01725241768435204
2026-05-04 04:10:00+00:00,M971,5582.0,-0.01725241768435204
2026-05-04 04:10:00+00:00,M972,0.0,-0.01725241768435204
2026-05-04 04:10:00+00:00,M991,0.0,-0.01725241768435204
2026-05-04 04:55:00+00:00,M029,0.0,-0.0022329532191339707
2026-05-04 04:55:00+00:00,M037,0.0,-0.0022329532191339707
2026-05-04 04:55:00+00:00,M104,0.0,-0.0022329532191339707
2026-05-04 04:55:00+00:00,M162,0.0,-0.0022329532191339707
2026-05-04 04:55:00+00:00,M164,0.0,-0.0022329532191339707
2026-05-04 04:55:00+00:00,M185,98.0,-0.0022329532191339707
2026-05-04 04:55:00+00:00,M204,0.0,-0.0022329532191339707
2026-05-04 04:55:00+00:00,M238,0.0,-0.0022329532191339707
2026-05-04 04:55:00+00:00,M265,18.0,-0.0022329532191339707
2026-05-04 04:55:00+00:00,M318,0.0,-0.0022329532191339707
2026-05-04 04:55:00+00:00,M336,0.0,-0.0022329532191339707
2026-05-04 04:55:00+00:00,M348,0.0,-0.0022329532191339707
2026-05-04 04:55:00+00:00,M362,0.0,-0.0022329532191339707
2026-05-04 04:55:00+00:00,M378,65.0,-0.0022329532191339707
2026-05-04 04:55:00+00:00,M392,0.0,-0.0022329532191339707
2026-05-04 04:55:00+00:00,M419,0.0,-0.0022329532191339707
2026-05-04 04:55:00+00:00,M430,0.0,-0.0022329532191339707
2026-05-04 04:55:00+00:00,M452,0.0,-0.0022329532191339707
2026-05-04 04:55:00+00:00,M474,0.0,-0.0022329532191339707
2026-05-04 04:55:00+00:00,M475,0.0,-0.0022329532191339707
2026-05-04 04:55:00+00:00,M490,0.0,-0.0022329532191339707
2026-05-04 04:55:00+00:00,M494,0.0,-0.0022329532191339707
2026-05-04 04:55:00+00:00,M516,0.0,-0.0022329532191339707
2026-05-04 04:55:00+00:00,M520,3634.0,-0.0022329532191339707
2026-05-04 04:55:00+00:00,M529,0.0,-0.0022329532191339707
2026-05-04 04:55:00+00:00,M609,14.0,-0.0022329532191339707
2026-05-04 04:55:00+00:00,M610,0.0,-0.0022329532191339707
2026-05-04 04:55:00+00:00,M618,0.0,-0.0022329532191339707
2026-05-04 04:55:00+00:00,M658,65.0,-0.0022329532191339707
2026-05-04 04:55:00+00:00,M688,0.0,-0.0022329532191339707
2026-05-04 04:55:00+00:00,M696,1643.0,-0.0022329532191339707
2026-05-04 04:55:00+00:00,M719,0.0,-0.0022329532191339707
2026-05-04 04:55:00+00:00,M736,1.0,-0.0022329532191339707
2026-05-04 04:55:00+00:00,M767,0.0,-0.0022329532191339707
2026-05-04 04:55:00+00:00,M779,1.0,-0.0022329532191339707
2026-05-04 04:55:00+00:00,M786,63.0,-0.0022329532191339707
2026-05-04 04:55:00+00:00,M841,0.0,-0.0022329532191339707
2026-05-04 04:55:00+00:00,M843,0.0,-0.0022329532191339707
2026-05-04 04:55:00+00:00,M855,0.0,-0.0022329532191339707
2026-05-04 04:55:00+00:00,M874,381.0,-0.0022329532191339707
2026-05-04 04:55:00+00:00,M899,1.0,-0.0022329532191339707
2026-05-04 04:55:00+00:00,M904,1.0,-0.0022329532191339707
2026-05-04 04:55:00+00:00,M965,23.0,-0.0022329532191339707
2026-05-04 04:55:00+00:00,M971,5807.0,-0.0022329532191339707
2026-05-04 04:55:00+00:00,M972,0.0,-0.0022329532191339707
2026-05-04 04:55:00+00:00,M991,0.0,-0.0022329532191339707
2026-05-04 05:00:00+00:00,M029,0.0,-0.01910734869017927
2026-05-04 05:00:00+00:00,M037,0.0,-0.01910734869017927
2026-05-04 05:00:00+00:00,M104,0.0,-0.01910734869017927
2026-05-04 05:00:00+00:00,M162,0.0,-0.01910734869017927
2026-05-04 05:00:00+00:00,M164,0.0,-0.01910734869017927
2026-05-04 05:00:00+00:00,M185,103.0,-0.01910734869017927
2026-05-04 05:00:00+00:00,M204,0.0,-0.01910734869017927
2026-05-04 05:00:00+00:00,M238,0.0,-0.01910734869017927
2026-05-04 05:00:00+00:00,M265,14.0,-0.01910734869017927
2026-05-04 05:00:00+00:00,M318,0.0,-0.01910734869017927
2026-05-04 05:00:00+00:00,M336,0.0,-0.01910734869017927
2026-05-04 05:00:00+00:00,M348,0.0,-0.01910734869017927
2026-05-04 05:00:00+00:00,M362,0.0,-0.01910734869017927
2026-05-04 05:00:00+00:00,M378,71.0,-0.01910734869017927
2026-05-04 05:00:00+00:00,M392,0.0,-0.01910734869017927
2026-05-04 05:00:00+00:00,M419,0.0,-0.01910734869017927
2026-05-04 05:00:00+00:00,M430,0.0,-0.01910734869017927
2026-05-04 05:00:00+00:00,M452,0.0,-0.01910734869017927
2026-05-04 05:00:00+00:00,M474,0.0,-0.01910734869017927
2026-05-04 05:00:00+00:00,M475,1.0,-0.01910734869017927
2026-05-04 05:00:00+00:00,M490,0.0,-0.01910734869017927
2026-05-04 05:00:00+00:00,M494,0.0,-0.01910734869017927
2026-05-04 05:00:00+00:00,M516,1.0,-0.01910734869017927
2026-05-04 05:00:00+00:00,M520,3616.0,-0.01910734869017927
2026-05-04 05:00:00+00:00,M529,0.0,-0.01910734869017927
2026-05-04 05:00:00+00:00,M609,6.0,-0.01910734869017927
2026-05-04 05:00:00+00:00,M610,0.0,-0.01910734869017927
2026-05-04 05:00:00+00:00,M618,0.0,-0.01910734869017927
2026-05-04 05:00:00+00:00,M658,71.0,-0.01910734869017927
2026-05-04 05:00:00+00:00,M688,0.0,-0.01910734869017927
2026-05-04 05:00:00+00:00,M696,1530.0,-0.01910734869017927
2026-05-04 05:00:00+00:00,M719,0.0,-0.01910734869017927
2026-05-04 05:00:00+00:00,M736,1.0,-0.01910734869017927
2026-05-04 05:00:00+00:00,M767,0.0,-0.01910734869017927
2026-05-04 05:00:00+00:00,M779,4.0,-0.01910734869017927
2026-05-04 05:00:00+00:00,M786,75.0,-0.01910734869017927
2026-05-04 05:00:00+00:00,M841,2.0,-0.01910734869017927
2026-05-04 05:00:00+00:00,M843,0.0,-0.01910734869017927
2026-05-04 05:00:00+00:00,M855,0.0,-0.01910734869017927
2026-05-04 05:00:00+00:00,M874,360.0,-0.01910734869017927
2026-05-04 05:00:00+00:00,M899,4.0,-0.01910734869017927
2026-05-04 05:00:00+00:00,M904,1.0,-0.01910734869017927
2026-05-04 05:00:00+00:00,M965,4.0,-0.01910734869017927
2026-05-04 05:00:00+00:00,M971,5643.0,-0.01910734869017927
2026-05-04 05:00:00+00:00,M972,0.0,-0.01910734869017927
2026-05-04 05:00:00+00:00,M991,0.0,-0.01910734869017927
2026-05-04 05:10:00+00:00,M029,0.0,-0.02099284363713727
2026-05-04 05:10:00+00:00,M037,0.0,-0.02099284363713727
2026-05-04 05:10:00+00:00,M104,4.0,-0.02099284363713727
2026-05-04 05:10:00+00:00,M162,0.0,-0.02099284363713727
2026-05-04 05:10:00+00:00,M164,1.0,-0.02099284363713727
2026-05-04 05:10:00+00:00,M185,103.0,-0.02099284363713727
2026-05-04 05:10:00+00:00,M204,0.0,-0.02099284363713727
2026-05-04 05:10:00+00:00,M238,0.0,-0.02099284363713727
2026-05-04 05:10:00+00:00,M265,3.0,-0.02099284363713727
2026-05-04 05:10:00+00:00,M318,0.0,-0.02099284363713727
2026-05-04 05:10:00+00:00,M336,0.0,-0.02099284363713727
2026-05-04 05:10:00+00:00,M348,0.0,-0.02099284363713727
2026-05-04 05:10:00+00:00,M362,0.0,-0.02099284363713727
2026-05-04 05:10:00+00:00,M378,59.0,-0.02099284363713727
2026-05-04 05:10:00+00:00,M392,0.0,-0.02099284363713727
2026-05-04 05:10:00+00:00,M419,0.0,-0.02099284363713727
2026-05-04 05:10:00+00:00,M430,0.0,-0.02099284363713727
2026-05-04 05:10:00+00:00,M452,0.0,-0.02099284363713727
2026-05-04 05:10:00+00:00,M474,0.0,-0.02099284363713727
2026-05-04 05:10:00+00:00,M475,0.0,-0.02099284363713727
2026-05-04 05:10:00+00:00,M490,0.0,-0.02099284363713727
2026-05-04 05:10:00+00:00,M494,0.0,-0.02099284363713727
2026-05-04 05:10:00+00:00,M516,2.0,-0.02099284363713727
2026-05-04 05:10:00+00:00,M520,3688.0,-0.02099284363713727
2026-05-04 05:10:00+00:00,M529,0.0,-0.02099284363713727
2026-05-04 05:10:00+00:00,M609,6.0,-0.02099284363713727
2026-05-04 05:10:00+00:00,M610,0.0,-0.02099284363713727
2026-05-04 05:10:00+00:00,M618,0.0,-0.02099284363713727
2026-05-04 05:10:00+00:00,M658,58.0,-0.02099284363713727
2026-05-04 05:10:00+00:00,M688,0.0,-0.02099284363713727
2026-05-04 05:10:00+00:00,M696,1577.0,-0.02099284363713727
2026-05-04 05:10:00+00:00,M719,0.0,-0.02099284363713727
2026-05-04 05:10:00+00:00,M736,0.0,-0.02099284363713727
2026-05-04 05:10:00+00:00,M767,0.0,-0.02099284363713727
2026-05-04 05:10:00+00:00,M779,1.0,-0.02099284363713727
2026-05-04 05:10:00+00:00,M786,60.0,-0.02099284363713727
2026-05-04 05:10:00+00:00,M841,4.0,-0.02099284363713727
2026-05-04 05:10:00+00:00,M843,0.0,-0.02099284363713727
2026-05-04 05:10:00+00:00,M855,0.0,-0.02099284363713727
2026-05-04 05:10:00+00:00,M874,300.0,-0.02099284363713727
2026-05-04 05:10:00+00:00,M899,6.0,-0.02099284363713727
2026-05-04 05:10:00+00:00,M904,5.0,-0.02099284363713727
2026-05-04 05:10:00+00:00,M965,23.0,-0.02099284363713727
2026-05-04 05:10:00+00:00,M971,5718.0,-0.02099284363713727
2026-05-04 05:10:00+00:00,M972,0.0,-0.02099284363713727
2026-05-04 05:10:00+00:00,M991,0.0,-0.02099284363713727
2026-05-04 05:20:00+00:00,M029,0.0,-0.012915265195066916
2026-05-04 05:20:00+00:00,M037,0.0,-0.012915265195066916
2026-05-04 05:20:00+00:00,M104,0.0,-0.012915265195066916
2026-05-04 05:20:00+00:00,M162,0.0,-0.012915265195066916
2026-05-04 05:20:00+00:00,M164,0.0,-0.012915265195066916
2026-05-04 05:20:00+00:00,M185,94.0,-0.012915265195066916
2026-05-04 05:20:00+00:00,M204,0.0,-0.012915265195066916
2026-05-04 05:20:00+00:00,M238,0.0,-0.012915265195066916
2026-05-04 05:20:00+00:00,M265,10.0,-0.012915265195066916
2026-05-04 05:20:00+00:00,M318,0.0,-0.012915265195066916
2026-05-04 05:20:00+00:00,M336,0.0,-0.012915265195066916
2026-05-04 05:20:00+00:00,M348,0.0,-0.012915265195066916
2026-05-04 05:20:00+00:00,M362,0.0,-0.012915265195066916
2026-05-04 05:20:00+00:00,M378,84.0,-0.012915265195066916
2026-05-04 05:20:00+00:00,M392,0.0,-0.012915265195066916
2026-05-04 05:20:00+00:00,M419,0.0,-0.012915265195066916
2026-05-04 05:20:00+00:00,M430,0.0,-0.012915265195066916
2026-05-04 05:20:00+00:00,M452,0.0,-0.012915265195066916
2026-05-04 05:20:00+00:00,M474,0.0,-0.012915265195066916
2026-05-04 05:20:00+00:00,M475,0.0,-0.012915265195066916
2026-05-04 05:20:00+00:00,M490,0.0,-0.012915265195066916
2026-05-04 05:20:00+00:00,M494,0.0,-0.012915265195066916
2026-05-04 05:20:00+00:00,M516,0.0,-0.012915265195066916
2026-05-04 05:20:00+00:00,M520,3581.0,-0.012915265195066916
2026-05-04 05:20:00+00:00,M529,4.0,-0.012915265195066916
2026-05-04 05:20:00+00:00,M609,11.0,-0.012915265195066916
2026-05-04 05:20:00+00:00,M610,0.0,-0.012915265195066916
2026-05-04 05:20:00+00:00,M618,0.0,-0.012915265195066916
2026-05-04 05:20:00+00:00,M658,84.0,-0.012915265195066916
2026-05-04 05:20:00+00:00,M688,0.0,-0.012915265195066916
2026-05-04 05:20:00+00:00,M696,1475.0,-0.012915265195066916
2026-05-04 05:20:00+00:00,M719,0.0,-0.012915265195066916
2026-05-04 05:20:00+00:00,M736,1.0,-0.012915265195066916
2026-05-04 05:20:00+00:00,M767,0.0,-0.012915265195066916
2026-05-04 05:20:00+00:00,M779,4.0,-0.012915265195066916
2026-05-04 05:20:00+00:00,M786,83.0,-0.012915265195066916
2026-05-04 05:20:00+00:00,M841,1.0,-0.012915265195066916
2026-05-04 05:20:00+00:00,M843,0.0,-0.012915265195066916
2026-05-04 05:20:00+00:00,M855,0.0,-0.012915265195066916
2026-05-04 05:20:00+00:00,M874,357.0,-0.012915265195066916
2026-05-04 05:20:00+00:00,M899,5.0,-0.012915265195066916
2026-05-04 05:20:00+00:00,M904,0.0,-0.012915265195066916
2026-05-04 05:20:00+00:00,M965,19.0,-0.012915265195066916
2026-05-04 05:20:00+00:00,M971,5554.0,-0.012915265195066916
2026-05-04 05:20:00+00:00,M972,0.0,-0.012915265195066916
2026-05-04 05:20:00+00:00,M991,0.0,-0.012915265195066916
2026-05-04 05:35:00+00:00,M029,0.0,-0.0209219401556604
2026-05-04 05:35:00+00:00,M037,0.0,-0.0209219401556604
2026-05-04 05:35:00+00:00,M104,5.0,-0.0209219401556604
2026-05-04 05:35:00+00:00,M162,0.0,-0.0209219401556604
2026-05-04 05:35:00+00:00,M164,0.0,-0.0209219401556604
2026-05-04 05:35:00+00:00,M185,91.0,-0.0209219401556604
2026-05-04 05:35:00+00:00,M204,0.0,-0.0209219401556604
2026-05-04 05:35:00+00:00,M238,0.0,-0.0209219401556604
2026-05-04 05:35:00+00:00,M265,11.0,-0.0209219401556604
2026-05-04 05:35:00+00:00,M318,0.0,-0.0209219401556604
2026-05-04 05:35:00+00:00,M336,0.0,-0.0209219401556604
2026-05-04 05:35:00+00:00,M348,0.0,-0.0209219401556604
2026-05-04 05:35:00+00:00,M362,0.0,-0.0209219401556604
2026-05-04 05:35:00+00:00,M378,68.0,-0.0209219401556604
2026-05-04 05:35:00+00:00,M392,0.0,-0.0209219401556604
2026-05-04 05:35:00+00:00,M419,0.0,-0.0209219401556604
2026-05-04 05:35:00+00:00,M430,0.0,-0.0209219401556604
2026-05-04 05:35:00+00:00,M452,0.0,-0.0209219401556604
2026-05-04 05:35:00+00:00,M474,0.0,-0.0209219401556604
2026-05-04 05:35:00+00:00,M475,0.0,-0.0209219401556604
2026-05-04 05:35:00+00:00,M490,0.0,-0.0209219401556604
2026-05-04 05:35:00+00:00,M494,0.0,-0.0209219401556604
2026-05-04 05:35:00+00:00,M516,0.0,-0.0209219401556604
2026-05-04 05:35:00+00:00,M520,3747.0,-0.0209219401556604
2026-05-04 05:35:00+00:00,M529,0.0,-0.0209219401556604
2026-05-04 05:35:00+00:00,M609,7.0,-0.0209219401556604
2026-05-04 05:35:00+00:00,M610,0.0,-0.0209219401556604
2026-05-04 05:35:00+00:00,M618,0.0,-0.0209219401556604
2026-05-04 05:35:00+00:00,M658,68.0,-0.0209219401556604
2026-05-04 05:35:00+00:00,M688,0.0,-0.0209219401556604
2026-05-04 05:35:00+00:00,M696,1571.0,-0.0209219401556604
2026-05-04 05:35:00+00:00,M719,0.0,-0.0209219401556604
2026-05-04 05:35:00+00:00,M736,0.0,-0.0209219401556604
2026-05-04 05:35:00+00:00,M767,0.0,-0.0209219401556604
2026-05-04 05:35:00+00:00,M779,5.0,-0.0209219401556604
2026-05-04 05:35:00+00:00,M786,69.0,-0.0209219401556604
2026-05-04 05:35:00+00:00,M841,3.0,-0.0209219401556604
2026-05-04 05:35:00+00:00,M843,0.0,-0.0209219401556604
2026-05-04 05:35:00+00:00,M855,0.0,-0.0209219401556604
2026-05-04 05:35:00+00:00,M874,344.0,-0.0209219401556604
2026-05-04 05:35:00+00:00,M899,1.0,-0.0209219401556604
2026-05-04 05:35:00+00:00,M904,4.0,-0.0209219401556604
2026-05-04 05:35:00+00:00,M965,24.0,-0.0209219401556604
2026-05-04 05:35:00+00:00,M971,5802.0,-0.0209219401556604
2026-05-04 05:35:00+00:00,M972,0.0,-0.0209219401556604
2026-05-04 05:35:00+00:00,M991,0.0,-0.0209219401556604
2026-05-04 08:20:00+00:00,M029,0.0,-0.08384104822929384
2026-05-04 08:20:00+00:00,M037,0.0,-0.08384104822929384
2026-05-04 08:20:00+00:00,M104,1.0,-0.08384104822929384
2026-05-04 08:20:00+00:00,M162,0.0,-0.08384104822929384
2026-05-04 08:20:00+00:00,M164,0.0,-0.08384104822929384
2026-05-04 08:20:00+00:00,M185,76.0,-0.08384104822929384
2026-05-04 08:20:00+00:00,M204,0.0,-0.08384104822929384
2026-05-04 08:20:00+00:00,M238,0.0,-0.08384104822929384
2026-05-04 08:20:00+00:00,M265,3.0,-0.08384104822929384
2026-05-04 08:20:00+00:00,M318,0.0,-0.08384104822929384
2026-05-04 08:20:00+00:00,M336,0.0,-0.08384104822929384
2026-05-04 08:20:00+00:00,M348,0.0,-0.08384104822929384
2026-05-04 08:20:00+00:00,M362,0.0,-0.08384104822929384
2026-05-04 08:20:00+00:00,M378,62.0,-0.08384104822929384
2026-05-04 08:20:00+00:00,M392,0.0,-0.08384104822929384
2026-05-04 08:20:00+00:00,M419,0.0,-0.08384104822929384
2026-05-04 08:20:00+00:00,M430,0.0,-0.08384104822929384
2026-05-04 08:20:00+00:00,M452,0.0,-0.08384104822929384
2026-05-04 08:20:00+00:00,M474,0.0,-0.08384104822929384
2026-05-04 08:20:00+00:00,M475,0.0,-0.08384104822929384
2026-05-04 08:20:00+00:00,M490,0.0,-0.08384104822929384
2026-05-04 08:20:00+00:00,M494,0.0,-0.08384104822929384
2026-05-04 08:20:00+00:00,M516,5.0,-0.08384104822929384
2026-05-04 08:20:00+00:00,M520,3704.0,-0.08384104822929384
2026-05-04 08:20:00+00:00,M529,0.0,-0.08384104822929384
2026-05-04 08:20:00+00:00,M609,6.0,-0.08384104822929384
2026-05-04 08:20:00+00:00,M610,0.0,-0.08384104822929384
2026-05-04 08:20:00+00:00,M618,0.0,-0.08384104822929384
2026-05-04 08:20:00+00:00,M658,60.0,-0.08384104822929384
2026-05-04 08:20:00+00:00,M688,0.0,-0.08384104822929384
2026-05-04 08:20:00+00:00,M696,1517.0,-0.08384104822929384
2026-05-04 08:20:00+00:00,M719,0.0,-0.08384104822929384
2026-05-04 08:20:00+00:00,M736,2.0,-0.08384104822929384
2026-05-04 08:20:00+00:00,M767,0.0,-0.08384104822929384
2026-05-04 08:20:00+00:00,M779,8.0,-0.08384104822929384
2026-05-04 08:20:00+00:00,M786,71.0,-0.08384104822929384
2026-05-04 08:20:00+00:00,M841,3.0,-0.08384104822929384
2026-05-04 08:20:00+00:00,M843,1.0,-0.08384104822929384
2026-05-04 08:20:00+00:00,M855,0.0,-0.08384104822929384
2026-05-04 08:20:00+00:00,M874,309.0,-0.08384104822929384
2026-05-04 08:20:00+00:00,M899,18.0,-0.08384104822929384
2026-05-04 08:20:00+00:00,M904,1.0,-0.08384104822929384
2026-05-04 08:20:00+00:00,M965,24.0,-0.08384104822929384
2026-05-04 08:20:00+00:00,M971,5673.0,-0.08384104822929384
2026-05-04 08:20:00+00:00,M972,0.0,-0.08384104822929384
2026-05-04 08:20:00+00:00,M991,0.0,-0.08384104822929384
2026-05-04 09:35:00+00:00,M029,0.0,-0.008069595053213252
2026-05-04 09:35:00+00:00,M037,0.0,-0.008069595053213252
2026-05-04 09:35:00+00:00,M104,1.0,-0.008069595053213252
2026-05-04 09:35:00+00:00,M162,0.0,-0.008069595053213252
2026-05-04 09:35:00+00:00,M164,0.0,-0.008069595053213252
2026-05-04 09:35:00+00:00,M185,60.0,-0.008069595053213252
2026-05-04 09:35:00+00:00,M204,0.0,-0.008069595053213252
2026-05-04 09:35:00+00:00,M238,0.0,-0.008069595053213252
2026-05-04 09:35:00+00:00,M265,8.0,-0.008069595053213252
2026-05-04 09:35:00+00:00,M318,0.0,-0.008069595053213252
2026-05-04 09:35:00+00:00,M336,0.0,-0.008069595053213252
2026-05-04 09:35:00+00:00,M348,0.0,-0.008069595053213252
2026-05-04 09:35:00+00:00,M362,0.0,-0.008069595053213252
2026-05-04 09:35:00+00:00,M378,57.0,-0.008069595053213252
2026-05-04 09:35:00+00:00,M392,0.0,-0.008069595053213252
2026-05-04 09:35:00+00:00,M419,0.0,-0.008069595053213252
2026-05-04 09:35:00+00:00,M430,0.0,-0.008069595053213252
2026-05-04 09:35:00+00:00,M452,0.0,-0.008069595053213252
2026-05-04 09:35:00+00:00,M474,0.0,-0.008069595053213252
2026-05-04 09:35:00+00:00,M475,2.0,-0.008069595053213252
2026-05-04 09:35:00+00:00,M490,0.0,-0.008069595053213252
2026-05-04 09:35:00+00:00,M494,0.0,-0.008069595053213252
2026-05-04 09:35:00+00:00,M516,1.0,-0.008069595053213252
2026-05-04 09:35:00+00:00,M520,3758.0,-0.008069595053213252
2026-05-04 09:35:00+00:00,M529,0.0,-0.008069595053213252
2026-05-04 09:35:00+00:00,M609,8.0,-0.008069595053213252
2026-05-04 09:35:00+00:00,M610,0.0,-0.008069595053213252
2026-05-04 09:35:00+00:00,M618,0.0,-0.008069595053213252
2026-05-04 09:35:00+00:00,M658,56.0,-0.008069595053213252
2026-05-04 09:35:00+00:00,M688,0.0,-0.008069595053213252
2026-05-04 09:35:00+00:00,M696,1520.0,-0.008069595053213252
2026-05-04 09:35:00+00:00,M719,0.0,-0.008069595053213252
2026-05-04 09:35:00+00:00,M736,0.0,-0.008069595053213252
2026-05-04 09:35:00+00:00,M767,0.0,-0.008069595053213252
2026-05-04 09:35:00+00:00,M779,4.0,-0.008069595053213252
2026-05-04 09:35:00+00:00,M786,57.0,-0.008069595053213252
2026-05-04 09:35:00+00:00,M841,2.0,-0.008069595053213252
2026-05-04 09:35:00+00:00,M843,0.0,-0.008069595053213252
2026-05-04 09:35:00+00:00,M855,0.0,-0.008069595053213252
2026-05-04 09:35:00+00:00,M874,276.0,-0.008069595053213252
2026-05-04 09:35:00+00:00,M899,4.0,-0.008069595053213252
2026-05-04 09:35:00+00:00,M904,4.0,-0.008069595053213252
2026-05-04 09:35:00+00:00,M965,5.0,-0.008069595053213252
2026-05-04 09:35:00+00:00,M971,5642.0,-0.008069595053213252
2026-05-04 09:35:00+00:00,M972,0.0,-0.008069595053213252
2026-05-04 09:35:00+00:00,M991,0.0,-0.008069595053213252
2026-05-04 10:55:00+00:00,M029,0.0,-0.006380494699513517
2026-05-04 10:55:00+00:00,M037,0.0,-0.006380494699513517
2026-05-04 10:55:00+00:00,M104,3.0,-0.006380494699513517
2026-05-04 10:55:00+00:00,M162,0.0,-0.006380494699513517
2026-05-04 10:55:00+00:00,M164,0.0,-0.006380494699513517
2026-05-04 10:55:00+00:00,M185,55.0,-0.006380494699513517
2026-05-04 10:55:00+00:00,M204,0.0,-0.006380494699513517
2026-05-04 10:55:00+00:00,M238,0.0,-0.006380494699513517
2026-05-04 10:55:00+00:00,M265,6.0,-0.006380494699513517
2026-05-04 10:55:00+00:00,M318,0.0,-0.006380494699513517
2026-05-04 10:55:00+00:00,M336,0.0,-0.006380494699513517
2026-05-04 10:55:00+00:00,M348,0.0,-0.006380494699513517
2026-05-04 10:55:00+00:00,M362,0.0,-0.006380494699513517
2026-05-04 10:55:00+00:00,M378,70.0,-0.006380494699513517
2026-05-04 10:55:00+00:00,M392,0.0,-0.006380494699513517
2026-05-04 10:55:00+00:00,M419,0.0,-0.006380494699513517
2026-05-04 10:55:00+00:00,M430,0.0,-0.006380494699513517
2026-05-04 10:55:00+00:00,M452,0.0,-0.006380494699513517
2026-05-04 10:55:00+00:00,M474,0.0,-0.006380494699513517
2026-05-04 10:55:00+00:00,M475,0.0,-0.006380494699513517
2026-05-04 10:55:00+00:00,M490,2.0,-0.006380494699513517
2026-05-04 10:55:00+00:00,M494,0.0,-0.006380494699513517
2026-05-04 10:55:00+00:00,M516,9.0,-0.006380494699513517
2026-05-04 10:55:00+00:00,M520,3745.0,-0.006380494699513517
2026-05-04 10:55:00+00:00,M529,2.0,-0.006380494699513517
2026-05-04 10:55:00+00:00,M609,8.0,-0.006380494699513517
2026-05-04 10:55:00+00:00,M610,0.0,-0.006380494699513517
2026-05-04 10:55:00+00:00,M618,0.0,-0.006380494699513517
2026-05-04 10:55:00+00:00,M658,68.0,-0.006380494699513517
2026-05-04 10:55:00+00:00,M688,0.0,-0.006380494699513517
2026-05-04 10:55:00+00:00,M696,1485.0,-0.006380494699513517
2026-05-04 10:55:00+00:00,M719,0.0,-0.006380494699513517
2026-05-04 10:55:00+00:00,M736,0.0,-0.006380494699513517
2026-05-04 10:55:00+00:00,M767,0.0,-0.006380494699513517
2026-05-04 10:55:00+00:00,M779,2.0,-0.006380494699513517
2026-05-04 10:55:00+00:00,M786,73.0,-0.006380494699513517
2026-05-04 10:55:00+00:00,M841,1.0,-0.006380494699513517
2026-05-04 10:55:00+00:00,M843,0.0,-0.006380494699513517
2026-05-04 10:55:00+00:00,M855,0.0,-0.006380494699513517
2026-05-04 10:55:00+00:00,M874,298.0,-0.006380494699513517
2026-05-04 10:55:00+00:00,M899,2.0,-0.006380494699513517
2026-05-04 10:55:00+00:00,M904,1.0,-0.006380494699513517
2026-05-04 10:55:00+00:00,M965,20.0,-0.006380494699513517
2026-05-04 10:55:00+00:00,M971,5624.0,-0.006380494699513517
2026-05-04 10:55:00+00:00,M972,0.0,-0.006380494699513517
2026-05-04 10:55:00+00:00,M991,0.0,-0.006380494699513517
2026-05-04 11:40:00+00:00,M029,0.0,-0.02918846094772598
2026-05-04 11:40:00+00:00,M037,0.0,-0.02918846094772598
2026-05-04 11:40:00+00:00,M104,1.0,-0.02918846094772598
2026-05-04 11:40:00+00:00,M162,0.0,-0.02918846094772598
2026-05-04 11:40:00+00:00,M164,0.0,-0.02918846094772598
2026-05-04 11:40:00+00:00,M185,64.0,-0.02918846094772598
2026-05-04 11:40:00+00:00,M204,0.0,-0.02918846094772598
2026-05-04 11:40:00+00:00,M238,0.0,-0.02918846094772598
2026-05-04 11:40:00+00:00,M265,4.0,-0.02918846094772598
2026-05-04 11:40:00+00:00,M318,0.0,-0.02918846094772598
2026-05-04 11:40:00+00:00,M336,0.0,-0.02918846094772598
2026-05-04 11:40:00+00:00,M348,0.0,-0.02918846094772598
2026-05-04 11:40:00+00:00,M362,0.0,-0.02918846094772598
2026-05-04 11:40:00+00:00,M378,52.0,-0.02918846094772598
2026-05-04 11:40:00+00:00,M392,0.0,-0.02918846094772598
2026-05-04 11:40:00+00:00,M419,0.0,-0.02918846094772598
2026-05-04 11:40:00+00:00,M430,0.0,-0.02918846094772598
2026-05-04 11:40:00+00:00,M452,0.0,-0.02918846094772598
2026-05-04 11:40:00+00:00,M474,0.0,-0.02918846094772598
2026-05-04 11:40:00+00:00,M475,1.0,-0.02918846094772598
2026-05-04 11:40:00+00:00,M490,1.0,-0.02918846094772598
2026-05-04 11:40:00+00:00,M494,0.0,-0.02918846094772598
2026-05-04 11:40:00+00:00,M516,5.0,-0.02918846094772598
2026-05-04 11:40:00+00:00,M520,3667.0,-0.02918846094772598
2026-05-04 11:40:00+00:00,M529,1.0,-0.02918846094772598
2026-05-04 11:40:00+00:00,M609,7.0,-0.02918846094772598
2026-05-04 11:40:00+00:00,M610,0.0,-0.02918846094772598
2026-05-04 11:40:00+00:00,M618,0.0,-0.02918846094772598
2026-05-04 11:40:00+00:00,M658,49.0,-0.02918846094772598
2026-05-04 11:40:00+00:00,M688,0.0,-0.02918846094772598
2026-05-04 11:40:00+00:00,M696,1520.0,-0.02918846094772598
2026-05-04 11:40:00+00:00,M719,0.0,-0.02918846094772598
2026-05-04 11:40:00+00:00,M736,0.0,-0.02918846094772598
2026-05-04 11:40:00+00:00,M767,0.0,-0.02918846094772598
2026-05-04 11:40:00+00:00,M779,0.0,-0.02918846094772598
2026-05-04 11:40:00+00:00,M786,48.0,-0.02918846094772598
2026-05-04 11:40:00+00:00,M841,0.0,-0.02918846094772598
2026-05-04 11:40:00+00:00,M843,1.0,-0.02918846094772598
2026-05-04 11:40:00+00:00,M855,0.0,-0.02918846094772598
2026-05-04 11:40:00+00:00,M874,280.0,-0.02918846094772598
2026-05-04 11:40:00+00:00,M899,4.0,-0.02918846094772598
2026-05-04 11:40:00+00:00,M904,1.0,-0.02918846094772598
2026-05-04 11:40:00+00:00,M965,5.0,-0.02918846094772598
2026-05-04 11:40:00+00:00,M971,5550.0,-0.02918846094772598
2026-05-04 11:40:00+00:00,M972,0.0,-0.02918846094772598
2026-05-04 11:40:00+00:00,M991,0.0,-0.02918846094772598
2026-05-04 12:20:00+00:00,M029,0.0,-0.03415680652830566
2026-05-04 12:20:00+00:00,M037,0.0,-0.03415680652830566
2026-05-04 12:20:00+00:00,M104,4.0,-0.03415680652830566
2026-05-04 12:20:00+00:00,M162,0.0,-0.03415680652830566
2026-05-04 12:20:00+00:00,M164,0.0,-0.03415680652830566
2026-05-04 12:20:00+00:00,M185,58.0,-0.03415680652830566
2026-05-04 12:20:00+00:00,M204,0.0,-0.03415680652830566
2026-05-04 12:20:00+00:00,M238,0.0,-0.03415680652830566
2026-05-04 12:20:00+00:00,M265,10.0,-0.03415680652830566
2026-05-04 12:20:00+00:00,M318,0.0,-0.03415680652830566
2026-05-04 12:20:00+00:00,M336,0.0,-0.03415680652830566
2026-05-04 12:20:00+00:00,M348,0.0,-0.03415680652830566
2026-05-04 12:20:00+00:00,M362,0.0,-0.03415680652830566
2026-05-04 12:20:00+00:00,M378,45.0,-0.03415680652830566
2026-05-04 12:20:00+00:00,M392,0.0,-0.03415680652830566
2026-05-04 12:20:00+00:00,M419,0.0,-0.03415680652830566
2026-05-04 12:20:00+00:00,M430,0.0,-0.03415680652830566
2026-05-04 12:20:00+00:00,M452,0.0,-0.03415680652830566
2026-05-04 12:20:00+00:00,M474,0.0,-0.03415680652830566
2026-05-04 12:20:00+00:00,M475,1.0,-0.03415680652830566
2026-05-04 12:20:00+00:00,M490,1.0,-0.03415680652830566
2026-05-04 12:20:00+00:00,M494,0.0,-0.03415680652830566
2026-05-04 12:20:00+00:00,M516,3.0,-0.03415680652830566
2026-05-04 12:20:00+00:00,M520,3728.0,-0.03415680652830566
2026-05-04 12:20:00+00:00,M529,1.0,-0.03415680652830566
2026-05-04 12:20:00+00:00,M609,4.0,-0.03415680652830566
2026-05-04 12:20:00+00:00,M610,0.0,-0.03415680652830566
2026-05-04 12:20:00+00:00,M618,0.0,-0.03415680652830566
2026-05-04 12:20:00+00:00,M658,44.0,-0.03415680652830566
2026-05-04 12:20:00+00:00,M688,0.0,-0.03415680652830566
2026-05-04 12:20:00+00:00,M696,1527.0,-0.03415680652830566
2026-05-04 12:20:00+00:00,M719,0.0,-0.03415680652830566
2026-05-04 12:20:00+00:00,M736,1.0,-0.03415680652830566
2026-05-04 12:20:00+00:00,M767,0.0,-0.03415680652830566
2026-05-04 12:20:00+00:00,M779,14.0,-0.03415680652830566
2026-05-04 12:20:00+00:00,M786,59.0,-0.03415680652830566
2026-05-04 12:20:00+00:00,M841,2.0,-0.03415680652830566
2026-05-04 12:20:00+00:00,M843,0.0,-0.03415680652830566
2026-05-04 12:20:00+00:00,M855,0.0,-0.03415680652830566
2026-05-04 12:20:00+00:00,M874,252.0,-0.03415680652830566
2026-05-04 12:20:00+00:00,M899,5.0,-0.03415680652830566
2026-05-04 12:20:00+00:00,M904,1.0,-0.03415680652830566
2026-05-04 12:20:00+00:00,M965,17.0,-0.03415680652830566
2026-05-04 12:20:00+00:00,M971,5610.0,-0.03415680652830566
2026-05-04 12:20:00+00:00,M972,0.0,-0.03415680652830566
2026-05-04 12:20:00+00:00,M991,0.0,-0.03415680652830566
2026-05-04 18:10:00+00:00,M029,0.0,-0.0020805657454338045
2026-05-04 18:10:00+00:00,M037,0.0,-0.0020805657454338045
2026-05-04 18:10:00+00:00,M104,0.0,-0.0020805657454338045
2026-05-04 18:10:00+00:00,M162,0.0,-0.0020805657454338045
2026-05-04 18:10:00+00:00,M164,0.0,-0.0020805657454338045
2026-05-04 18:10:00+00:00,M185,43.0,-0.0020805657454338045
2026-05-04 18:10:00+00:00,M204,0.0,-0.0020805657454338045
2026-05-04 18:10:00+00:00,M238,0.0,-0.0020805657454338045
2026-05-04 18:10:00+00:00,M265,11.0,-0.0020805657454338045
2026-05-04 18:10:00+00:00,M318,0.0,-0.0020805657454338045
2026-05-04 18:10:00+00:00,M336,0.0,-0.0020805657454338045
2026-05-04 18:10:00+00:00,M348,0.0,-0.0020805657454338045
2026-05-04 18:10:00+00:00,M362,0.0,-0.0020805657454338045
2026-05-04 18:10:00+00:00,M378,43.0,-0.0020805657454338045
2026-05-04 18:10:00+00:00,M392,0.0,-0.0020805657454338045
2026-05-04 18:10:00+00:00,M419,0.0,-0.0020805657454338045
2026-05-04 18:10:00+00:00,M430,0.0,-0.0020805657454338045
2026-05-04 18:10:00+00:00,M452,0.0,-0.0020805657454338045
2026-05-04 18:10:00+00:00,M474,0.0,-0.0020805657454338045
2026-05-04 18:10:00+00:00,M475,1.0,-0.0020805657454338045
2026-05-04 18:10:00+00:00,M490,0.0,-0.0020805657454338045
2026-05-04 18:10:00+00:00,M494,0.0,-0.0020805657454338045
2026-05-04 18:10:00+00:00,M516,0.0,-0.0020805657454338045
2026-05-04 18:10:00+00:00,M520,3882.0,-0.0020805657454338045
2026-05-04 18:10:00+00:00,M529,0.0,-0.0020805657454338045
2026-05-04 18:10:00+00:00,M609,6.0,-0.0020805657454338045
2026-05-04 18:10:00+00:00,M610,0.0,-0.0020805657454338045
2026-05-04 18:10:00+00:00,M618,0.0,-0.0020805657454338045
2026-05-04 18:10:00+00:00,M658,42.0,-0.0020805657454338045
2026-05-04 18:10:00+00:00,M688,0.0,-0.0020805657454338045
2026-05-04 18:10:00+00:00,M696,1778.0,-0.0020805657454338045
2026-05-04 18:10:00+00:00,M719,0.0,-0.0020805657454338045
2026-05-04 18:10:00+00:00,M736,0.0,-0.0020805657454338045
2026-05-04 18:10:00+00:00,M767,0.0,-0.0020805657454338045
2026-05-04 18:10:00+00:00,M779,1.0,-0.0020805657454338045
2026-05-04 18:10:00+00:00,M786,36.0,-0.0020805657454338045
2026-05-04 18:10:00+00:00,M841,1.0,-0.0020805657454338045
2026-05-04 18:10:00+00:00,M843,1.0,-0.0020805657454338045
2026-05-04 18:10:00+00:00,M855,0.0,-0.0020805657454338045
2026-05-04 18:10:00+00:00,M874,228.0,-0.0020805657454338045
2026-05-04 18:10:00+00:00,M899,1.0,-0.0020805657454338045
2026-05-04 18:10:00+00:00,M904,4.0,-0.0020805657454338045
2026-05-04 18:10:00+00:00,M965,13.0,-0.0020805657454338045
2026-05-04 18:10:00+00:00,M971,5969.0,-0.0020805657454338045
2026-05-04 18:10:00+00:00,M972,0.0,-0.0020805657454338045
2026-05-04 18:10:00+00:00,M991,0.0,-0.0020805657454338045
2026-05-05 05:15:00+00:00,M029,1.0,-0.004748772971944426
2026-05-05 05:15:00+00:00,M037,0.0,-0.004748772971944426
2026-05-05 05:15:00+00:00,M104,0.0,-0.004748772971944426
2026-05-05 05:15:00+00:00,M162,0.0,-0.004748772971944426
2026-05-05 05:15:00+00:00,M164,0.0,-0.004748772971944426
2026-05-05 05:15:00+00:00,M185,62.0,-0.004748772971944426
2026-05-05 05:15:00+00:00,M204,0.0,-0.004748772971944426
2026-05-05 05:15:00+00:00,M238,0.0,-0.004748772971944426
2026-05-05 05:15:00+00:00,M265,13.0,-0.004748772971944426
2026-05-05 05:15:00+00:00,M318,0.0,-0.004748772971944426
2026-05-05 05:15:00+00:00,M336,0.0,-0.004748772971944426
2026-05-05 05:15:00+00:00,M348,0.0,-0.004748772971944426
2026-05-05 05:15:00+00:00,M362,0.0,-0.004748772971944426
2026-05-05 05:15:00+00:00,M378,35.0,-0.004748772971944426
2026-05-05 05:15:00+00:00,M392,0.0,-0.004748772971944426
2026-05-05 05:15:00+00:00,M419,0.0,-0.004748772971944426
2026-05-05 05:15:00+00:00,M430,0.0,-0.004748772971944426
2026-05-05 05:15:00+00:00,M452,0.0,-0.004748772971944426
2026-05-05 05:15:00+00:00,M474,0.0,-0.004748772971944426
2026-05-05 05:15:00+00:00,M475,0.0,-0.004748772971944426
2026-05-05 05:15:00+00:00,M490,0.0,-0.004748772971944426
2026-05-05 05:15:00+00:00,M494,0.0,-0.004748772971944426
2026-05-05 05:15:00+00:00,M516,0.0,-0.004748772971944426
2026-05-05 05:15:00+00:00,M520,3977.0,-0.004748772971944426
2026-05-05 05:15:00+00:00,M529,1.0,-0.004748772971944426
2026-05-05 05:15:00+00:00,M609,16.0,-0.004748772971944426
2026-05-05 05:15:00+00:00,M610,0.0,-0.004748772971944426
2026-05-05 05:15:00+00:00,M618,0.0,-0.004748772971944426
2026-05-05 05:15:00+00:00,M658,34.0,-0.004748772971944426
2026-05-05 05:15:00+00:00,M688,0.0,-0.004748772971944426
2026-05-05 05:15:00+00:00,M696,1554.0,-0.004748772971944426
2026-05-05 05:15:00+00:00,M719,0.0,-0.004748772971944426
2026-05-05 05:15:00+00:00,M736,1.0,-0.004748772971944426
2026-05-05 05:15:00+00:00,M767,0.0,-0.004748772971944426
2026-05-05 05:15:00+00:00,M779,2.0,-0.004748772971944426
2026-05-05 05:15:00+00:00,M786,37.0,-0.004748772971944426
2026-05-05 05:15:00+00:00,M841,0.0,-0.004748772971944426
2026-05-05 05:15:00+00:00,M843,1.0,-0.004748772971944426
2026-05-05 05:15:00+00:00,M855,0.0,-0.004748772971944426
2026-05-05 05:15:00+00:00,M874,233.0,-0.004748772971944426
2026-05-05 05:15:00+00:00,M899,1.0,-0.004748772971944426
2026-05-05 05:15:00+00:00,M904,3.0,-0.004748772971944426
2026-05-05 05:15:00+00:00,M965,14.0,-0.004748772971944426
2026-05-05 05:15:00+00:00,M971,5869.0,-0.004748772971944426
2026-05-05 05:15:00+00:00,M972,0.0,-0.004748772971944426
2026-05-05 05:15:00+00:00,M991,0.0,-0.004748772971944426
2026-05-06 14:05:00+00:00,M029,0.0,-0.03850392691005322
2026-05-06 14:05:00+00:00,M037,0.0,-0.03850392691005322
2026-05-06 14:05:00+00:00,M104,1.0,-0.03850392691005322
2026-05-06 14:05:00+00:00,M162,0.0,-0.03850392691005322
2026-05-06 14:05:00+00:00,M164,0.0,-0.03850392691005322
2026-05-06 14:05:00+00:00,M185,51.0,-0.03850392691005322
2026-05-06 14:05:00+00:00,M204,0.0,-0.03850392691005322
2026-05-06 14:05:00+00:00,M238,0.0,-0.03850392691005322
2026-05-06 14:05:00+00:00,M265,117.0,-0.03850392691005322
2026-05-06 14:05:00+00:00,M318,0.0,-0.03850392691005322
2026-05-06 14:05:00+00:00,M336,0.0,-0.03850392691005322
2026-05-06 14:05:00+00:00,M348,0.0,-0.03850392691005322
2026-05-06 14:05:00+00:00,M362,0.0,-0.03850392691005322
2026-05-06 14:05:00+00:00,M378,38.0,-0.03850392691005322
2026-05-06 14:05:00+00:00,M392,0.0,-0.03850392691005322
2026-05-06 14:05:00+00:00,M419,0.0,-0.03850392691005322
2026-05-06 14:05:00+00:00,M430,0.0,-0.03850392691005322
2026-05-06 14:05:00+00:00,M452,0.0,-0.03850392691005322
2026-05-06 14:05:00+00:00,M474,0.0,-0.03850392691005322
2026-05-06 14:05:00+00:00,M475,0.0,-0.03850392691005322
2026-05-06 14:05:00+00:00,M490,0.0,-0.03850392691005322
2026-05-06 14:05:00+00:00,M494,0.0,-0.03850392691005322
2026-05-06 14:05:00+00:00,M516,2.0,-0.03850392691005322
2026-05-06 14:05:00+00:00,M520,4615.0,-0.03850392691005322
2026-05-06 14:05:00+00:00,M529,1.0,-0.03850392691005322
2026-05-06 14:05:00+00:00,M609,24.0,-0.03850392691005322
2026-05-06 14:05:00+00:00,M610,0.0,-0.03850392691005322
2026-05-06 14:05:00+00:00,M618,0.0,-0.03850392691005322
2026-05-06 14:05:00+00:00,M658,38.0,-0.03850392691005322
2026-05-06 14:05:00+00:00,M688,0.0,-0.03850392691005322
2026-05-06 14:05:00+00:00,M696,2283.0,-0.03850392691005322
2026-05-06 14:05:00+00:00,M719,0.0,-0.03850392691005322
2026-05-06 14:05:00+00:00,M736,1.0,-0.03850392691005322
2026-05-06 14:05:00+00:00,M767,0.0,-0.03850392691005322
2026-05-06 14:05:00+00:00,M779,3.0,-0.03850392691005322
2026-05-06 14:05:00+00:00,M786,32.0,-0.03850392691005322
2026-05-06 14:05:00+00:00,M841,4.0,-0.03850392691005322
2026-05-06 14:05:00+00:00,M843,0.0,-0.03850392691005322
2026-05-06 14:05:00+00:00,M855,0.0,-0.03850392691005322
2026-05-06 14:05:00+00:00,M874,401.0,-0.03850392691005322
2026-05-06 14:05:00+00:00,M899,1.0,-0.03850392691005322
2026-05-06 14:05:00+00:00,M904,2.0,-0.03850392691005322
2026-05-06 14:05:00+00:00,M965,5.0,-0.03850392691005322
2026-05-06 14:05:00+00:00,M971,7506.0,-0.03850392691005322
2026-05-06 14:05:00+00:00,M972,0.0,-0.03850392691005322
2026-05-06 14:05:00+00:00,M991,0.0,-0.03850392691005322
2026-05-06 14:10:00+00:00,M029,0.0,-0.029573832253413923
2026-05-06 14:10:00+00:00,M037,0.0,-0.029573832253413923
2026-05-06 14:10:00+00:00,M104,3.0,-0.029573832253413923
2026-05-06 14:10:00+00:00,M162,0.0,-0.029573832253413923
2026-05-06 14:10:00+00:00,M164,0.0,-0.029573832253413923
2026-05-06 14:10:00+00:00,M185,47.0,-0.029573832253413923
2026-05-06 14:10:00+00:00,M204,0.0,-0.029573832253413923
2026-05-06 14:10:00+00:00,M238,0.0,-0.029573832253413923
2026-05-06 14:10:00+00:00,M265,98.0,-0.029573832253413923
2026-05-06 14:10:00+00:00,M318,0.0,-0.029573832253413923
2026-05-06 14:10:00+00:00,M336,0.0,-0.029573832253413923
2026-05-06 14:10:00+00:00,M348,0.0,-0.029573832253413923
2026-05-06 14:10:00+00:00,M362,0.0,-0.029573832253413923
2026-05-06 14:10:00+00:00,M378,44.0,-0.029573832253413923
2026-05-06 14:10:00+00:00,M392,0.0,-0.029573832253413923
2026-05-06 14:10:00+00:00,M419,0.0,-0.029573832253413923
2026-05-06 14:10:00+00:00,M430,0.0,-0.029573832253413923
2026-05-06 14:10:00+00:00,M452,0.0,-0.029573832253413923
2026-05-06 14:10:00+00:00,M474,0.0,-0.029573832253413923
2026-05-06 14:10:00+00:00,M475,0.0,-0.029573832253413923
2026-05-06 14:10:00+00:00,M490,0.0,-0.029573832253413923
2026-05-06 14:10:00+00:00,M494,0.0,-0.029573832253413923
2026-05-06 14:10:00+00:00,M516,0.0,-0.029573832253413923
2026-05-06 14:10:00+00:00,M520,4742.0,-0.029573832253413923
2026-05-06 14:10:00+00:00,M529,5.0,-0.029573832253413923
2026-05-06 14:10:00+00:00,M609,20.0,-0.029573832253413923
2026-05-06 14:10:00+00:00,M610,0.0,-0.029573832253413923
2026-05-06 14:10:00+00:00,M618,0.0,-0.029573832253413923
2026-05-06 14:10:00+00:00,M658,44.0,-0.029573832253413923
2026-05-06 14:10:00+00:00,M688,0.0,-0.029573832253413923
2026-05-06 14:10:00+00:00,M696,2443.0,-0.029573832253413923
2026-05-06 14:10:00+00:00,M719,0.0,-0.029573832253413923
2026-05-06 14:10:00+00:00,M736,0.0,-0.029573832253413923
2026-05-06 14:10:00+00:00,M767,0.0,-0.029573832253413923
2026-05-06 14:10:00+00:00,M779,1.0,-0.029573832253413923
2026-05-06 14:10:00+00:00,M786,41.0,-0.029573832253413923
2026-05-06 14:10:00+00:00,M841,2.0,-0.029573832253413923
2026-05-06 14:10:00+00:00,M843,0.0,-0.029573832253413923
2026-05-06 14:10:00+00:00,M855,0.0,-0.029573832253413923
2026-05-06 14:10:00+00:00,M874,472.0,-0.029573832253413923
2026-05-06 14:10:00+00:00,M899,4.0,-0.029573832253413923
2026-05-06 14:10:00+00:00,M904,0.0,-0.029573832253413923
2026-05-06 14:10:00+00:00,M965,7.0,-0.029573832253413923
2026-05-06 14:10:00+00:00,M971,7842.0,-0.029573832253413923
2026-05-06 14:10:00+00:00,M972,0.0,-0.029573832253413923
2026-05-06 14:10:00+00:00,M991,0.0,-0.029573832253413923
2026-05-06 14:20:00+00:00,M029,1.0,-0.008889007351600142
2026-05-06 14:20:00+00:00,M037,0.0,-0.008889007351600142
2026-05-06 14:20:00+00:00,M104,2.0,-0.008889007351600142
2026-05-06 14:20:00+00:00,M162,0.0,-0.008889007351600142
2026-05-06 14:20:00+00:00,M164,0.0,-0.008889007351600142
2026-05-06 14:20:00+00:00,M185,47.0,-0.008889007351600142
2026-05-06 14:20:00+00:00,M204,0.0,-0.008889007351600142
2026-05-06 14:20:00+00:00,M238,0.0,-0.008889007351600142
2026-05-06 14:20:00+00:00,M265,122.0,-0.008889007351600142
2026-05-06 14:20:00+00:00,M318,0.0,-0.008889007351600142
2026-05-06 14:20:00+00:00,M336,0.0,-0.008889007351600142
2026-05-06 14:20:00+00:00,M348,0.0,-0.008889007351600142
2026-05-06 14:20:00+00:00,M362,0.0,-0.008889007351600142
2026-05-06 14:20:00+00:00,M378,53.0,-0.008889007351600142
2026-05-06 14:20:00+00:00,M392,0.0,-0.008889007351600142
2026-05-06 14:20:00+00:00,M419,0.0,-0.008889007351600142
2026-05-06 14:20:00+00:00,M430,0.0,-0.008889007351600142
2026-05-06 14:20:00+00:00,M452,0.0,-0.008889007351600142
2026-05-06 14:20:00+00:00,M474,0.0,-0.008889007351600142
2026-05-06 14:20:00+00:00,M475,0.0,-0.008889007351600142
2026-05-06 14:20:00+00:00,M490,0.0,-0.008889007351600142
2026-05-06 14:20:00+00:00,M494,0.0,-0.008889007351600142
2026-05-06 14:20:00+00:00,M516,2.0,-0.008889007351600142
2026-05-06 14:20:00+00:00,M520,4595.0,-0.008889007351600142
2026-05-06 14:20:00+00:00,M529,0.0,-0.008889007351600142
2026-05-06 14:20:00+00:00,M609,14.0,-0.008889007351600142
2026-05-06 14:20:00+00:00,M610,0.0,-0.008889007351600142
2026-05-06 14:20:00+00:00,M618,0.0,-0.008889007351600142
2026-05-06 14:20:00+00:00,M658,52.0,-0.008889007351600142
2026-05-06 14:20:00+00:00,M688,0.0,-0.008889007351600142
2026-05-06 14:20:00+00:00,M696,2403.0,-0.008889007351600142
2026-05-06 14:20:00+00:00,M719,0.0,-0.008889007351600142
2026-05-06 14:20:00+00:00,M736,0.0,-0.008889007351600142
2026-05-06 14:20:00+00:00,M767,0.0,-0.008889007351600142
2026-05-06 14:20:00+00:00,M779,3.0,-0.008889007351600142
2026-05-06 14:20:00+00:00,M786,43.0,-0.008889007351600142
2026-05-06 14:20:00+00:00,M841,0.0,-0.008889007351600142
2026-05-06 14:20:00+00:00,M843,0.0,-0.008889007351600142
2026-05-06 14:20:00+00:00,M855,0.0,-0.008889007351600142
2026-05-06 14:20:00+00:00,M874,373.0,-0.008889007351600142
2026-05-06 14:20:00+00:00,M899,3.0,-0.008889007351600142
2026-05-06 14:20:00+00:00,M904,1.0,-0.008889007351600142
2026-05-06 14:20:00+00:00,M965,11.0,-0.008889007351600142
2026-05-06 14:20:00+00:00,M971,7566.0,-0.008889007351600142
2026-05-06 14:20:00+00:00,M972,0.0,-0.008889007351600142
2026-05-06 14:20:00+00:00,M991,0.0,-0.008889007351600142
2026-05-06 14:30:00+00:00,M029,0.0,-0.0506731448664961
2026-05-06 14:30:00+00:00,M037,0.0,-0.0506731448664961
2026-05-06 14:30:00+00:00,M104,0.0,-0.0506731448664961
2026-05-06 14:30:00+00:00,M162,0.0,-0.0506731448664961
2026-05-06 14:30:00+00:00,M164,0.0,-0.0506731448664961
2026-05-06 14:30:00+00:00,M185,46.0,-0.0506731448664961
2026-05-06 14:30:00+00:00,M204,0.0,-0.0506731448664961
2026-05-06 14:30:00+00:00,M238,0.0,-0.0506731448664961
2026-05-06 14:30:00+00:00,M265,93.0,-0.0506731448664961
2026-05-06 14:30:00+00:00,M318,0.0,-0.0506731448664961
2026-05-06 14:30:00+00:00,M336,0.0,-0.0506731448664961
2026-05-06 14:30:00+00:00,M348,0.0,-0.0506731448664961
2026-05-06 14:30:00+00:00,M362,0.0,-0.0506731448664961
2026-05-06 14:30:00+00:00,M378,48.0,-0.0506731448664961
2026-05-06 14:30:00+00:00,M392,0.0,-0.0506731448664961
2026-05-06 14:30:00+00:00,M419,0.0,-0.0506731448664961
2026-05-06 14:30:00+00:00,M430,0.0,-0.0506731448664961
2026-05-06 14:30:00+00:00,M452,0.0,-0.0506731448664961
2026-05-06 14:30:00+00:00,M474,0.0,-0.0506731448664961
2026-05-06 14:30:00+00:00,M475,1.0,-0.0506731448664961
2026-05-06 14:30:00+00:00,M490,0.0,-0.0506731448664961
2026-05-06 14:30:00+00:00,M494,0.0,-0.0506731448664961
2026-05-06 14:30:00+00:00,M516,0.0,-0.0506731448664961
2026-05-06 14:30:00+00:00,M520,4601.0,-0.0506731448664961
2026-05-06 14:30:00+00:00,M529,6.0,-0.0506731448664961
2026-05-06 14:30:00+00:00,M609,10.0,-0.0506731448664961
2026-05-06 14:30:00+00:00,M610,0.0,-0.0506731448664961
2026-05-06 14:30:00+00:00,M618,0.0,-0.0506731448664961
2026-05-06 14:30:00+00:00,M658,48.0,-0.0506731448664961
2026-05-06 14:30:00+00:00,M688,0.0,-0.0506731448664961
2026-05-06 14:30:00+00:00,M696,2395.0,-0.0506731448664961
2026-05-06 14:30:00+00:00,M719,0.0,-0.0506731448664961
2026-05-06 14:30:00+00:00,M736,1.0,-0.0506731448664961
2026-05-06 14:30:00+00:00,M767,0.0,-0.0506731448664961
2026-05-06 14:30:00+00:00,M779,1.0,-0.0506731448664961
2026-05-06 14:30:00+00:00,M786,44.0,-0.0506731448664961
2026-05-06 14:30:00+00:00,M841,3.0,-0.0506731448664961
2026-05-06 14:30:00+00:00,M843,0.0,-0.0506731448664961
2026-05-06 14:30:00+00:00,M855,0.0,-0.0506731448664961
2026-05-06 14:30:00+00:00,M874,389.0,-0.0506731448664961
2026-05-06 14:30:00+00:00,M899,5.0,-0.0506731448664961
2026-05-06 14:30:00+00:00,M904,2.0,-0.0506731448664961
2026-05-06 14:30:00+00:00,M965,4.0,-0.0506731448664961
2026-05-06 14:30:00+00:00,M971,7549.0,-0.0506731448664961
2026-05-06 14:30:00+00:00,M972,0.0,-0.0506731448664961
2026-05-06 14:30:00+00:00,M991,0.0,-0.0506731448664961
2026-05-06 14:35:00+00:00,M029,0.0,-0.006577774480098331
2026-05-06 14:35:00+00:00,M037,0.0,-0.006577774480098331
2026-05-06 14:35:00+00:00,M104,0.0,-0.006577774480098331
2026-05-06 14:35:00+00:00,M162,0.0,-0.006577774480098331
2026-05-06 14:35:00+00:00,M164,0.0,-0.006577774480098331
2026-05-06 14:35:00+00:00,M185,26.0,-0.006577774480098331
2026-05-06 14:35:00+00:00,M204,0.0,-0.006577774480098331
2026-05-06 14:35:00+00:00,M238,0.0,-0.006577774480098331
2026-05-06 14:35:00+00:00,M265,134.0,-0.006577774480098331
2026-05-06 14:35:00+00:00,M318,0.0,-0.006577774480098331
2026-05-06 14:35:00+00:00,M336,0.0,-0.006577774480098331
2026-05-06 14:35:00+00:00,M348,0.0,-0.006577774480098331
2026-05-06 14:35:00+00:00,M362,0.0,-0.006577774480098331
2026-05-06 14:35:00+00:00,M378,37.0,-0.006577774480098331
2026-05-06 14:35:00+00:00,M392,0.0,-0.006577774480098331
2026-05-06 14:35:00+00:00,M419,0.0,-0.006577774480098331
2026-05-06 14:35:00+00:00,M430,0.0,-0.006577774480098331
2026-05-06 14:35:00+00:00,M452,0.0,-0.006577774480098331
2026-05-06 14:35:00+00:00,M474,0.0,-0.006577774480098331
2026-05-06 14:35:00+00:00,M475,0.0,-0.006577774480098331
2026-05-06 14:35:00+00:00,M490,0.0,-0.006577774480098331
2026-05-06 14:35:00+00:00,M494,0.0,-0.006577774480098331
2026-05-06 14:35:00+00:00,M516,0.0,-0.006577774480098331
2026-05-06 14:35:00+00:00,M520,4784.0,-0.006577774480098331
2026-05-06 14:35:00+00:00,M529,3.0,-0.006577774480098331
2026-05-06 14:35:00+00:00,M609,11.0,-0.006577774480098331
2026-05-06 14:35:00+00:00,M610,0.0,-0.006577774480098331
2026-05-06 14:35:00+00:00,M618,0.0,-0.006577774480098331
2026-05-06 14:35:00+00:00,M658,37.0,-0.006577774480098331
2026-05-06 14:35:00+00:00,M688,0.0,-0.006577774480098331
2026-05-06 14:35:00+00:00,M696,2455.0,-0.006577774480098331
2026-05-06 14:35:00+00:00,M719,0.0,-0.006577774480098331
2026-05-06 14:35:00+00:00,M736,1.0,-0.006577774480098331
2026-05-06 14:35:00+00:00,M767,0.0,-0.006577774480098331
2026-05-06 14:35:00+00:00,M779,0.0,-0.006577774480098331
2026-05-06 14:35:00+00:00,M786,23.0,-0.006577774480098331
2026-05-06 14:35:00+00:00,M841,2.0,-0.006577774480098331
2026-05-06 14:35:00+00:00,M843,0.0,-0.006577774480098331
2026-05-06 14:35:00+00:00,M855,0.0,-0.006577774480098331
2026-05-06 14:35:00+00:00,M874,400.0,-0.006577774480098331
2026-05-06 14:35:00+00:00,M899,0.0,-0.006577774480098331
2026-05-06 14:35:00+00:00,M904,1.0,-0.006577774480098331
2026-05-06 14:35:00+00:00,M965,7.0,-0.006577774480098331
2026-05-06 14:35:00+00:00,M971,7824.0,-0.006577774480098331
2026-05-06 14:35:00+00:00,M972,0.0,-0.006577774480098331
2026-05-06 14:35:00+00:00,M991,0.0,-0.006577774480098331
2026-05-06 14:45:00+00:00,M029,1.0,-0.037651066280526835
2026-05-06 14:45:00+00:00,M037,0.0,-0.037651066280526835
2026-05-06 14:45:00+00:00,M104,1.0,-0.037651066280526835
2026-05-06 14:45:00+00:00,M162,0.0,-0.037651066280526835
2026-05-06 14:45:00+00:00,M164,0.0,-0.037651066280526835
2026-05-06 14:45:00+00:00,M185,16.0,-0.037651066280526835
2026-05-06 14:45:00+00:00,M204,0.0,-0.037651066280526835
2026-05-06 14:45:00+00:00,M238,0.0,-0.037651066280526835
2026-05-06 14:45:00+00:00,M265,221.0,-0.037651066280526835
2026-05-06 14:45:00+00:00,M318,0.0,-0.037651066280526835
2026-05-06 14:45:00+00:00,M336,0.0,-0.037651066280526835
2026-05-06 14:45:00+00:00,M348,0.0,-0.037651066280526835
2026-05-06 14:45:00+00:00,M362,0.0,-0.037651066280526835
2026-05-06 14:45:00+00:00,M378,26.0,-0.037651066280526835
2026-05-06 14:45:00+00:00,M392,0.0,-0.037651066280526835
2026-05-06 14:45:00+00:00,M419,0.0,-0.037651066280526835
2026-05-06 14:45:00+00:00,M430,0.0,-0.037651066280526835
2026-05-06 14:45:00+00:00,M452,0.0,-0.037651066280526835
2026-05-06 14:45:00+00:00,M474,0.0,-0.037651066280526835
2026-05-06 14:45:00+00:00,M475,0.0,-0.037651066280526835
2026-05-06 14:45:00+00:00,M490,0.0,-0.037651066280526835
2026-05-06 14:45:00+00:00,M494,0.0,-0.037651066280526835
2026-05-06 14:45:00+00:00,M516,2.0,-0.037651066280526835
2026-05-06 14:45:00+00:00,M520,4755.0,-0.037651066280526835
2026-05-06 14:45:00+00:00,M529,1.0,-0.037651066280526835
2026-05-06 14:45:00+00:00,M609,18.0,-0.037651066280526835
2026-05-06 14:45:00+00:00,M610,0.0,-0.037651066280526835
2026-05-06 14:45:00+00:00,M618,0.0,-0.037651066280526835
2026-05-06 14:45:00+00:00,M658,26.0,-0.037651066280526835
2026-05-06 14:45:00+00:00,M688,0.0,-0.037651066280526835
2026-05-06 14:45:00+00:00,M696,2389.0,-0.037651066280526835
2026-05-06 14:45:00+00:00,M719,0.0,-0.037651066280526835
2026-05-06 14:45:00+00:00,M736,0.0,-0.037651066280526835
2026-05-06 14:45:00+00:00,M767,0.0,-0.037651066280526835
2026-05-06 14:45:00+00:00,M779,0.0,-0.037651066280526835
2026-05-06 14:45:00+00:00,M786,13.0,-0.037651066280526835
2026-05-06 14:45:00+00:00,M841,1.0,-0.037651066280526835
2026-05-06 14:45:00+00:00,M843,0.0,-0.037651066280526835
2026-05-06 14:45:00+00:00,M855,0.0,-0.037651066280526835
2026-05-06 14:45:00+00:00,M874,357.0,-0.037651066280526835
2026-05-06 14:45:00+00:00,M899,3.0,-0.037651066280526835
2026-05-06 14:45:00+00:00,M904,0.0,-0.037651066280526835
2026-05-06 14:45:00+00:00,M965,13.0,-0.037651066280526835
2026-05-06 14:45:00+00:00,M971,7787.0,-0.037651066280526835
2026-05-06 14:45:00+00:00,M972,0.0,-0.037651066280526835
2026-05-06 14:45:00+00:00,M991,0.0,-0.037651066280526835
2026-05-12 04:30:00+00:00,M029,0.0,-0.008551637964031245
2026-05-12 04:30:00+00:00,M037,0.0,-0.008551637964031245
2026-05-12 04:30:00+00:00,M104,1.0,-0.008551637964031245
2026-05-12 04:30:00+00:00,M162,0.0,-0.008551637964031245
2026-05-12 04:30:00+00:00,M164,0.0,-0.008551637964031245
2026-05-12 04:30:00+00:00,M185,59.0,-0.008551637964031245
2026-05-12 04:30:00+00:00,M204,0.0,-0.008551637964031245
2026-05-12 04:30:00+00:00,M238,0.0,-0.008551637964031245
2026-05-12 04:30:00+00:00,M265,15.0,-0.008551637964031245
2026-05-12 04:30:00+00:00,M318,0.0,-0.008551637964031245
2026-05-12 04:30:00+00:00,M336,0.0,-0.008551637964031245
2026-05-12 04:30:00+00:00,M348,0.0,-0.008551637964031245
2026-05-12 04:30:00+00:00,M362,0.0,-0.008551637964031245
2026-05-12 04:30:00+00:00,M378,46.0,-0.008551637964031245
2026-05-12 04:30:00+00:00,M392,0.0,-0.008551637964031245
2026-05-12 04:30:00+00:00,M419,0.0,-0.008551637964031245
2026-05-12 04:30:00+00:00,M430,0.0,-0.008551637964031245
2026-05-12 04:30:00+00:00,M452,0.0,-0.008551637964031245
2026-05-12 04:30:00+00:00,M474,0.0,-0.008551637964031245
2026-05-12 04:30:00+00:00,M475,0.0,-0.008551637964031245
2026-05-12 04:30:00+00:00,M490,0.0,-0.008551637964031245
2026-05-12 04:30:00+00:00,M494,0.0,-0.008551637964031245
2026-05-12 04:30:00+00:00,M516,2.0,-0.008551637964031245
2026-05-12 04:30:00+00:00,M520,3916.0,-0.008551637964031245
2026-05-12 04:30:00+00:00,M529,2.0,-0.008551637964031245
2026-05-12 04:30:00+00:00,M609,18.0,-0.008551637964031245
2026-05-12 04:30:00+00:00,M610,0.0,-0.008551637964031245
2026-05-12 04:30:00+00:00,M618,0.0,-0.008551637964031245
2026-05-12 04:30:00+00:00,M658,45.0,-0.008551637964031245
2026-05-12 04:30:00+00:00,M688,0.0,-0.008551637964031245
2026-05-12 04:30:00+00:00,M696,1503.0,-0.008551637964031245
2026-05-12 04:30:00+00:00,M719,0.0,-0.008551637964031245
2026-05-12 04:30:00+00:00,M736,0.0,-0.008551637964031245
2026-05-12 04:30:00+00:00,M767,0.0,-0.008551637964031245
2026-05-12 04:30:00+00:00,M779,2.0,-0.008551637964031245
2026-05-12 04:30:00+00:00,M786,50.0,-0.008551637964031245
2026-05-12 04:30:00+00:00,M841,3.0,-0.008551637964031245
2026-05-12 04:30:00+00:00,M843,1.0,-0.008551637964031245
2026-05-12 04:30:00+00:00,M855,0.0,-0.008551637964031245
2026-05-12 04:30:00+00:00,M874,221.0,-0.008551637964031245
2026-05-12 04:30:00+00:00,M899,10.0,-0.008551637964031245
2026-05-12 04:30:00+00:00,M904,3.0,-0.008551637964031245
2026-05-12 04:30:00+00:00,M965,20.0,-0.008551637964031245
2026-05-12 04:30:00+00:00,M971,5768.0,-0.008551637964031245
2026-05-12 04:30:00+00:00,M972,0.0,-0.008551637964031245
2026-05-12 04:30:00+00:00,M991,0.0,-0.008551637964031245
2026-05-12 07:55:00+00:00,M029,0.0,-0.0029928781380482716
2026-05-12 07:55:00+00:00,M037,0.0,-0.0029928781380482716
2026-05-12 07:55:00+00:00,M104,0.0,-0.0029928781380482716
2026-05-12 07:55:00+00:00,M162,0.0,-0.0029928781380482716
2026-05-12 07:55:00+00:00,M164,0.0,-0.0029928781380482716
2026-05-12 07:55:00+00:00,M185,66.0,-0.0029928781380482716
2026-05-12 07:55:00+00:00,M204,0.0,-0.0029928781380482716
2026-05-12 07:55:00+00:00,M238,0.0,-0.0029928781380482716
2026-05-12 07:55:00+00:00,M265,16.0,-0.0029928781380482716
2026-05-12 07:55:00+00:00,M318,0.0,-0.0029928781380482716
2026-05-12 07:55:00+00:00,M336,1.0,-0.0029928781380482716
2026-05-12 07:55:00+00:00,M348,0.0,-0.0029928781380482716
2026-05-12 07:55:00+00:00,M362,0.0,-0.0029928781380482716
2026-05-12 07:55:00+00:00,M378,51.0,-0.0029928781380482716
2026-05-12 07:55:00+00:00,M392,0.0,-0.0029928781380482716
2026-05-12 07:55:00+00:00,M419,0.0,-0.0029928781380482716
2026-05-12 07:55:00+00:00,M430,0.0,-0.0029928781380482716
2026-05-12 07:55:00+00:00,M452,0.0,-0.0029928781380482716
2026-05-12 07:55:00+00:00,M474,0.0,-0.0029928781380482716
2026-05-12 07:55:00+00:00,M475,0.0,-0.0029928781380482716
2026-05-12 07:55:00+00:00,M490,0.0,-0.0029928781380482716
2026-05-12 07:55:00+00:00,M494,0.0,-0.0029928781380482716
2026-05-12 07:55:00+00:00,M516,3.0,-0.0029928781380482716
2026-05-12 07:55:00+00:00,M520,3871.0,-0.0029928781380482716
2026-05-12 07:55:00+00:00,M529,1.0,-0.0029928781380482716
2026-05-12 07:55:00+00:00,M609,8.0,-0.0029928781380482716
2026-05-12 07:55:00+00:00,M610,0.0,-0.0029928781380482716
2026-05-12 07:55:00+00:00,M618,0.0,-0.0029928781380482716
2026-05-12 07:55:00+00:00,M658,48.0,-0.0029928781380482716
2026-05-12 07:55:00+00:00,M688,0.0,-0.0029928781380482716
2026-05-12 07:55:00+00:00,M696,1566.0,-0.0029928781380482716
2026-05-12 07:55:00+00:00,M719,0.0,-0.0029928781380482716
2026-05-12 07:55:00+00:00,M736,0.0,-0.0029928781380482716
2026-05-12 07:55:00+00:00,M767,0.0,-0.0029928781380482716
2026-05-12 07:55:00+00:00,M779,27.0,-0.0029928781380482716
2026-05-12 07:55:00+00:00,M786,78.0,-0.0029928781380482716
2026-05-12 07:55:00+00:00,M841,0.0,-0.0029928781380482716
2026-05-12 07:55:00+00:00,M843,0.0,-0.0029928781380482716
2026-05-12 07:55:00+00:00,M855,0.0,-0.0029928781380482716
2026-05-12 07:55:00+00:00,M874,189.0,-0.0029928781380482716
2026-05-12 07:55:00+00:00,M899,6.0,-0.0029928781380482716
2026-05-12 07:55:00+00:00,M904,4.0,-0.0029928781380482716
2026-05-12 07:55:00+00:00,M965,25.0,-0.0029928781380482716
2026-05-12 07:55:00+00:00,M971,5755.0,-0.0029928781380482716
2026-05-12 07:55:00+00:00,M972,0.0,-0.0029928781380482716
2026-05-12 07:55:00+00:00,M991,0.0,-0.0029928781380482716
2026-05-13 02:10:00+00:00,M029,0.0,-0.013420635576604445
2026-05-13 02:10:00+00:00,M037,0.0,-0.013420635576604445
2026-05-13 02:10:00+00:00,M104,1.0,-0.013420635576604445
2026-05-13 02:10:00+00:00,M162,0.0,-0.013420635576604445
2026-05-13 02:10:00+00:00,M164,0.0,-0.013420635576604445
2026-05-13 02:10:00+00:00,M185,53.0,-0.013420635576604445
2026-05-13 02:10:00+00:00,M204,0.0,-0.013420635576604445
2026-05-13 02:10:00+00:00,M238,0.0,-0.013420635576604445
2026-05-13 02:10:00+00:00,M265,20.0,-0.013420635576604445
2026-05-13 02:10:00+00:00,M318,0.0,-0.013420635576604445
2026-05-13 02:10:00+00:00,M336,0.0,-0.013420635576604445
2026-05-13 02:10:00+00:00,M348,0.0,-0.013420635576604445
2026-05-13 02:10:00+00:00,M362,0.0,-0.013420635576604445
2026-05-13 02:10:00+00:00,M378,66.0,-0.013420635576604445
2026-05-13 02:10:00+00:00,M392,0.0,-0.013420635576604445
2026-05-13 02:10:00+00:00,M419,0.0,-0.013420635576604445
2026-05-13 02:10:00+00:00,M430,0.0,-0.013420635576604445
2026-05-13 02:10:00+00:00,M452,0.0,-0.013420635576604445
2026-05-13 02:10:00+00:00,M474,0.0,-0.013420635576604445
2026-05-13 02:10:00+00:00,M475,0.0,-0.013420635576604445
2026-05-13 02:10:00+00:00,M490,1.0,-0.013420635576604445
2026-05-13 02:10:00+00:00,M494,0.0,-0.013420635576604445
2026-05-13 02:10:00+00:00,M516,1.0,-0.013420635576604445
2026-05-13 02:10:00+00:00,M520,3614.0,-0.013420635576604445
2026-05-13 02:10:00+00:00,M529,0.0,-0.013420635576604445
2026-05-13 02:10:00+00:00,M609,14.0,-0.013420635576604445
2026-05-13 02:10:00+00:00,M610,0.0,-0.013420635576604445
2026-05-13 02:10:00+00:00,M618,0.0,-0.013420635576604445
2026-05-13 02:10:00+00:00,M658,65.0,-0.013420635576604445
2026-05-13 02:10:00+00:00,M688,0.0,-0.013420635576604445
2026-05-13 02:10:00+00:00,M696,1400.0,-0.013420635576604445
2026-05-13 02:10:00+00:00,M719,0.0,-0.013420635576604445
2026-05-13 02:10:00+00:00,M736,0.0,-0.013420635576604445
2026-05-13 02:10:00+00:00,M767,0.0,-0.013420635576604445
2026-05-13 02:10:00+00:00,M779,1.0,-0.013420635576604445
2026-05-13 02:10:00+00:00,M786,65.0,-0.013420635576604445
2026-05-13 02:10:00+00:00,M841,1.0,-0.013420635576604445
2026-05-13 02:10:00+00:00,M843,1.0,-0.013420635576604445
2026-05-13 02:10:00+00:00,M855,0.0,-0.013420635576604445
2026-05-13 02:10:00+00:00,M874,245.0,-0.013420635576604445
2026-05-13 02:10:00+00:00,M899,7.0,-0.013420635576604445
2026-05-13 02:10:00+00:00,M904,1.0,-0.013420635576604445
2026-05-13 02:10:00+00:00,M965,3.0,-0.013420635576604445
2026-05-13 02:10:00+00:00,M971,5360.0,-0.013420635576604445
2026-05-13 02:10:00+00:00,M972,0.0,-0.013420635576604445
2026-05-13 02:10:00+00:00,M991,0.0,-0.013420635576604445
2026-05-13 02:25:00+00:00,M029,0.0,-0.009638413099715248
2026-05-13 02:25:00+00:00,M037,0.0,-0.009638413099715248
2026-05-13 02:25:00+00:00,M104,2.0,-0.009638413099715248
2026-05-13 02:25:00+00:00,M162,0.0,-0.009638413099715248
2026-05-13 02:25:00+00:00,M164,1.0,-0.009638413099715248
2026-05-13 02:25:00+00:00,M185,41.0,-0.009638413099715248
2026-05-13 02:25:00+00:00,M204,0.0,-0.009638413099715248
2026-05-13 02:25:00+00:00,M238,0.0,-0.009638413099715248
2026-05-13 02:25:00+00:00,M265,19.0,-0.009638413099715248
2026-05-13 02:25:00+00:00,M318,0.0,-0.009638413099715248
2026-05-13 02:25:00+00:00,M336,0.0,-0.009638413099715248
2026-05-13 02:25:00+00:00,M348,0.0,-0.009638413099715248
2026-05-13 02:25:00+00:00,M362,0.0,-0.009638413099715248
2026-05-13 02:25:00+00:00,M378,71.0,-0.009638413099715248
2026-05-13 02:25:00+00:00,M392,0.0,-0.009638413099715248
2026-05-13 02:25:00+00:00,M419,0.0,-0.009638413099715248
2026-05-13 02:25:00+00:00,M430,0.0,-0.009638413099715248
2026-05-13 02:25:00+00:00,M452,0.0,-0.009638413099715248
2026-05-13 02:25:00+00:00,M474,0.0,-0.009638413099715248
2026-05-13 02:25:00+00:00,M475,0.0,-0.009638413099715248
2026-05-13 02:25:00+00:00,M490,0.0,-0.009638413099715248
2026-05-13 02:25:00+00:00,M494,0.0,-0.009638413099715248
2026-05-13 02:25:00+00:00,M516,0.0,-0.009638413099715248
2026-05-13 02:25:00+00:00,M520,3675.0,-0.009638413099715248
2026-05-13 02:25:00+00:00,M529,0.0,-0.009638413099715248
2026-05-13 02:25:00+00:00,M609,19.0,-0.009638413099715248
2026-05-13 02:25:00+00:00,M610,0.0,-0.009638413099715248
2026-05-13 02:25:00+00:00,M618,0.0,-0.009638413099715248
2026-05-13 02:25:00+00:00,M658,71.0,-0.009638413099715248
2026-05-13 02:25:00+00:00,M688,0.0,-0.009638413099715248
2026-05-13 02:25:00+00:00,M696,1433.0,-0.009638413099715248
2026-05-13 02:25:00+00:00,M719,0.0,-0.009638413099715248
2026-05-13 02:25:00+00:00,M736,1.0,-0.009638413099715248
2026-05-13 02:25:00+00:00,M767,0.0,-0.009638413099715248
2026-05-13 02:25:00+00:00,M779,2.0,-0.009638413099715248
2026-05-13 02:25:00+00:00,M786,71.0,-0.009638413099715248
2026-05-13 02:25:00+00:00,M841,2.0,-0.009638413099715248
2026-05-13 02:25:00+00:00,M843,0.0,-0.009638413099715248
2026-05-13 02:25:00+00:00,M855,0.0,-0.009638413099715248
2026-05-13 02:25:00+00:00,M874,232.0,-0.009638413099715248
2026-05-13 02:25:00+00:00,M899,6.0,-0.009638413099715248
2026-05-13 02:25:00+00:00,M904,4.0,-0.009638413099715248
2026-05-13 02:25:00+00:00,M965,11.0,-0.009638413099715248
2026-05-13 02:25:00+00:00,M971,5453.0,-0.009638413099715248
2026-05-13 02:25:00+00:00,M972,0.0,-0.009638413099715248
2026-05-13 02:25:00+00:00,M991,0.0,-0.009638413099715248
2026-05-13 09:20:00+00:00,M029,0.0,-0.024525243748775294
2026-05-13 09:20:00+00:00,M037,0.0,-0.024525243748775294
2026-05-13 09:20:00+00:00,M104,0.0,-0.024525243748775294
2026-05-13 09:20:00+00:00,M162,0.0,-0.024525243748775294
2026-05-13 09:20:00+00:00,M164,0.0,-0.024525243748775294
2026-05-13 09:20:00+00:00,M185,55.0,-0.024525243748775294
2026-05-13 09:20:00+00:00,M204,0.0,-0.024525243748775294
2026-05-13 09:20:00+00:00,M238,0.0,-0.024525243748775294
2026-05-13 09:20:00+00:00,M265,14.0,-0.024525243748775294
2026-05-13 09:20:00+00:00,M318,0.0,-0.024525243748775294
2026-05-13 09:20:00+00:00,M336,0.0,-0.024525243748775294
2026-05-13 09:20:00+00:00,M348,0.0,-0.024525243748775294
2026-05-13 09:20:00+00:00,M362,0.0,-0.024525243748775294
2026-05-13 09:20:00+00:00,M378,60.0,-0.024525243748775294
2026-05-13 09:20:00+00:00,M392,0.0,-0.024525243748775294
2026-05-13 09:20:00+00:00,M419,0.0,-0.024525243748775294
2026-05-13 09:20:00+00:00,M430,0.0,-0.024525243748775294
2026-05-13 09:20:00+00:00,M452,0.0,-0.024525243748775294
2026-05-13 09:20:00+00:00,M474,0.0,-0.024525243748775294
2026-05-13 09:20:00+00:00,M475,0.0,-0.024525243748775294
2026-05-13 09:20:00+00:00,M490,0.0,-0.024525243748775294
2026-05-13 09:20:00+00:00,M494,0.0,-0.024525243748775294
2026-05-13 09:20:00+00:00,M516,1.0,-0.024525243748775294
2026-05-13 09:20:00+00:00,M520,3673.0,-0.024525243748775294
2026-05-13 09:20:00+00:00,M529,0.0,-0.024525243748775294
2026-05-13 09:20:00+00:00,M609,21.0,-0.024525243748775294
2026-05-13 09:20:00+00:00,M610,0.0,-0.024525243748775294
2026-05-13 09:20:00+00:00,M618,0.0,-0.024525243748775294
2026-05-13 09:20:00+00:00,M658,60.0,-0.024525243748775294
2026-05-13 09:20:00+00:00,M688,0.0,-0.024525243748775294
2026-05-13 09:20:00+00:00,M696,1535.0,-0.024525243748775294
2026-05-13 09:20:00+00:00,M719,0.0,-0.024525243748775294
2026-05-13 09:20:00+00:00,M736,2.0,-0.024525243748775294
2026-05-13 09:20:00+00:00,M767,0.0,-0.024525243748775294
2026-05-13 09:20:00+00:00,M779,3.0,-0.024525243748775294
2026-05-13 09:20:00+00:00,M786,61.0,-0.024525243748775294
2026-05-13 09:20:00+00:00,M841,1.0,-0.024525243748775294
2026-05-13 09:20:00+00:00,M843,0.0,-0.024525243748775294
2026-05-13 09:20:00+00:00,M855,0.0,-0.024525243748775294
2026-05-13 09:20:00+00:00,M874,225.0,-0.024525243748775294
2026-05-13 09:20:00+00:00,M899,9.0,-0.024525243748775294
2026-05-13 09:20:00+00:00,M904,6.0,-0.024525243748775294
2026-05-13 09:20:00+00:00,M965,36.0,-0.024525243748775294
2026-05-13 09:20:00+00:00,M971,5574.0,-0.024525243748775294
2026-05-13 09:20:00+00:00,M972,0.0,-0.024525243748775294
2026-05-13 09:20:00+00:00,M991,0.0,-0.024525243748775294
2026-05-14 04:10:00+00:00,M029,0.0,-0.007580073994952086
2026-05-14 04:10:00+00:00,M037,0.0,-0.007580073994952086
2026-05-14 04:10:00+00:00,M104,4.0,-0.007580073994952086
2026-05-14 04:10:00+00:00,M162,0.0,-0.007580073994952086
2026-05-14 04:10:00+00:00,M164,0.0,-0.007580073994952086
2026-05-14 04:10:00+00:00,M185,48.0,-0.007580073994952086
2026-05-14 04:10:00+00:00,M204,0.0,-0.007580073994952086
2026-05-14 04:10:00+00:00,M238,0.0,-0.007580073994952086
2026-05-14 04:10:00+00:00,M265,28.0,-0.007580073994952086
2026-05-14 04:10:00+00:00,M318,0.0,-0.007580073994952086
2026-05-14 04:10:00+00:00,M336,0.0,-0.007580073994952086
2026-05-14 04:10:00+00:00,M348,0.0,-0.007580073994952086
2026-05-14 04:10:00+00:00,M362,0.0,-0.007580073994952086
2026-05-14 04:10:00+00:00,M378,74.0,-0.007580073994952086
2026-05-14 04:10:00+00:00,M392,0.0,-0.007580073994952086
2026-05-14 04:10:00+00:00,M419,0.0,-0.007580073994952086
2026-05-14 04:10:00+00:00,M430,0.0,-0.007580073994952086
2026-05-14 04:10:00+00:00,M452,0.0,-0.007580073994952086
2026-05-14 04:10:00+00:00,M474,0.0,-0.007580073994952086
2026-05-14 04:10:00+00:00,M475,0.0,-0.007580073994952086
2026-05-14 04:10:00+00:00,M490,0.0,-0.007580073994952086
2026-05-14 04:10:00+00:00,M494,0.0,-0.007580073994952086
2026-05-14 04:10:00+00:00,M516,0.0,-0.007580073994952086
2026-05-14 04:10:00+00:00,M520,3652.0,-0.007580073994952086
2026-05-14 04:10:00+00:00,M529,0.0,-0.007580073994952086
2026-05-14 04:10:00+00:00,M609,9.0,-0.007580073994952086
2026-05-14 04:10:00+00:00,M610,0.0,-0.007580073994952086
2026-05-14 04:10:00+00:00,M618,0.0,-0.007580073994952086
2026-05-14 04:10:00+00:00,M658,73.0,-0.007580073994952086
2026-05-14 04:10:00+00:00,M688,0.0,-0.007580073994952086
2026-05-14 04:10:00+00:00,M696,1502.0,-0.007580073994952086
2026-05-14 04:10:00+00:00,M719,0.0,-0.007580073994952086
2026-05-14 04:10:00+00:00,M736,0.0,-0.007580073994952086
2026-05-14 04:10:00+00:00,M767,0.0,-0.007580073994952086
2026-05-14 04:10:00+00:00,M779,1.0,-0.007580073994952086
2026-05-14 04:10:00+00:00,M786,73.0,-0.007580073994952086
2026-05-14 04:10:00+00:00,M841,0.0,-0.007580073994952086
2026-05-14 04:10:00+00:00,M843,1.0,-0.007580073994952086
2026-05-14 04:10:00+00:00,M855,0.0,-0.007580073994952086
2026-05-14 04:10:00+00:00,M874,220.0,-0.007580073994952086
2026-05-14 04:10:00+00:00,M899,10.0,-0.007580073994952086
2026-05-14 04:10:00+00:00,M904,0.0,-0.007580073994952086
2026-05-14 04:10:00+00:00,M965,21.0,-0.007580073994952086
2026-05-14 04:10:00+00:00,M971,5491.0,-0.007580073994952086
2026-05-14 04:10:00+00:00,M972,0.0,-0.007580073994952086
2026-05-14 04:10:00+00:00,M991,0.0,-0.007580073994952086
2026-05-15 12:25:00+00:00,M029,0.0,-0.031794610623974484
2026-05-15 12:25:00+00:00,M037,0.0,-0.031794610623974484
2026-05-15 12:25:00+00:00,M104,0.0,-0.031794610623974484
2026-05-15 12:25:00+00:00,M162,0.0,-0.031794610623974484
2026-05-15 12:25:00+00:00,M164,0.0,-0.031794610623974484
2026-05-15 12:25:00+00:00,M185,52.0,-0.031794610623974484
2026-05-15 12:25:00+00:00,M204,0.0,-0.031794610623974484
2026-05-15 12:25:00+00:00,M238,0.0,-0.031794610623974484
2026-05-15 12:25:00+00:00,M265,10.0,-0.031794610623974484
2026-05-15 12:25:00+00:00,M318,0.0,-0.031794610623974484
2026-05-15 12:25:00+00:00,M336,1.0,-0.031794610623974484
2026-05-15 12:25:00+00:00,M348,0.0,-0.031794610623974484
2026-05-15 12:25:00+00:00,M362,0.0,-0.031794610623974484
2026-05-15 12:25:00+00:00,M378,43.0,-0.031794610623974484
2026-05-15 12:25:00+00:00,M392,0.0,-0.031794610623974484
2026-05-15 12:25:00+00:00,M419,0.0,-0.031794610623974484
2026-05-15 12:25:00+00:00,M430,0.0,-0.031794610623974484
2026-05-15 12:25:00+00:00,M452,0.0,-0.031794610623974484
2026-05-15 12:25:00+00:00,M474,1.0,-0.031794610623974484
2026-05-15 12:25:00+00:00,M475,0.0,-0.031794610623974484
2026-05-15 12:25:00+00:00,M490,2.0,-0.031794610623974484
2026-05-15 12:25:00+00:00,M494,0.0,-0.031794610623974484
2026-05-15 12:25:00+00:00,M516,11.0,-0.031794610623974484
2026-05-15 12:25:00+00:00,M520,3401.0,-0.031794610623974484
2026-05-15 12:25:00+00:00,M529,4.0,-0.031794610623974484
2026-05-15 12:25:00+00:00,M609,5.0,-0.031794610623974484
2026-05-15 12:25:00+00:00,M610,0.0,-0.031794610623974484
2026-05-15 12:25:00+00:00,M618,0.0,-0.031794610623974484
2026-05-15 12:25:00+00:00,M658,41.0,-0.031794610623974484
2026-05-15 12:25:00+00:00,M688,0.0,-0.031794610623974484
2026-05-15 12:25:00+00:00,M696,1363.0,-0.031794610623974484
2026-05-15 12:25:00+00:00,M719,0.0,-0.031794610623974484
2026-05-15 12:25:00+00:00,M736,0.0,-0.031794610623974484
2026-05-15 12:25:00+00:00,M767,0.0,-0.031794610623974484
2026-05-15 12:25:00+00:00,M779,0.0,-0.031794610623974484
2026-05-15 12:25:00+00:00,M786,47.0,-0.031794610623974484
2026-05-15 12:25:00+00:00,M841,2.0,-0.031794610623974484
2026-05-15 12:25:00+00:00,M843,0.0,-0.031794610623974484
2026-05-15 12:25:00+00:00,M855,0.0,-0.031794610623974484
2026-05-15 12:25:00+00:00,M874,198.0,-0.031794610623974484
2026-05-15 12:25:00+00:00,M899,7.0,-0.031794610623974484
2026-05-15 12:25:00+00:00,M904,1.0,-0.031794610623974484
2026-05-15 12:25:00+00:00,M965,19.0,-0.031794610623974484
2026-05-15 12:25:00+00:00,M971,5057.0,-0.031794610623974484
2026-05-15 12:25:00+00:00,M972,0.0,-0.031794610623974484
2026-05-15 12:25:00+00:00,M991,0.0,-0.031794610623974484
2026-05-16 06:00:00+00:00,M029,0.0,-0.005646837756865919
2026-05-16 06:00:00+00:00,M037,0.0,-0.005646837756865919
2026-05-16 06:00:00+00:00,M104,4.0,-0.005646837756865919
2026-05-16 06:00:00+00:00,M162,0.0,-0.005646837756865919
2026-05-16 06:00:00+00:00,M164,0.0,-0.005646837756865919
2026-05-16 06:00:00+00:00,M185,67.0,-0.005646837756865919
2026-05-16 06:00:00+00:00,M204,0.0,-0.005646837756865919
2026-05-16 06:00:00+00:00,M238,0.0,-0.005646837756865919
2026-05-16 06:00:00+00:00,M265,16.0,-0.005646837756865919
2026-05-16 06:00:00+00:00,M318,0.0,-0.005646837756865919
2026-05-16 06:00:00+00:00,M336,0.0,-0.005646837756865919
2026-05-16 06:00:00+00:00,M348,0.0,-0.005646837756865919
2026-05-16 06:00:00+00:00,M362,0.0,-0.005646837756865919
2026-05-16 06:00:00+00:00,M378,39.0,-0.005646837756865919
2026-05-16 06:00:00+00:00,M392,0.0,-0.005646837756865919
2026-05-16 06:00:00+00:00,M419,0.0,-0.005646837756865919
2026-05-16 06:00:00+00:00,M430,0.0,-0.005646837756865919
2026-05-16 06:00:00+00:00,M452,0.0,-0.005646837756865919
2026-05-16 06:00:00+00:00,M474,0.0,-0.005646837756865919
2026-05-16 06:00:00+00:00,M475,1.0,-0.005646837756865919
2026-05-16 06:00:00+00:00,M490,1.0,-0.005646837756865919
2026-05-16 06:00:00+00:00,M494,0.0,-0.005646837756865919
2026-05-16 06:00:00+00:00,M516,0.0,-0.005646837756865919
2026-05-16 06:00:00+00:00,M520,3398.0,-0.005646837756865919
2026-05-16 06:00:00+00:00,M529,0.0,-0.005646837756865919
2026-05-16 06:00:00+00:00,M609,4.0,-0.005646837756865919
2026-05-16 06:00:00+00:00,M610,0.0,-0.005646837756865919
2026-05-16 06:00:00+00:00,M618,0.0,-0.005646837756865919
2026-05-16 06:00:00+00:00,M658,39.0,-0.005646837756865919
2026-05-16 06:00:00+00:00,M688,0.0,-0.005646837756865919
2026-05-16 06:00:00+00:00,M696,1402.0,-0.005646837756865919
2026-05-16 06:00:00+00:00,M719,0.0,-0.005646837756865919
2026-05-16 06:00:00+00:00,M736,0.0,-0.005646837756865919
2026-05-16 06:00:00+00:00,M767,0.0,-0.005646837756865919
2026-05-16 06:00:00+00:00,M779,0.0,-0.005646837756865919
2026-05-16 06:00:00+00:00,M786,39.0,-0.005646837756865919
2026-05-16 06:00:00+00:00,M841,2.0,-0.005646837756865919
2026-05-16 06:00:00+00:00,M843,0.0,-0.005646837756865919
2026-05-16 06:00:00+00:00,M855,0.0,-0.005646837756865919
2026-05-16 06:00:00+00:00,M874,307.0,-0.005646837756865919
2026-05-16 06:00:00+00:00,M899,20.0,-0.005646837756865919
2026-05-16 06:00:00+00:00,M904,1.0,-0.005646837756865919
2026-05-16 06:00:00+00:00,M965,14.0,-0.005646837756865919
2026-05-16 06:00:00+00:00,M971,5232.0,-0.005646837756865919
2026-05-16 06:00:00+00:00,M972,0.0,-0.005646837756865919
2026-05-16 06:00:00+00:00,M991,0.0,-0.005646837756865919
2026-05-17 04:40:00+00:00,M029,0.0,-0.026756610629251054
2026-05-17 04:40:00+00:00,M037,0.0,-0.026756610629251054
2026-05-17 04:40:00+00:00,M104,0.0,-0.026756610629251054
2026-05-17 04:40:00+00:00,M162,0.0,-0.026756610629251054
2026-05-17 04:40:00+00:00,M164,0.0,-0.026756610629251054
2026-05-17 04:40:00+00:00,M185,67.0,-0.026756610629251054
2026-05-17 04:40:00+00:00,M204,0.0,-0.026756610629251054
2026-05-17 04:40:00+00:00,M238,0.0,-0.026756610629251054
2026-05-17 04:40:00+00:00,M265,31.0,-0.026756610629251054
2026-05-17 04:40:00+00:00,M318,0.0,-0.026756610629251054
2026-05-17 04:40:00+00:00,M336,0.0,-0.026756610629251054
2026-05-17 04:40:00+00:00,M348,0.0,-0.026756610629251054
2026-05-17 04:40:00+00:00,M362,0.0,-0.026756610629251054
2026-05-17 04:40:00+00:00,M378,239.0,-0.026756610629251054
2026-05-17 04:40:00+00:00,M392,0.0,-0.026756610629251054
2026-05-17 04:40:00+00:00,M419,0.0,-0.026756610629251054
2026-05-17 04:40:00+00:00,M430,0.0,-0.026756610629251054
2026-05-17 04:40:00+00:00,M452,0.0,-0.026756610629251054
2026-05-17 04:40:00+00:00,M474,0.0,-0.026756610629251054
2026-05-17 04:40:00+00:00,M475,0.0,-0.026756610629251054
2026-05-17 04:40:00+00:00,M490,0.0,-0.026756610629251054
2026-05-17 04:40:00+00:00,M494,0.0,-0.026756610629251054
2026-05-17 04:40:00+00:00,M516,0.0,-0.026756610629251054
2026-05-17 04:40:00+00:00,M520,3500.0,-0.026756610629251054
2026-05-17 04:40:00+00:00,M529,142.0,-0.026756610629251054
2026-05-17 04:40:00+00:00,M609,10.0,-0.026756610629251054
2026-05-17 04:40:00+00:00,M610,0.0,-0.026756610629251054
2026-05-17 04:40:00+00:00,M618,0.0,-0.026756610629251054
2026-05-17 04:40:00+00:00,M658,97.0,-0.026756610629251054
2026-05-17 04:40:00+00:00,M688,0.0,-0.026756610629251054
2026-05-17 04:40:00+00:00,M696,1659.0,-0.026756610629251054
2026-05-17 04:40:00+00:00,M719,0.0,-0.026756610629251054
2026-05-17 04:40:00+00:00,M736,0.0,-0.026756610629251054
2026-05-17 04:40:00+00:00,M767,0.0,-0.026756610629251054
2026-05-17 04:40:00+00:00,M779,1.0,-0.026756610629251054
2026-05-17 04:40:00+00:00,M786,237.0,-0.026756610629251054
2026-05-17 04:40:00+00:00,M841,2.0,-0.026756610629251054
2026-05-17 04:40:00+00:00,M843,0.0,-0.026756610629251054
2026-05-17 04:40:00+00:00,M855,0.0,-0.026756610629251054
2026-05-17 04:40:00+00:00,M874,217.0,-0.026756610629251054
2026-05-17 04:40:00+00:00,M899,13.0,-0.026756610629251054
2026-05-17 04:40:00+00:00,M904,2.0,-0.026756610629251054
2026-05-17 04:40:00+00:00,M965,11.0,-0.026756610629251054
2026-05-17 04:40:00+00:00,M971,5512.0,-0.026756610629251054
2026-05-17 04:40:00+00:00,M972,0.0,-0.026756610629251054
2026-05-17 04:40:00+00:00,M991,0.0,-0.026756610629251054
2026-05-17 04:45:00+00:00,M029,0.0,-0.02887928970710696
2026-05-17 04:45:00+00:00,M037,0.0,-0.02887928970710696
2026-05-17 04:45:00+00:00,M104,0.0,-0.02887928970710696
2026-05-17 04:45:00+00:00,M162,0.0,-0.02887928970710696
2026-05-17 04:45:00+00:00,M164,0.0,-0.02887928970710696
2026-05-17 04:45:00+00:00,M185,60.0,-0.02887928970710696
2026-05-17 04:45:00+00:00,M204,0.0,-0.02887928970710696
2026-05-17 04:45:00+00:00,M238,0.0,-0.02887928970710696
2026-05-17 04:45:00+00:00,M265,19.0,-0.02887928970710696
2026-05-17 04:45:00+00:00,M318,0.0,-0.02887928970710696
2026-05-17 04:45:00+00:00,M336,0.0,-0.02887928970710696
2026-05-17 04:45:00+00:00,M348,0.0,-0.02887928970710696
2026-05-17 04:45:00+00:00,M362,0.0,-0.02887928970710696
2026-05-17 04:45:00+00:00,M378,229.0,-0.02887928970710696
2026-05-17 04:45:00+00:00,M392,0.0,-0.02887928970710696
2026-05-17 04:45:00+00:00,M419,0.0,-0.02887928970710696
2026-05-17 04:45:00+00:00,M430,0.0,-0.02887928970710696
2026-05-17 04:45:00+00:00,M452,0.0,-0.02887928970710696
2026-05-17 04:45:00+00:00,M474,0.0,-0.02887928970710696
2026-05-17 04:45:00+00:00,M475,0.0,-0.02887928970710696
2026-05-17 04:45:00+00:00,M490,0.0,-0.02887928970710696
2026-05-17 04:45:00+00:00,M494,0.0,-0.02887928970710696
2026-05-17 04:45:00+00:00,M516,2.0,-0.02887928970710696
2026-05-17 04:45:00+00:00,M520,3559.0,-0.02887928970710696
2026-05-17 04:45:00+00:00,M529,142.0,-0.02887928970710696
2026-05-17 04:45:00+00:00,M609,7.0,-0.02887928970710696
2026-05-17 04:45:00+00:00,M610,0.0,-0.02887928970710696
2026-05-17 04:45:00+00:00,M618,0.0,-0.02887928970710696
2026-05-17 04:45:00+00:00,M658,86.0,-0.02887928970710696
2026-05-17 04:45:00+00:00,M688,0.0,-0.02887928970710696
2026-05-17 04:45:00+00:00,M696,1701.0,-0.02887928970710696
2026-05-17 04:45:00+00:00,M719,0.0,-0.02887928970710696
2026-05-17 04:45:00+00:00,M736,0.0,-0.02887928970710696
2026-05-17 04:45:00+00:00,M767,0.0,-0.02887928970710696
2026-05-17 04:45:00+00:00,M779,1.0,-0.02887928970710696
2026-05-17 04:45:00+00:00,M786,231.0,-0.02887928970710696
2026-05-17 04:45:00+00:00,M841,1.0,-0.02887928970710696
2026-05-17 04:45:00+00:00,M843,0.0,-0.02887928970710696
2026-05-17 04:45:00+00:00,M855,0.0,-0.02887928970710696
2026-05-17 04:45:00+00:00,M874,247.0,-0.02887928970710696
2026-05-17 04:45:00+00:00,M899,17.0,-0.02887928970710696
2026-05-17 04:45:00+00:00,M904,2.0,-0.02887928970710696
2026-05-17 04:45:00+00:00,M965,15.0,-0.02887928970710696
2026-05-17 04:45:00+00:00,M971,5626.0,-0.02887928970710696
2026-05-17 04:45:00+00:00,M972,0.0,-0.02887928970710696
2026-05-17 04:45:00+00:00,M991,0.0,-0.02887928970710696
2026-05-17 04:50:00+00:00,M029,0.0,-0.028352421982785314
2026-05-17 04:50:00+00:00,M037,0.0,-0.028352421982785314
2026-05-17 04:50:00+00:00,M104,0.0,-0.028352421982785314
2026-05-17 04:50:00+00:00,M162,0.0,-0.028352421982785314
2026-05-17 04:50:00+00:00,M164,0.0,-0.028352421982785314
2026-05-17 04:50:00+00:00,M185,60.0,-0.028352421982785314
2026-05-17 04:50:00+00:00,M204,0.0,-0.028352421982785314
2026-05-17 04:50:00+00:00,M238,0.0,-0.028352421982785314
2026-05-17 04:50:00+00:00,M265,12.0,-0.028352421982785314
2026-05-17 04:50:00+00:00,M318,0.0,-0.028352421982785314
2026-05-17 04:50:00+00:00,M336,1.0,-0.028352421982785314
2026-05-17 04:50:00+00:00,M348,0.0,-0.028352421982785314
2026-05-17 04:50:00+00:00,M362,0.0,-0.028352421982785314
2026-05-17 04:50:00+00:00,M378,256.0,-0.028352421982785314
2026-05-17 04:50:00+00:00,M392,0.0,-0.028352421982785314
2026-05-17 04:50:00+00:00,M419,0.0,-0.028352421982785314
2026-05-17 04:50:00+00:00,M430,0.0,-0.028352421982785314
2026-05-17 04:50:00+00:00,M452,0.0,-0.028352421982785314
2026-05-17 04:50:00+00:00,M474,0.0,-0.028352421982785314
2026-05-17 04:50:00+00:00,M475,0.0,-0.028352421982785314
2026-05-17 04:50:00+00:00,M490,0.0,-0.028352421982785314
2026-05-17 04:50:00+00:00,M494,0.0,-0.028352421982785314
2026-05-17 04:50:00+00:00,M516,1.0,-0.028352421982785314
2026-05-17 04:50:00+00:00,M520,3497.0,-0.028352421982785314
2026-05-17 04:50:00+00:00,M529,168.0,-0.028352421982785314
2026-05-17 04:50:00+00:00,M609,4.0,-0.028352421982785314
2026-05-17 04:50:00+00:00,M610,0.0,-0.028352421982785314
2026-05-17 04:50:00+00:00,M618,0.0,-0.028352421982785314
2026-05-17 04:50:00+00:00,M658,86.0,-0.028352421982785314
2026-05-17 04:50:00+00:00,M688,0.0,-0.028352421982785314
2026-05-17 04:50:00+00:00,M696,1657.0,-0.028352421982785314
2026-05-17 04:50:00+00:00,M719,0.0,-0.028352421982785314
2026-05-17 04:50:00+00:00,M736,0.0,-0.028352421982785314
2026-05-17 04:50:00+00:00,M767,0.0,-0.028352421982785314
2026-05-17 04:50:00+00:00,M779,1.0,-0.028352421982785314
2026-05-17 04:50:00+00:00,M786,257.0,-0.028352421982785314
2026-05-17 04:50:00+00:00,M841,2.0,-0.028352421982785314
2026-05-17 04:50:00+00:00,M843,0.0,-0.028352421982785314
2026-05-17 04:50:00+00:00,M855,0.0,-0.028352421982785314
2026-05-17 04:50:00+00:00,M874,241.0,-0.028352421982785314
2026-05-17 04:50:00+00:00,M899,15.0,-0.028352421982785314
2026-05-17 04:50:00+00:00,M904,1.0,-0.028352421982785314
2026-05-17 04:50:00+00:00,M965,10.0,-0.028352421982785314
2026-05-17 04:50:00+00:00,M971,5498.0,-0.028352421982785314
2026-05-17 04:50:00+00:00,M972,0.0,-0.028352421982785314
2026-05-17 04:50:00+00:00,M991,0.0,-0.028352421982785314
2026-05-18 03:10:00+00:00,M029,0.0,-0.005490996881402643
2026-05-18 03:10:00+00:00,M037,0.0,-0.005490996881402643
2026-05-18 03:10:00+00:00,M104,0.0,-0.005490996881402643
2026-05-18 03:10:00+00:00,M162,0.0,-0.005490996881402643
2026-05-18 03:10:00+00:00,M164,0.0,-0.005490996881402643
2026-05-18 03:10:00+00:00,M185,77.0,-0.005490996881402643
2026-05-18 03:10:00+00:00,M204,0.0,-0.005490996881402643
2026-05-18 03:10:00+00:00,M238,0.0,-0.005490996881402643
2026-05-18 03:10:00+00:00,M265,8.0,-0.005490996881402643
2026-05-18 03:10:00+00:00,M318,0.0,-0.005490996881402643
2026-05-18 03:10:00+00:00,M336,1.0,-0.005490996881402643
2026-05-18 03:10:00+00:00,M348,0.0,-0.005490996881402643
2026-05-18 03:10:00+00:00,M362,0.0,-0.005490996881402643
2026-05-18 03:10:00+00:00,M378,72.0,-0.005490996881402643
2026-05-18 03:10:00+00:00,M392,0.0,-0.005490996881402643
2026-05-18 03:10:00+00:00,M419,0.0,-0.005490996881402643
2026-05-18 03:10:00+00:00,M430,0.0,-0.005490996881402643
2026-05-18 03:10:00+00:00,M452,0.0,-0.005490996881402643
2026-05-18 03:10:00+00:00,M474,0.0,-0.005490996881402643
2026-05-18 03:10:00+00:00,M475,0.0,-0.005490996881402643
2026-05-18 03:10:00+00:00,M490,0.0,-0.005490996881402643
2026-05-18 03:10:00+00:00,M494,0.0,-0.005490996881402643
2026-05-18 03:10:00+00:00,M516,4.0,-0.005490996881402643
2026-05-18 03:10:00+00:00,M520,3456.0,-0.005490996881402643
2026-05-18 03:10:00+00:00,M529,0.0,-0.005490996881402643
2026-05-18 03:10:00+00:00,M609,10.0,-0.005490996881402643
2026-05-18 03:10:00+00:00,M610,0.0,-0.005490996881402643
2026-05-18 03:10:00+00:00,M618,0.0,-0.005490996881402643
2026-05-18 03:10:00+00:00,M658,70.0,-0.005490996881402643
2026-05-18 03:10:00+00:00,M688,0.0,-0.005490996881402643
2026-05-18 03:10:00+00:00,M696,1459.0,-0.005490996881402643
2026-05-18 03:10:00+00:00,M719,0.0,-0.005490996881402643
2026-05-18 03:10:00+00:00,M736,1.0,-0.005490996881402643
2026-05-18 03:10:00+00:00,M767,0.0,-0.005490996881402643
2026-05-18 03:10:00+00:00,M779,4.0,-0.005490996881402643
2026-05-18 03:10:00+00:00,M786,75.0,-0.005490996881402643
2026-05-18 03:10:00+00:00,M841,3.0,-0.005490996881402643
2026-05-18 03:10:00+00:00,M843,0.0,-0.005490996881402643
2026-05-18 03:10:00+00:00,M855,0.0,-0.005490996881402643
2026-05-18 03:10:00+00:00,M874,238.0,-0.005490996881402643
2026-05-18 03:10:00+00:00,M899,12.0,-0.005490996881402643
2026-05-18 03:10:00+00:00,M904,1.0,-0.005490996881402643
2026-05-18 03:10:00+00:00,M965,18.0,-0.005490996881402643
2026-05-18 03:10:00+00:00,M971,5280.0,-0.005490996881402643
2026-05-18 03:10:00+00:00,M972,0.0,-0.005490996881402643
2026-05-18 03:10:00+00:00,M991,0.0,-0.005490996881402643
2026-05-18 05:35:00+00:00,M029,0.0,-0.04329334439545274
2026-05-18 05:35:00+00:00,M037,0.0,-0.04329334439545274
2026-05-18 05:35:00+00:00,M104,1.0,-0.04329334439545274
2026-05-18 05:35:00+00:00,M162,0.0,-0.04329334439545274
2026-05-18 05:35:00+00:00,M164,0.0,-0.04329334439545274
2026-05-18 05:35:00+00:00,M185,50.0,-0.04329334439545274
2026-05-18 05:35:00+00:00,M204,0.0,-0.04329334439545274
2026-05-18 05:35:00+00:00,M238,0.0,-0.04329334439545274
2026-05-18 05:35:00+00:00,M265,5.0,-0.04329334439545274
2026-05-18 05:35:00+00:00,M318,0.0,-0.04329334439545274
2026-05-18 05:35:00+00:00,M336,1.0,-0.04329334439545274
2026-05-18 05:35:00+00:00,M348,0.0,-0.04329334439545274
2026-05-18 05:35:00+00:00,M362,0.0,-0.04329334439545274
2026-05-18 05:35:00+00:00,M378,67.0,-0.04329334439545274
2026-05-18 05:35:00+00:00,M392,0.0,-0.04329334439545274
2026-05-18 05:35:00+00:00,M419,0.0,-0.04329334439545274
2026-05-18 05:35:00+00:00,M430,0.0,-0.04329334439545274
2026-05-18 05:35:00+00:00,M452,0.0,-0.04329334439545274
2026-05-18 05:35:00+00:00,M474,0.0,-0.04329334439545274
2026-05-18 05:35:00+00:00,M475,3.0,-0.04329334439545274
2026-05-18 05:35:00+00:00,M490,0.0,-0.04329334439545274
2026-05-18 05:35:00+00:00,M494,0.0,-0.04329334439545274
2026-05-18 05:35:00+00:00,M516,0.0,-0.04329334439545274
2026-05-18 05:35:00+00:00,M520,3386.0,-0.04329334439545274
2026-05-18 05:35:00+00:00,M529,1.0,-0.04329334439545274
2026-05-18 05:35:00+00:00,M609,6.0,-0.04329334439545274
2026-05-18 05:35:00+00:00,M610,0.0,-0.04329334439545274
2026-05-18 05:35:00+00:00,M618,0.0,-0.04329334439545274
2026-05-18 05:35:00+00:00,M658,66.0,-0.04329334439545274
2026-05-18 05:35:00+00:00,M688,0.0,-0.04329334439545274
2026-05-18 05:35:00+00:00,M696,1386.0,-0.04329334439545274
2026-05-18 05:35:00+00:00,M719,0.0,-0.04329334439545274
2026-05-18 05:35:00+00:00,M736,1.0,-0.04329334439545274
2026-05-18 05:35:00+00:00,M767,0.0,-0.04329334439545274
2026-05-18 05:35:00+00:00,M779,2.0,-0.04329334439545274
2026-05-18 05:35:00+00:00,M786,69.0,-0.04329334439545274
2026-05-18 05:35:00+00:00,M841,0.0,-0.04329334439545274
2026-05-18 05:35:00+00:00,M843,0.0,-0.04329334439545274
2026-05-18 05:35:00+00:00,M855,0.0,-0.04329334439545274
2026-05-18 05:35:00+00:00,M874,229.0,-0.04329334439545274
2026-05-18 05:35:00+00:00,M899,18.0,-0.04329334439545274
2026-05-18 05:35:00+00:00,M904,0.0,-0.04329334439545274
2026-05-18 05:35:00+00:00,M965,5.0,-0.04329334439545274
2026-05-18 05:35:00+00:00,M971,5091.0,-0.04329334439545274
2026-05-18 05:35:00+00:00,M972,0.0,-0.04329334439545274
2026-05-18 05:35:00+00:00,M991,0.0,-0.04329334439545274
2026-05-18 10:45:00+00:00,M029,0.0,-0.014514600596070903
2026-05-18 10:45:00+00:00,M037,0.0,-0.014514600596070903
2026-05-18 10:45:00+00:00,M104,1.0,-0.014514600596070903
2026-05-18 10:45:00+00:00,M162,0.0,-0.014514600596070903
2026-05-18 10:45:00+00:00,M164,0.0,-0.014514600596070903
2026-05-18 10:45:00+00:00,M185,67.0,-0.014514600596070903
2026-05-18 10:45:00+00:00,M204,0.0,-0.014514600596070903
2026-05-18 10:45:00+00:00,M238,0.0,-0.014514600596070903
2026-05-18 10:45:00+00:00,M265,19.0,-0.014514600596070903
2026-05-18 10:45:00+00:00,M318,0.0,-0.014514600596070903
2026-05-18 10:45:00+00:00,M336,0.0,-0.014514600596070903
2026-05-18 10:45:00+00:00,M348,0.0,-0.014514600596070903
2026-05-18 10:45:00+00:00,M362,0.0,-0.014514600596070903
2026-05-18 10:45:00+00:00,M378,65.0,-0.014514600596070903
2026-05-18 10:45:00+00:00,M392,0.0,-0.014514600596070903
2026-05-18 10:45:00+00:00,M419,0.0,-0.014514600596070903
2026-05-18 10:45:00+00:00,M430,0.0,-0.014514600596070903
2026-05-18 10:45:00+00:00,M452,0.0,-0.014514600596070903
2026-05-18 10:45:00+00:00,M474,0.0,-0.014514600596070903
2026-05-18 10:45:00+00:00,M475,0.0,-0.014514600596070903
2026-05-18 10:45:00+00:00,M490,0.0,-0.014514600596070903
2026-05-18 10:45:00+00:00,M494,0.0,-0.014514600596070903
2026-05-18 10:45:00+00:00,M516,2.0,-0.014514600596070903
2026-05-18 10:45:00+00:00,M520,3687.0,-0.014514600596070903
2026-05-18 10:45:00+00:00,M529,5.0,-0.014514600596070903
2026-05-18 10:45:00+00:00,M609,4.0,-0.014514600596070903
2026-05-18 10:45:00+00:00,M610,0.0,-0.014514600596070903
2026-05-18 10:45:00+00:00,M618,0.0,-0.014514600596070903
2026-05-18 10:45:00+00:00,M658,64.0,-0.014514600596070903
2026-05-18 10:45:00+00:00,M688,0.0,-0.014514600596070903
2026-05-18 10:45:00+00:00,M696,1506.0,-0.014514600596070903
2026-05-18 10:45:00+00:00,M719,0.0,-0.014514600596070903
2026-05-18 10:45:00+00:00,M736,0.0,-0.014514600596070903
2026-05-18 10:45:00+00:00,M767,0.0,-0.014514600596070903
2026-05-18 10:45:00+00:00,M779,1.0,-0.014514600596070903
2026-05-18 10:45:00+00:00,M786,64.0,-0.014514600596070903
2026-05-18 10:45:00+00:00,M841,0.0,-0.014514600596070903
2026-05-18 10:45:00+00:00,M843,0.0,-0.014514600596070903
2026-05-18 10:45:00+00:00,M855,0.0,-0.014514600596070903
2026-05-18 10:45:00+00:00,M874,234.0,-0.014514600596070903
2026-05-18 10:45:00+00:00,M899,18.0,-0.014514600596070903
2026-05-18 10:45:00+00:00,M904,5.0,-0.014514600596070903
2026-05-18 10:45:00+00:00,M965,15.0,-0.014514600596070903
2026-05-18 10:45:00+00:00,M971,5560.0,-0.014514600596070903
2026-05-18 10:45:00+00:00,M972,0.0,-0.014514600596070903
2026-05-18 10:45:00+00:00,M991,0.0,-0.014514600596070903
2026-05-18 12:25:00+00:00,M029,0.0,-0.008002801443995788
2026-05-18 12:25:00+00:00,M037,0.0,-0.008002801443995788
2026-05-18 12:25:00+00:00,M104,2.0,-0.008002801443995788
2026-05-18 12:25:00+00:00,M162,0.0,-0.008002801443995788
2026-05-18 12:25:00+00:00,M164,0.0,-0.008002801443995788
2026-05-18 12:25:00+00:00,M185,46.0,-0.008002801443995788
2026-05-18 12:25:00+00:00,M204,0.0,-0.008002801443995788
2026-05-18 12:25:00+00:00,M238,0.0,-0.008002801443995788
2026-05-18 12:25:00+00:00,M265,14.0,-0.008002801443995788
2026-05-18 12:25:00+00:00,M318,0.0,-0.008002801443995788
2026-05-18 12:25:00+00:00,M336,0.0,-0.008002801443995788
2026-05-18 12:25:00+00:00,M348,0.0,-0.008002801443995788
2026-05-18 12:25:00+00:00,M362,0.0,-0.008002801443995788
2026-05-18 12:25:00+00:00,M378,50.0,-0.008002801443995788
2026-05-18 12:25:00+00:00,M392,0.0,-0.008002801443995788
2026-05-18 12:25:00+00:00,M419,0.0,-0.008002801443995788
2026-05-18 12:25:00+00:00,M430,0.0,-0.008002801443995788
2026-05-18 12:25:00+00:00,M452,0.0,-0.008002801443995788
2026-05-18 12:25:00+00:00,M474,0.0,-0.008002801443995788
2026-05-18 12:25:00+00:00,M475,1.0,-0.008002801443995788
2026-05-18 12:25:00+00:00,M490,0.0,-0.008002801443995788
2026-05-18 12:25:00+00:00,M494,0.0,-0.008002801443995788
2026-05-18 12:25:00+00:00,M516,2.0,-0.008002801443995788
2026-05-18 12:25:00+00:00,M520,3547.0,-0.008002801443995788
2026-05-18 12:25:00+00:00,M529,2.0,-0.008002801443995788
2026-05-18 12:25:00+00:00,M609,11.0,-0.008002801443995788
2026-05-18 12:25:00+00:00,M610,0.0,-0.008002801443995788
2026-05-18 12:25:00+00:00,M618,0.0,-0.008002801443995788
2026-05-18 12:25:00+00:00,M658,50.0,-0.008002801443995788
2026-05-18 12:25:00+00:00,M688,0.0,-0.008002801443995788
2026-05-18 12:25:00+00:00,M696,1502.0,-0.008002801443995788
2026-05-18 12:25:00+00:00,M719,0.0,-0.008002801443995788
2026-05-18 12:25:00+00:00,M736,0.0,-0.008002801443995788
2026-05-18 12:25:00+00:00,M767,0.0,-0.008002801443995788
2026-05-18 12:25:00+00:00,M779,2.0,-0.008002801443995788
2026-05-18 12:25:00+00:00,M786,49.0,-0.008002801443995788
2026-05-18 12:25:00+00:00,M841,0.0,-0.008002801443995788
2026-05-18 12:25:00+00:00,M843,1.0,-0.008002801443995788
2026-05-18 12:25:00+00:00,M855,0.0,-0.008002801443995788
2026-05-18 12:25:00+00:00,M874,180.0,-0.008002801443995788
2026-05-18 12:25:00+00:00,M899,14.0,-0.008002801443995788
2026-05-18 12:25:00+00:00,M904,1.0,-0.008002801443995788
2026-05-18 12:25:00+00:00,M965,7.0,-0.008002801443995788
2026-05-18 12:25:00+00:00,M971,5329.0,-0.008002801443995788
2026-05-18 12:25:00+00:00,M972,0.0,-0.008002801443995788
2026-05-18 12:25:00+00:00,M991,0.0,-0.008002801443995788
2026-05-25 14:50:00+00:00,M029,0.0,-0.009103868017113492
2026-05-25 14:50:00+00:00,M037,0.0,-0.009103868017113492
2026-05-25 14:50:00+00:00,M104,1.0,-0.009103868017113492
2026-05-25 14:50:00+00:00,M162,0.0,-0.009103868017113492
2026-05-25 14:50:00+00:00,M164,0.0,-0.009103868017113492
2026-05-25 14:50:00+00:00,M185,39.0,-0.009103868017113492
2026-05-25 14:50:00+00:00,M204,0.0,-0.009103868017113492
2026-05-25 14:50:00+00:00,M238,0.0,-0.009103868017113492
2026-05-25 14:50:00+00:00,M265,4.0,-0.009103868017113492
2026-05-25 14:50:00+00:00,M318,0.0,-0.009103868017113492
2026-05-25 14:50:00+00:00,M336,0.0,-0.009103868017113492
2026-05-25 14:50:00+00:00,M348,0.0,-0.009103868017113492
2026-05-25 14:50:00+00:00,M362,0.0,-0.009103868017113492
2026-05-25 14:50:00+00:00,M378,46.0,-0.009103868017113492
2026-05-25 14:50:00+00:00,M392,0.0,-0.009103868017113492
2026-05-25 14:50:00+00:00,M419,0.0,-0.009103868017113492
2026-05-25 14:50:00+00:00,M430,0.0,-0.009103868017113492
2026-05-25 14:50:00+00:00,M452,0.0,-0.009103868017113492
2026-05-25 14:50:00+00:00,M474,0.0,-0.009103868017113492
2026-05-25 14:50:00+00:00,M475,0.0,-0.009103868017113492
2026-05-25 14:50:00+00:00,M490,1.0,-0.009103868017113492
2026-05-25 14:50:00+00:00,M494,0.0,-0.009103868017113492
2026-05-25 14:50:00+00:00,M516,31.0,-0.009103868017113492
2026-05-25 14:50:00+00:00,M520,2687.0,-0.009103868017113492
2026-05-25 14:50:00+00:00,M529,0.0,-0.009103868017113492
2026-05-25 14:50:00+00:00,M609,1.0,-0.009103868017113492
2026-05-25 14:50:00+00:00,M610,0.0,-0.009103868017113492
2026-05-25 14:50:00+00:00,M618,0.0,-0.009103868017113492
2026-05-25 14:50:00+00:00,M658,36.0,-0.009103868017113492
2026-05-25 14:50:00+00:00,M688,0.0,-0.009103868017113492
2026-05-25 14:50:00+00:00,M696,1096.0,-0.009103868017113492
2026-05-25 14:50:00+00:00,M719,0.0,-0.009103868017113492
2026-05-25 14:50:00+00:00,M736,0.0,-0.009103868017113492
2026-05-25 14:50:00+00:00,M767,0.0,-0.009103868017113492
2026-05-25 14:50:00+00:00,M779,41.0,-0.009103868017113492
2026-05-25 14:50:00+00:00,M786,78.0,-0.009103868017113492
2026-05-25 14:50:00+00:00,M841,2.0,-0.009103868017113492
2026-05-25 14:50:00+00:00,M843,0.0,-0.009103868017113492
2026-05-25 14:50:00+00:00,M855,0.0,-0.009103868017113492
2026-05-25 14:50:00+00:00,M874,118.0,-0.009103868017113492
2026-05-25 14:50:00+00:00,M899,6.0,-0.009103868017113492
2026-05-25 14:50:00+00:00,M904,1.0,-0.009103868017113492
2026-05-25 14:50:00+00:00,M965,19.0,-0.009103868017113492
2026-05-25 14:50:00+00:00,M971,3978.0,-0.009103868017113492
2026-05-25 14:50:00+00:00,M972,0.0,-0.009103868017113492
2026-05-25 14:50:00+00:00,M991,0.0,-0.009103868017113492
2026-05-26 00:55:00+00:00,M029,0.0,-0.027669143324740464
2026-05-26 00:55:00+00:00,M037,0.0,-0.027669143324740464
2026-05-26 00:55:00+00:00,M104,0.0,-0.027669143324740464
2026-05-26 00:55:00+00:00,M162,0.0,-0.027669143324740464
2026-05-26 00:55:00+00:00,M164,0.0,-0.027669143324740464
2026-05-26 00:55:00+00:00,M185,42.0,-0.027669143324740464
2026-05-26 00:55:00+00:00,M204,0.0,-0.027669143324740464
2026-05-26 00:55:00+00:00,M238,0.0,-0.027669143324740464
2026-05-26 00:55:00+00:00,M265,8.0,-0.027669143324740464
2026-05-26 00:55:00+00:00,M318,0.0,-0.027669143324740464
2026-05-26 00:55:00+00:00,M336,0.0,-0.027669143324740464
2026-05-26 00:55:00+00:00,M348,0.0,-0.027669143324740464
2026-05-26 00:55:00+00:00,M362,0.0,-0.027669143324740464
2026-05-26 00:55:00+00:00,M378,70.0,-0.027669143324740464
2026-05-26 00:55:00+00:00,M392,0.0,-0.027669143324740464
2026-05-26 00:55:00+00:00,M419,0.0,-0.027669143324740464
2026-05-26 00:55:00+00:00,M430,0.0,-0.027669143324740464
2026-05-26 00:55:00+00:00,M452,0.0,-0.027669143324740464
2026-05-26 00:55:00+00:00,M474,0.0,-0.027669143324740464
2026-05-26 00:55:00+00:00,M475,0.0,-0.027669143324740464
2026-05-26 00:55:00+00:00,M490,1.0,-0.027669143324740464
2026-05-26 00:55:00+00:00,M494,0.0,-0.027669143324740464
2026-05-26 00:55:00+00:00,M516,12.0,-0.027669143324740464
2026-05-26 00:55:00+00:00,M520,2822.0,-0.027669143324740464
2026-05-26 00:55:00+00:00,M529,2.0,-0.027669143324740464
2026-05-26 00:55:00+00:00,M609,11.0,-0.027669143324740464
2026-05-26 00:55:00+00:00,M610,0.0,-0.027669143324740464
2026-05-26 00:55:00+00:00,M618,0.0,-0.027669143324740464
2026-05-26 00:55:00+00:00,M658,68.0,-0.027669143324740464
2026-05-26 00:55:00+00:00,M688,0.0,-0.027669143324740464
2026-05-26 00:55:00+00:00,M696,1106.0,-0.027669143324740464
2026-05-26 00:55:00+00:00,M719,0.0,-0.027669143324740464
2026-05-26 00:55:00+00:00,M736,0.0,-0.027669143324740464
2026-05-26 00:55:00+00:00,M767,0.0,-0.027669143324740464
2026-05-26 00:55:00+00:00,M779,1.0,-0.027669143324740464
2026-05-26 00:55:00+00:00,M786,81.0,-0.027669143324740464
2026-05-26 00:55:00+00:00,M841,2.0,-0.027669143324740464
2026-05-26 00:55:00+00:00,M843,1.0,-0.027669143324740464
2026-05-26 00:55:00+00:00,M855,0.0,-0.027669143324740464
2026-05-26 00:55:00+00:00,M874,170.0,-0.027669143324740464
2026-05-26 00:55:00+00:00,M899,9.0,-0.027669143324740464
2026-05-26 00:55:00+00:00,M904,1.0,-0.027669143324740464
2026-05-26 00:55:00+00:00,M965,9.0,-0.027669143324740464
2026-05-26 00:55:00+00:00,M971,4180.0,-0.027669143324740464
2026-05-26 00:55:00+00:00,M972,0.0,-0.027669143324740464
2026-05-26 00:55:00+00:00,M991,0.0,-0.027669143324740464
2026-05-26 16:45:00+00:00,M029,2.0,-0.033198136759884145
2026-05-26 16:45:00+00:00,M037,0.0,-0.033198136759884145
2026-05-26 16:45:00+00:00,M104,1.0,-0.033198136759884145
2026-05-26 16:45:00+00:00,M162,0.0,-0.033198136759884145
2026-05-26 16:45:00+00:00,M164,0.0,-0.033198136759884145
2026-05-26 16:45:00+00:00,M185,33.0,-0.033198136759884145
2026-05-26 16:45:00+00:00,M204,0.0,-0.033198136759884145
2026-05-26 16:45:00+00:00,M238,0.0,-0.033198136759884145
2026-05-26 16:45:00+00:00,M265,6.0,-0.033198136759884145
2026-05-26 16:45:00+00:00,M318,0.0,-0.033198136759884145
2026-05-26 16:45:00+00:00,M336,0.0,-0.033198136759884145
2026-05-26 16:45:00+00:00,M348,0.0,-0.033198136759884145
2026-05-26 16:45:00+00:00,M362,0.0,-0.033198136759884145
2026-05-26 16:45:00+00:00,M378,17.0,-0.033198136759884145
2026-05-26 16:45:00+00:00,M392,0.0,-0.033198136759884145
2026-05-26 16:45:00+00:00,M419,0.0,-0.033198136759884145
2026-05-26 16:45:00+00:00,M430,0.0,-0.033198136759884145
2026-05-26 16:45:00+00:00,M452,0.0,-0.033198136759884145
2026-05-26 16:45:00+00:00,M474,0.0,-0.033198136759884145
2026-05-26 16:45:00+00:00,M475,0.0,-0.033198136759884145
2026-05-26 16:45:00+00:00,M490,0.0,-0.033198136759884145
2026-05-26 16:45:00+00:00,M494,0.0,-0.033198136759884145
2026-05-26 16:45:00+00:00,M516,16.0,-0.033198136759884145
2026-05-26 16:45:00+00:00,M520,2629.0,-0.033198136759884145
2026-05-26 16:45:00+00:00,M529,17.0,-0.033198136759884145
2026-05-26 16:45:00+00:00,M609,3.0,-0.033198136759884145
2026-05-26 16:45:00+00:00,M610,0.0,-0.033198136759884145
2026-05-26 16:45:00+00:00,M618,0.0,-0.033198136759884145
2026-05-26 16:45:00+00:00,M658,17.0,-0.033198136759884145
2026-05-26 16:45:00+00:00,M688,0.0,-0.033198136759884145
2026-05-26 16:45:00+00:00,M696,982.0,-0.033198136759884145
2026-05-26 16:45:00+00:00,M719,0.0,-0.033198136759884145
2026-05-26 16:45:00+00:00,M736,0.0,-0.033198136759884145
2026-05-26 16:45:00+00:00,M767,0.0,-0.033198136759884145
2026-05-26 16:45:00+00:00,M779,11.0,-0.033198136759884145
2026-05-26 16:45:00+00:00,M786,51.0,-0.033198136759884145
2026-05-26 16:45:00+00:00,M841,1.0,-0.033198136759884145
2026-05-26 16:45:00+00:00,M843,0.0,-0.033198136759884145
2026-05-26 16:45:00+00:00,M855,0.0,-0.033198136759884145
2026-05-26 16:45:00+00:00,M874,85.0,-0.033198136759884145
2026-05-26 16:45:00+00:00,M899,8.0,-0.033198136759884145
2026-05-26 16:45:00+00:00,M904,1.0,-0.033198136759884145
2026-05-26 16:45:00+00:00,M965,11.0,-0.033198136759884145
2026-05-26 16:45:00+00:00,M971,3755.0,-0.033198136759884145
2026-05-26 16:45:00+00:00,M972,0.0,-0.033198136759884145
2026-05-26 16:45:00+00:00,M991,0.0,-0.033198136759884145
2026-05-26 16:55:00+00:00,M029,0.0,-0.022019574929831753
2026-05-26 16:55:00+00:00,M037,0.0,-0.022019574929831753
2026-05-26 16:55:00+00:00,M104,1.0,-0.022019574929831753
2026-05-26 16:55:00+00:00,M162,0.0,-0.022019574929831753
2026-05-26 16:55:00+00:00,M164,0.0,-0.022019574929831753
2026-05-26 16:55:00+00:00,M185,38.0,-0.022019574929831753
2026-05-26 16:55:00+00:00,M204,0.0,-0.022019574929831753
2026-05-26 16:55:00+00:00,M238,0.0,-0.022019574929831753
2026-05-26 16:55:00+00:00,M265,6.0,-0.022019574929831753
2026-05-26 16:55:00+00:00,M318,0.0,-0.022019574929831753
2026-05-26 16:55:00+00:00,M336,0.0,-0.022019574929831753
2026-05-26 16:55:00+00:00,M348,0.0,-0.022019574929831753
2026-05-26 16:55:00+00:00,M362,0.0,-0.022019574929831753
2026-05-26 16:55:00+00:00,M378,21.0,-0.022019574929831753
2026-05-26 16:55:00+00:00,M392,0.0,-0.022019574929831753
2026-05-26 16:55:00+00:00,M419,0.0,-0.022019574929831753
2026-05-26 16:55:00+00:00,M430,0.0,-0.022019574929831753
2026-05-26 16:55:00+00:00,M452,0.0,-0.022019574929831753
2026-05-26 16:55:00+00:00,M474,0.0,-0.022019574929831753
2026-05-26 16:55:00+00:00,M475,0.0,-0.022019574929831753
2026-05-26 16:55:00+00:00,M490,0.0,-0.022019574929831753
2026-05-26 16:55:00+00:00,M494,0.0,-0.022019574929831753
2026-05-26 16:55:00+00:00,M516,32.0,-0.022019574929831753
2026-05-26 16:55:00+00:00,M520,2539.0,-0.022019574929831753
2026-05-26 16:55:00+00:00,M529,2.0,-0.022019574929831753
2026-05-26 16:55:00+00:00,M609,7.0,-0.022019574929831753
2026-05-26 16:55:00+00:00,M610,0.0,-0.022019574929831753
2026-05-26 16:55:00+00:00,M618,0.0,-0.022019574929831753
2026-05-26 16:55:00+00:00,M658,18.0,-0.022019574929831753
2026-05-26 16:55:00+00:00,M688,0.0,-0.022019574929831753
2026-05-26 16:55:00+00:00,M696,994.0,-0.022019574929831753
2026-05-26 16:55:00+00:00,M719,0.0,-0.022019574929831753
2026-05-26 16:55:00+00:00,M736,0.0,-0.022019574929831753
2026-05-26 16:55:00+00:00,M767,0.0,-0.022019574929831753
2026-05-26 16:55:00+00:00,M779,23.0,-0.022019574929831753
2026-05-26 16:55:00+00:00,M786,37.0,-0.022019574929831753
2026-05-26 16:55:00+00:00,M841,2.0,-0.022019574929831753
2026-05-26 16:55:00+00:00,M843,1.0,-0.022019574929831753
2026-05-26 16:55:00+00:00,M855,0.0,-0.022019574929831753
2026-05-26 16:55:00+00:00,M874,96.0,-0.022019574929831753
2026-05-26 16:55:00+00:00,M899,6.0,-0.022019574929831753
2026-05-26 16:55:00+00:00,M904,1.0,-0.022019574929831753
2026-05-26 16:55:00+00:00,M965,22.0,-0.022019574929831753
2026-05-26 16:55:00+00:00,M971,3713.0,-0.022019574929831753
2026-05-26 16:55:00+00:00,M972,0.0,-0.022019574929831753
2026-05-26 16:55:00+00:00,M991,0.0,-0.022019574929831753
2026-05-27 03:15:00+00:00,M029,0.0,-0.008776475786509752
2026-05-27 03:15:00+00:00,M037,0.0,-0.008776475786509752
2026-05-27 03:15:00+00:00,M104,0.0,-0.008776475786509752
2026-05-27 03:15:00+00:00,M162,0.0,-0.008776475786509752
2026-05-27 03:15:00+00:00,M164,0.0,-0.008776475786509752
2026-05-27 03:15:00+00:00,M185,42.0,-0.008776475786509752
2026-05-27 03:15:00+00:00,M204,0.0,-0.008776475786509752
2026-05-27 03:15:00+00:00,M238,0.0,-0.008776475786509752
2026-05-27 03:15:00+00:00,M265,0.0,-0.008776475786509752
2026-05-27 03:15:00+00:00,M318,0.0,-0.008776475786509752
2026-05-27 03:15:00+00:00,M336,0.0,-0.008776475786509752
2026-05-27 03:15:00+00:00,M348,0.0,-0.008776475786509752
2026-05-27 03:15:00+00:00,M362,0.0,-0.008776475786509752
2026-05-27 03:15:00+00:00,M378,61.0,-0.008776475786509752
2026-05-27 03:15:00+00:00,M392,0.0,-0.008776475786509752
2026-05-27 03:15:00+00:00,M419,0.0,-0.008776475786509752
2026-05-27 03:15:00+00:00,M430,0.0,-0.008776475786509752
2026-05-27 03:15:00+00:00,M452,0.0,-0.008776475786509752
2026-05-27 03:15:00+00:00,M474,0.0,-0.008776475786509752
2026-05-27 03:15:00+00:00,M475,1.0,-0.008776475786509752
2026-05-27 03:15:00+00:00,M490,0.0,-0.008776475786509752
2026-05-27 03:15:00+00:00,M494,0.0,-0.008776475786509752
2026-05-27 03:15:00+00:00,M516,0.0,-0.008776475786509752
2026-05-27 03:15:00+00:00,M520,2741.0,-0.008776475786509752
2026-05-27 03:15:00+00:00,M529,6.0,-0.008776475786509752
2026-05-27 03:15:00+00:00,M609,7.0,-0.008776475786509752
2026-05-27 03:15:00+00:00,M610,0.0,-0.008776475786509752
2026-05-27 03:15:00+00:00,M618,0.0,-0.008776475786509752
2026-05-27 03:15:00+00:00,M658,61.0,-0.008776475786509752
2026-05-27 03:15:00+00:00,M688,0.0,-0.008776475786509752
2026-05-27 03:15:00+00:00,M696,1070.0,-0.008776475786509752
2026-05-27 03:15:00+00:00,M719,0.0,-0.008776475786509752
2026-05-27 03:15:00+00:00,M736,0.0,-0.008776475786509752
2026-05-27 03:15:00+00:00,M767,0.0,-0.008776475786509752
2026-05-27 03:15:00+00:00,M779,9.0,-0.008776475786509752
2026-05-27 03:15:00+00:00,M786,70.0,-0.008776475786509752
2026-05-27 03:15:00+00:00,M841,0.0,-0.008776475786509752
2026-05-27 03:15:00+00:00,M843,0.0,-0.008776475786509752
2026-05-27 03:15:00+00:00,M855,0.0,-0.008776475786509752
2026-05-27 03:15:00+00:00,M874,159.0,-0.008776475786509752
2026-05-27 03:15:00+00:00,M899,7.0,-0.008776475786509752
2026-05-27 03:15:00+00:00,M904,0.0,-0.008776475786509752
2026-05-27 03:15:00+00:00,M965,6.0,-0.008776475786509752
2026-05-27 03:15:00+00:00,M971,4039.0,-0.008776475786509752
2026-05-27 03:15:00+00:00,M972,0.0,-0.008776475786509752
2026-05-27 03:15:00+00:00,M991,0.0,-0.008776475786509752
2026-05-27 07:20:00+00:00,M029,0.0,-0.01696051966918255
2026-05-27 07:20:00+00:00,M037,0.0,-0.01696051966918255
2026-05-27 07:20:00+00:00,M104,0.0,-0.01696051966918255
2026-05-27 07:20:00+00:00,M162,0.0,-0.01696051966918255
2026-05-27 07:20:00+00:00,M164,0.0,-0.01696051966918255
2026-05-27 07:20:00+00:00,M185,27.0,-0.01696051966918255
2026-05-27 07:20:00+00:00,M204,0.0,-0.01696051966918255
2026-05-27 07:20:00+00:00,M238,0.0,-0.01696051966918255
2026-05-27 07:20:00+00:00,M265,9.0,-0.01696051966918255
2026-05-27 07:20:00+00:00,M318,0.0,-0.01696051966918255
2026-05-27 07:20:00+00:00,M336,0.0,-0.01696051966918255
2026-05-27 07:20:00+00:00,M348,0.0,-0.01696051966918255
2026-05-27 07:20:00+00:00,M362,0.0,-0.01696051966918255
2026-05-27 07:20:00+00:00,M378,44.0,-0.01696051966918255
2026-05-27 07:20:00+00:00,M392,0.0,-0.01696051966918255
2026-05-27 07:20:00+00:00,M419,0.0,-0.01696051966918255
2026-05-27 07:20:00+00:00,M430,0.0,-0.01696051966918255
2026-05-27 07:20:00+00:00,M452,0.0,-0.01696051966918255
2026-05-27 07:20:00+00:00,M474,0.0,-0.01696051966918255
2026-05-27 07:20:00+00:00,M475,2.0,-0.01696051966918255
2026-05-27 07:20:00+00:00,M490,0.0,-0.01696051966918255
2026-05-27 07:20:00+00:00,M494,0.0,-0.01696051966918255
2026-05-27 07:20:00+00:00,M516,2.0,-0.01696051966918255
2026-05-27 07:20:00+00:00,M520,2714.0,-0.01696051966918255
2026-05-27 07:20:00+00:00,M529,3.0,-0.01696051966918255
2026-05-27 07:20:00+00:00,M609,4.0,-0.01696051966918255
2026-05-27 07:20:00+00:00,M610,0.0,-0.01696051966918255
2026-05-27 07:20:00+00:00,M618,0.0,-0.01696051966918255
2026-05-27 07:20:00+00:00,M658,44.0,-0.01696051966918255
2026-05-27 07:20:00+00:00,M688,0.0,-0.01696051966918255
2026-05-27 07:20:00+00:00,M696,1043.0,-0.01696051966918255
2026-05-27 07:20:00+00:00,M719,0.0,-0.01696051966918255
2026-05-27 07:20:00+00:00,M736,0.0,-0.01696051966918255
2026-05-27 07:20:00+00:00,M767,0.0,-0.01696051966918255
2026-05-27 07:20:00+00:00,M779,1.0,-0.01696051966918255
2026-05-27 07:20:00+00:00,M786,50.0,-0.01696051966918255
2026-05-27 07:20:00+00:00,M841,0.0,-0.01696051966918255
2026-05-27 07:20:00+00:00,M843,0.0,-0.01696051966918255
2026-05-27 07:20:00+00:00,M855,0.0,-0.01696051966918255
2026-05-27 07:20:00+00:00,M874,167.0,-0.01696051966918255
2026-05-27 07:20:00+00:00,M899,9.0,-0.01696051966918255
2026-05-27 07:20:00+00:00,M904,5.0,-0.01696051966918255
2026-05-27 07:20:00+00:00,M965,23.0,-0.01696051966918255
2026-05-27 07:20:00+00:00,M971,4003.0,-0.01696051966918255
2026-05-27 07:20:00+00:00,M972,0.0,-0.01696051966918255
2026-05-27 07:20:00+00:00,M991,0.0,-0.01696051966918255
2026-05-29 06:05:00+00:00,M029,0.0,-0.002907121298261872
2026-05-29 06:05:00+00:00,M037,0.0,-0.002907121298261872
2026-05-29 06:05:00+00:00,M104,1.0,-0.002907121298261872
2026-05-29 06:05:00+00:00,M162,0.0,-0.002907121298261872
2026-05-29 06:05:00+00:00,M164,0.0,-0.002907121298261872
2026-05-29 06:05:00+00:00,M185,35.0,-0.002907121298261872
2026-05-29 06:05:00+00:00,M204,0.0,-0.002907121298261872
2026-05-29 06:05:00+00:00,M238,0.0,-0.002907121298261872
2026-05-29 06:05:00+00:00,M265,5.0,-0.002907121298261872
2026-05-29 06:05:00+00:00,M318,0.0,-0.002907121298261872
2026-05-29 06:05:00+00:00,M336,0.0,-0.002907121298261872
2026-05-29 06:05:00+00:00,M348,0.0,-0.002907121298261872
2026-05-29 06:05:00+00:00,M362,0.0,-0.002907121298261872
2026-05-29 06:05:00+00:00,M378,42.0,-0.002907121298261872
2026-05-29 06:05:00+00:00,M392,0.0,-0.002907121298261872
2026-05-29 06:05:00+00:00,M419,0.0,-0.002907121298261872
2026-05-29 06:05:00+00:00,M430,0.0,-0.002907121298261872
2026-05-29 06:05:00+00:00,M452,0.0,-0.002907121298261872
2026-05-29 06:05:00+00:00,M474,0.0,-0.002907121298261872
2026-05-29 06:05:00+00:00,M475,0.0,-0.002907121298261872
2026-05-29 06:05:00+00:00,M490,0.0,-0.002907121298261872
2026-05-29 06:05:00+00:00,M494,0.0,-0.002907121298261872
2026-05-29 06:05:00+00:00,M516,0.0,-0.002907121298261872
2026-05-29 06:05:00+00:00,M520,2440.0,-0.002907121298261872
2026-05-29 06:05:00+00:00,M529,2.0,-0.002907121298261872
2026-05-29 06:05:00+00:00,M609,2.0,-0.002907121298261872
2026-05-29 06:05:00+00:00,M610,0.0,-0.002907121298261872
2026-05-29 06:05:00+00:00,M618,0.0,-0.002907121298261872
2026-05-29 06:05:00+00:00,M658,41.0,-0.002907121298261872
2026-05-29 06:05:00+00:00,M688,0.0,-0.002907121298261872
2026-05-29 06:05:00+00:00,M696,1071.0,-0.002907121298261872
2026-05-29 06:05:00+00:00,M719,0.0,-0.002907121298261872
2026-05-29 06:05:00+00:00,M736,1.0,-0.002907121298261872
2026-05-29 06:05:00+00:00,M767,0.0,-0.002907121298261872
2026-05-29 06:05:00+00:00,M779,1.0,-0.002907121298261872
2026-05-29 06:05:00+00:00,M786,11.0,-0.002907121298261872
2026-05-29 06:05:00+00:00,M841,1.0,-0.002907121298261872
2026-05-29 06:05:00+00:00,M843,1.0,-0.002907121298261872
2026-05-29 06:05:00+00:00,M855,0.0,-0.002907121298261872
2026-05-29 06:05:00+00:00,M874,253.0,-0.002907121298261872
2026-05-29 06:05:00+00:00,M899,5.0,-0.002907121298261872
2026-05-29 06:05:00+00:00,M904,1.0,-0.002907121298261872
2026-05-29 06:05:00+00:00,M965,51.0,-0.002907121298261872
2026-05-29 06:05:00+00:00,M971,3872.0,-0.002907121298261872
2026-05-29 06:05:00+00:00,M972,0.0,-0.002907121298261872
2026-05-29 06:05:00+00:00,M991,0.0,-0.002907121298261872
2026-05-29 07:00:00+00:00,M029,0.0,-0.0005910794364403227
2026-05-29 07:00:00+00:00,M037,0.0,-0.0005910794364403227
2026-05-29 07:00:00+00:00,M104,1.0,-0.0005910794364403227
2026-05-29 07:00:00+00:00,M162,0.0,-0.0005910794364403227
2026-05-29 07:00:00+00:00,M164,0.0,-0.0005910794364403227
2026-05-29 07:00:00+00:00,M185,44.0,-0.0005910794364403227
2026-05-29 07:00:00+00:00,M204,0.0,-0.0005910794364403227
2026-05-29 07:00:00+00:00,M238,0.0,-0.0005910794364403227
2026-05-29 07:00:00+00:00,M265,9.0,-0.0005910794364403227
2026-05-29 07:00:00+00:00,M318,0.0,-0.0005910794364403227
2026-05-29 07:00:00+00:00,M336,0.0,-0.0005910794364403227
2026-05-29 07:00:00+00:00,M348,0.0,-0.0005910794364403227
2026-05-29 07:00:00+00:00,M362,0.0,-0.0005910794364403227
2026-05-29 07:00:00+00:00,M378,54.0,-0.0005910794364403227
2026-05-29 07:00:00+00:00,M392,0.0,-0.0005910794364403227
2026-05-29 07:00:00+00:00,M419,0.0,-0.0005910794364403227
2026-05-29 07:00:00+00:00,M430,0.0,-0.0005910794364403227
2026-05-29 07:00:00+00:00,M452,0.0,-0.0005910794364403227
2026-05-29 07:00:00+00:00,M474,0.0,-0.0005910794364403227
2026-05-29 07:00:00+00:00,M475,0.0,-0.0005910794364403227
2026-05-29 07:00:00+00:00,M490,1.0,-0.0005910794364403227
2026-05-29 07:00:00+00:00,M494,0.0,-0.0005910794364403227
2026-05-29 07:00:00+00:00,M516,0.0,-0.0005910794364403227
2026-05-29 07:00:00+00:00,M520,2395.0,-0.0005910794364403227
2026-05-29 07:00:00+00:00,M529,1.0,-0.0005910794364403227
2026-05-29 07:00:00+00:00,M609,8.0,-0.0005910794364403227
2026-05-29 07:00:00+00:00,M610,0.0,-0.0005910794364403227
2026-05-29 07:00:00+00:00,M618,0.0,-0.0005910794364403227
2026-05-29 07:00:00+00:00,M658,53.0,-0.0005910794364403227
2026-05-29 07:00:00+00:00,M688,0.0,-0.0005910794364403227
2026-05-29 07:00:00+00:00,M696,1090.0,-0.0005910794364403227
2026-05-29 07:00:00+00:00,M719,0.0,-0.0005910794364403227
2026-05-29 07:00:00+00:00,M736,1.0,-0.0005910794364403227
2026-05-29 07:00:00+00:00,M767,0.0,-0.0005910794364403227
2026-05-29 07:00:00+00:00,M779,4.0,-0.0005910794364403227
2026-05-29 07:00:00+00:00,M786,10.0,-0.0005910794364403227
2026-05-29 07:00:00+00:00,M841,0.0,-0.0005910794364403227
2026-05-29 07:00:00+00:00,M843,1.0,-0.0005910794364403227
2026-05-29 07:00:00+00:00,M855,0.0,-0.0005910794364403227
2026-05-29 07:00:00+00:00,M874,236.0,-0.0005910794364403227
2026-05-29 07:00:00+00:00,M899,9.0,-0.0005910794364403227
2026-05-29 07:00:00+00:00,M904,1.0,-0.0005910794364403227
2026-05-29 07:00:00+00:00,M965,27.0,-0.0005910794364403227
2026-05-29 07:00:00+00:00,M971,3849.0,-0.0005910794364403227
2026-05-29 07:00:00+00:00,M972,0.0,-0.0005910794364403227
2026-05-29 07:00:00+00:00,M991,0.0,-0.0005910794364403227
2026-06-01 17:25:00+00:00,M029,0.0,-0.00032619162592417705
2026-06-01 17:25:00+00:00,M037,0.0,-0.00032619162592417705
2026-06-01 17:25:00+00:00,M104,0.0,-0.00032619162592417705
2026-06-01 17:25:00+00:00,M162,0.0,-0.00032619162592417705
2026-06-01 17:25:00+00:00,M164,0.0,-0.00032619162592417705
2026-06-01 17:25:00+00:00,M185,9.0,-0.00032619162592417705
2026-06-01 17:25:00+00:00,M204,0.0,-0.00032619162592417705
2026-06-01 17:25:00+00:00,M238,0.0,-0.00032619162592417705
2026-06-01 17:25:00+00:00,M265,0.0,-0.00032619162592417705
2026-06-01 17:25:00+00:00,M318,0.0,-0.00032619162592417705
2026-06-01 17:25:00+00:00,M336,0.0,-0.00032619162592417705
2026-06-01 17:25:00+00:00,M348,0.0,-0.00032619162592417705
2026-06-01 17:25:00+00:00,M362,0.0,-0.00032619162592417705
2026-06-01 17:25:00+00:00,M378,33.0,-0.00032619162592417705
2026-06-01 17:25:00+00:00,M392,0.0,-0.00032619162592417705
2026-06-01 17:25:00+00:00,M419,0.0,-0.00032619162592417705
2026-06-01 17:25:00+00:00,M430,0.0,-0.00032619162592417705
2026-06-01 17:25:00+00:00,M452,0.0,-0.00032619162592417705
2026-06-01 17:25:00+00:00,M474,0.0,-0.00032619162592417705
2026-06-01 17:25:00+00:00,M475,0.0,-0.00032619162592417705
2026-06-01 17:25:00+00:00,M490,0.0,-0.00032619162592417705
2026-06-01 17:25:00+00:00,M494,0.0,-0.00032619162592417705
2026-06-01 17:25:00+00:00,M516,0.0,-0.00032619162592417705
2026-06-01 17:25:00+00:00,M520,1938.0,-0.00032619162592417705
2026-06-01 17:25:00+00:00,M529,1.0,-0.00032619162592417705
2026-06-01 17:25:00+00:00,M609,0.0,-0.00032619162592417705
2026-06-01 17:25:00+00:00,M610,0.0,-0.00032619162592417705
2026-06-01 17:25:00+00:00,M618,0.0,-0.00032619162592417705
2026-06-01 17:25:00+00:00,M658,32.0,-0.00032619162592417705
2026-06-01 17:25:00+00:00,M688,0.0,-0.00032619162592417705
2026-06-01 17:25:00+00:00,M696,407.0,-0.00032619162592417705
2026-06-01 17:25:00+00:00,M719,0.0,-0.00032619162592417705
2026-06-01 17:25:00+00:00,M736,0.0,-0.00032619162592417705
2026-06-01 17:25:00+00:00,M767,0.0,-0.00032619162592417705
2026-06-01 17:25:00+00:00,M779,0.0,-0.00032619162592417705
2026-06-01 17:25:00+00:00,M786,30.0,-0.00032619162592417705
2026-06-01 17:25:00+00:00,M841,0.0,-0.00032619162592417705
2026-06-01 17:25:00+00:00,M843,1.0,-0.00032619162592417705
2026-06-01 17:25:00+00:00,M855,0.0,-0.00032619162592417705
2026-06-01 17:25:00+00:00,M874,0.0,-0.00032619162592417705
2026-06-01 17:25:00+00:00,M899,0.0,-0.00032619162592417705
2026-06-01 17:25:00+00:00,M904,1.0,-0.00032619162592417705
2026-06-01 17:25:00+00:00,M965,16.0,-0.00032619162592417705
2026-06-01 17:25:00+00:00,M971,2369.0,-0.00032619162592417705
2026-06-01 17:25:00+00:00,M972,0.0,-0.00032619162592417705
2026-06-01 17:25:00+00:00,M991,0.0,-0.00032619162592417705
2026-06-03 01:40:00+00:00,M029,0.0,-0.03707863583485016
2026-06-03 01:40:00+00:00,M037,0.0,-0.03707863583485016
2026-06-03 01:40:00+00:00,M104,3.0,-0.03707863583485016
2026-06-03 01:40:00+00:00,M162,0.0,-0.03707863583485016
2026-06-03 01:40:00+00:00,M164,0.0,-0.03707863583485016
2026-06-03 01:40:00+00:00,M185,43.0,-0.03707863583485016
2026-06-03 01:40:00+00:00,M204,0.0,-0.03707863583485016
2026-06-03 01:40:00+00:00,M238,0.0,-0.03707863583485016
2026-06-03 01:40:00+00:00,M265,10.0,-0.03707863583485016
2026-06-03 01:40:00+00:00,M318,0.0,-0.03707863583485016
2026-06-03 01:40:00+00:00,M336,0.0,-0.03707863583485016
2026-06-03 01:40:00+00:00,M348,0.0,-0.03707863583485016
2026-06-03 01:40:00+00:00,M362,0.0,-0.03707863583485016
2026-06-03 01:40:00+00:00,M378,67.0,-0.03707863583485016
2026-06-03 01:40:00+00:00,M392,0.0,-0.03707863583485016
2026-06-03 01:40:00+00:00,M419,0.0,-0.03707863583485016
2026-06-03 01:40:00+00:00,M430,0.0,-0.03707863583485016
2026-06-03 01:40:00+00:00,M452,0.0,-0.03707863583485016
2026-06-03 01:40:00+00:00,M474,0.0,-0.03707863583485016
2026-06-03 01:40:00+00:00,M475,0.0,-0.03707863583485016
2026-06-03 01:40:00+00:00,M490,1.0,-0.03707863583485016
2026-06-03 01:40:00+00:00,M494,0.0,-0.03707863583485016
2026-06-03 01:40:00+00:00,M516,9.0,-0.03707863583485016
2026-06-03 01:40:00+00:00,M520,3042.0,-0.03707863583485016
2026-06-03 01:40:00+00:00,M529,2.0,-0.03707863583485016
2026-06-03 01:40:00+00:00,M609,2.0,-0.03707863583485016
2026-06-03 01:40:00+00:00,M610,0.0,-0.03707863583485016
2026-06-03 01:40:00+00:00,M618,0.0,-0.03707863583485016
2026-06-03 01:40:00+00:00,M658,66.0,-0.03707863583485016
2026-06-03 01:40:00+00:00,M688,0.0,-0.03707863583485016
2026-06-03 01:40:00+00:00,M696,1199.0,-0.03707863583485016
2026-06-03 01:40:00+00:00,M719,0.0,-0.03707863583485016
2026-06-03 01:40:00+00:00,M736,0.0,-0.03707863583485016
2026-06-03 01:40:00+00:00,M767,0.0,-0.03707863583485016
2026-06-03 01:40:00+00:00,M779,14.0,-0.03707863583485016
2026-06-03 01:40:00+00:00,M786,85.0,-0.03707863583485016
2026-06-03 01:40:00+00:00,M841,2.0,-0.03707863583485016
2026-06-03 01:40:00+00:00,M843,0.0,-0.03707863583485016
2026-06-03 01:40:00+00:00,M855,0.0,-0.03707863583485016
2026-06-03 01:40:00+00:00,M874,192.0,-0.03707863583485016
2026-06-03 01:40:00+00:00,M899,8.0,-0.03707863583485016
2026-06-03 01:40:00+00:00,M904,1.0,-0.03707863583485016
2026-06-03 01:40:00+00:00,M965,17.0,-0.03707863583485016
2026-06-03 01:40:00+00:00,M971,4522.0,-0.03707863583485016
2026-06-03 01:40:00+00:00,M972,0.0,-0.03707863583485016
2026-06-03 01:40:00+00:00,M991,0.0,-0.03707863583485016
2026-06-04 01:40:00+00:00,M029,0.0,-0.009267988310327158
2026-06-04 01:40:00+00:00,M037,0.0,-0.009267988310327158
2026-06-04 01:40:00+00:00,M104,2.0,-0.009267988310327158
2026-06-04 01:40:00+00:00,M162,0.0,-0.009267988310327158
2026-06-04 01:40:00+00:00,M164,1.0,-0.009267988310327158
2026-06-04 01:40:00+00:00,M185,32.0,-0.009267988310327158
2026-06-04 01:40:00+00:00,M204,0.0,-0.009267988310327158
2026-06-04 01:40:00+00:00,M238,0.0,-0.009267988310327158
2026-06-04 01:40:00+00:00,M265,7.0,-0.009267988310327158
2026-06-04 01:40:00+00:00,M318,0.0,-0.009267988310327158
2026-06-04 01:40:00+00:00,M336,0.0,-0.009267988310327158
2026-06-04 01:40:00+00:00,M348,0.0,-0.009267988310327158
2026-06-04 01:40:00+00:00,M362,0.0,-0.009267988310327158
2026-06-04 01:40:00+00:00,M378,177.0,-0.009267988310327158
2026-06-04 01:40:00+00:00,M392,0.0,-0.009267988310327158
2026-06-04 01:40:00+00:00,M419,0.0,-0.009267988310327158
2026-06-04 01:40:00+00:00,M430,0.0,-0.009267988310327158
2026-06-04 01:40:00+00:00,M452,0.0,-0.009267988310327158
2026-06-04 01:40:00+00:00,M474,0.0,-0.009267988310327158
2026-06-04 01:40:00+00:00,M475,0.0,-0.009267988310327158
2026-06-04 01:40:00+00:00,M490,1.0,-0.009267988310327158
2026-06-04 01:40:00+00:00,M494,0.0,-0.009267988310327158
2026-06-04 01:40:00+00:00,M516,2.0,-0.009267988310327158
2026-06-04 01:40:00+00:00,M520,3528.0,-0.009267988310327158
2026-06-04 01:40:00+00:00,M529,1.0,-0.009267988310327158
2026-06-04 01:40:00+00:00,M609,2.0,-0.009267988310327158
2026-06-04 01:40:00+00:00,M610,0.0,-0.009267988310327158
2026-06-04 01:40:00+00:00,M618,0.0,-0.009267988310327158
2026-06-04 01:40:00+00:00,M658,177.0,-0.009267988310327158
2026-06-04 01:40:00+00:00,M688,0.0,-0.009267988310327158
2026-06-04 01:40:00+00:00,M696,1552.0,-0.009267988310327158
2026-06-04 01:40:00+00:00,M719,0.0,-0.009267988310327158
2026-06-04 01:40:00+00:00,M736,0.0,-0.009267988310327158
2026-06-04 01:40:00+00:00,M767,0.0,-0.009267988310327158
2026-06-04 01:40:00+00:00,M779,1.0,-0.009267988310327158
2026-06-04 01:40:00+00:00,M786,180.0,-0.009267988310327158
2026-06-04 01:40:00+00:00,M841,0.0,-0.009267988310327158
2026-06-04 01:40:00+00:00,M843,0.0,-0.009267988310327158
2026-06-04 01:40:00+00:00,M855,0.0,-0.009267988310327158
2026-06-04 01:40:00+00:00,M874,176.0,-0.009267988310327158
2026-06-04 01:40:00+00:00,M899,4.0,-0.009267988310327158
2026-06-04 01:40:00+00:00,M904,1.0,-0.009267988310327158
2026-06-04 01:40:00+00:00,M965,14.0,-0.009267988310327158
2026-06-04 01:40:00+00:00,M971,5324.0,-0.009267988310327158
2026-06-04 01:40:00+00:00,M972,0.0,-0.009267988310327158
2026-06-04 01:40:00+00:00,M991,0.0,-0.009267988310327158
2026-06-04 07:20:00+00:00,M029,0.0,-0.00306167822165071
2026-06-04 07:20:00+00:00,M037,0.0,-0.00306167822165071
2026-06-04 07:20:00+00:00,M104,1.0,-0.00306167822165071
2026-06-04 07:20:00+00:00,M162,0.0,-0.00306167822165071
2026-06-04 07:20:00+00:00,M164,0.0,-0.00306167822165071
2026-06-04 07:20:00+00:00,M185,47.0,-0.00306167822165071
2026-06-04 07:20:00+00:00,M204,0.0,-0.00306167822165071
2026-06-04 07:20:00+00:00,M238,0.0,-0.00306167822165071
2026-06-04 07:20:00+00:00,M265,2.0,-0.00306167822165071
2026-06-04 07:20:00+00:00,M318,0.0,-0.00306167822165071
2026-06-04 07:20:00+00:00,M336,0.0,-0.00306167822165071
2026-06-04 07:20:00+00:00,M348,0.0,-0.00306167822165071
2026-06-04 07:20:00+00:00,M362,0.0,-0.00306167822165071
2026-06-04 07:20:00+00:00,M378,125.0,-0.00306167822165071
2026-06-04 07:20:00+00:00,M392,0.0,-0.00306167822165071
2026-06-04 07:20:00+00:00,M419,0.0,-0.00306167822165071
2026-06-04 07:20:00+00:00,M430,0.0,-0.00306167822165071
2026-06-04 07:20:00+00:00,M452,0.0,-0.00306167822165071
2026-06-04 07:20:00+00:00,M474,0.0,-0.00306167822165071
2026-06-04 07:20:00+00:00,M475,0.0,-0.00306167822165071
2026-06-04 07:20:00+00:00,M490,0.0,-0.00306167822165071
2026-06-04 07:20:00+00:00,M494,0.0,-0.00306167822165071
2026-06-04 07:20:00+00:00,M516,3.0,-0.00306167822165071
2026-06-04 07:20:00+00:00,M520,3633.0,-0.00306167822165071
2026-06-04 07:20:00+00:00,M529,1.0,-0.00306167822165071
2026-06-04 07:20:00+00:00,M609,8.0,-0.00306167822165071
2026-06-04 07:20:00+00:00,M610,0.0,-0.00306167822165071
2026-06-04 07:20:00+00:00,M618,0.0,-0.00306167822165071
2026-06-04 07:20:00+00:00,M658,125.0,-0.00306167822165071
2026-06-04 07:20:00+00:00,M688,0.0,-0.00306167822165071
2026-06-04 07:20:00+00:00,M696,1502.0,-0.00306167822165071
2026-06-04 07:20:00+00:00,M719,0.0,-0.00306167822165071
2026-06-04 07:20:00+00:00,M736,0.0,-0.00306167822165071
2026-06-04 07:20:00+00:00,M767,0.0,-0.00306167822165071
2026-06-04 07:20:00+00:00,M779,3.0,-0.00306167822165071
2026-06-04 07:20:00+00:00,M786,129.0,-0.00306167822165071
2026-06-04 07:20:00+00:00,M841,4.0,-0.00306167822165071
2026-06-04 07:20:00+00:00,M843,0.0,-0.00306167822165071
2026-06-04 07:20:00+00:00,M855,0.0,-0.00306167822165071
2026-06-04 07:20:00+00:00,M874,207.0,-0.00306167822165071
2026-06-04 07:20:00+00:00,M899,3.0,-0.00306167822165071
2026-06-04 07:20:00+00:00,M904,1.0,-0.00306167822165071
2026-06-04 07:20:00+00:00,M965,45.0,-0.00306167822165071
2026-06-04 07:20:00+00:00,M971,5451.0,-0.00306167822165071
2026-06-04 07:20:00+00:00,M972,0.0,-0.00306167822165071
2026-06-04 07:20:00+00:00,M991,0.0,-0.00306167822165071
2026-06-04 09:00:00+00:00,M029,0.0,-0.007015631852502979
2026-06-04 09:00:00+00:00,M037,0.0,-0.007015631852502979
2026-06-04 09:00:00+00:00,M104,0.0,-0.007015631852502979
2026-06-04 09:00:00+00:00,M162,0.0,-0.007015631852502979
2026-06-04 09:00:00+00:00,M164,0.0,-0.007015631852502979
2026-06-04 09:00:00+00:00,M185,47.0,-0.007015631852502979
2026-06-04 09:00:00+00:00,M204,0.0,-0.007015631852502979
2026-06-04 09:00:00+00:00,M238,0.0,-0.007015631852502979
2026-06-04 09:00:00+00:00,M265,2.0,-0.007015631852502979
2026-06-04 09:00:00+00:00,M318,0.0,-0.007015631852502979
2026-06-04 09:00:00+00:00,M336,0.0,-0.007015631852502979
2026-06-04 09:00:00+00:00,M348,0.0,-0.007015631852502979
2026-06-04 09:00:00+00:00,M362,0.0,-0.007015631852502979
2026-06-04 09:00:00+00:00,M378,39.0,-0.007015631852502979
2026-06-04 09:00:00+00:00,M392,0.0,-0.007015631852502979
2026-06-04 09:00:00+00:00,M419,0.0,-0.007015631852502979
2026-06-04 09:00:00+00:00,M430,0.0,-0.007015631852502979
2026-06-04 09:00:00+00:00,M452,0.0,-0.007015631852502979
2026-06-04 09:00:00+00:00,M474,1.0,-0.007015631852502979
2026-06-04 09:00:00+00:00,M475,0.0,-0.007015631852502979
2026-06-04 09:00:00+00:00,M490,0.0,-0.007015631852502979
2026-06-04 09:00:00+00:00,M494,0.0,-0.007015631852502979
2026-06-04 09:00:00+00:00,M516,2.0,-0.007015631852502979
2026-06-04 09:00:00+00:00,M520,3825.0,-0.007015631852502979
2026-06-04 09:00:00+00:00,M529,2.0,-0.007015631852502979
2026-06-04 09:00:00+00:00,M609,12.0,-0.007015631852502979
2026-06-04 09:00:00+00:00,M610,0.0,-0.007015631852502979
2026-06-04 09:00:00+00:00,M618,0.0,-0.007015631852502979
2026-06-04 09:00:00+00:00,M658,37.0,-0.007015631852502979
2026-06-04 09:00:00+00:00,M688,0.0,-0.007015631852502979
2026-06-04 09:00:00+00:00,M696,1416.0,-0.007015631852502979
2026-06-04 09:00:00+00:00,M719,0.0,-0.007015631852502979
2026-06-04 09:00:00+00:00,M736,0.0,-0.007015631852502979
2026-06-04 09:00:00+00:00,M767,0.0,-0.007015631852502979
2026-06-04 09:00:00+00:00,M779,1.0,-0.007015631852502979
2026-06-04 09:00:00+00:00,M786,42.0,-0.007015631852502979
2026-06-04 09:00:00+00:00,M841,3.0,-0.007015631852502979
2026-06-04 09:00:00+00:00,M843,0.0,-0.007015631852502979
2026-06-04 09:00:00+00:00,M855,0.0,-0.007015631852502979
2026-06-04 09:00:00+00:00,M874,194.0,-0.007015631852502979
2026-06-04 09:00:00+00:00,M899,11.0,-0.007015631852502979
2026-06-04 09:00:00+00:00,M904,0.0,-0.007015631852502979
2026-06-04 09:00:00+00:00,M965,36.0,-0.007015631852502979
2026-06-04 09:00:00+00:00,M971,5549.0,-0.007015631852502979
2026-06-04 09:00:00+00:00,M972,0.0,-0.007015631852502979
2026-06-04 09:00:00+00:00,M991,0.0,-0.007015631852502979
2026-06-05 06:35:00+00:00,M029,0.0,-0.029313290896584188
2026-06-05 06:35:00+00:00,M037,0.0,-0.029313290896584188
2026-06-05 06:35:00+00:00,M104,3.0,-0.029313290896584188
2026-06-05 06:35:00+00:00,M162,0.0,-0.029313290896584188
2026-06-05 06:35:00+00:00,M164,0.0,-0.029313290896584188
2026-06-05 06:35:00+00:00,M185,41.0,-0.029313290896584188
2026-06-05 06:35:00+00:00,M204,0.0,-0.029313290896584188
2026-06-05 06:35:00+00:00,M238,0.0,-0.029313290896584188
2026-06-05 06:35:00+00:00,M265,8.0,-0.029313290896584188
2026-06-05 06:35:00+00:00,M318,0.0,-0.029313290896584188
2026-06-05 06:35:00+00:00,M336,0.0,-0.029313290896584188
2026-06-05 06:35:00+00:00,M348,0.0,-0.029313290896584188
2026-06-05 06:35:00+00:00,M362,0.0,-0.029313290896584188
2026-06-05 06:35:00+00:00,M378,69.0,-0.029313290896584188
2026-06-05 06:35:00+00:00,M392,0.0,-0.029313290896584188
2026-06-05 06:35:00+00:00,M419,0.0,-0.029313290896584188
2026-06-05 06:35:00+00:00,M430,0.0,-0.029313290896584188
2026-06-05 06:35:00+00:00,M452,0.0,-0.029313290896584188
2026-06-05 06:35:00+00:00,M474,0.0,-0.029313290896584188
2026-06-05 06:35:00+00:00,M475,0.0,-0.029313290896584188
2026-06-05 06:35:00+00:00,M490,1.0,-0.029313290896584188
2026-06-05 06:35:00+00:00,M494,0.0,-0.029313290896584188
2026-06-05 06:35:00+00:00,M516,3.0,-0.029313290896584188
2026-06-05 06:35:00+00:00,M520,4127.0,-0.029313290896584188
2026-06-05 06:35:00+00:00,M529,1.0,-0.029313290896584188
2026-06-05 06:35:00+00:00,M609,14.0,-0.029313290896584188
2026-06-05 06:35:00+00:00,M610,0.0,-0.029313290896584188
2026-06-05 06:35:00+00:00,M618,0.0,-0.029313290896584188
2026-06-05 06:35:00+00:00,M658,69.0,-0.029313290896584188
2026-06-05 06:35:00+00:00,M688,0.0,-0.029313290896584188
2026-06-05 06:35:00+00:00,M696,1600.0,-0.029313290896584188
2026-06-05 06:35:00+00:00,M719,0.0,-0.029313290896584188
2026-06-05 06:35:00+00:00,M736,1.0,-0.029313290896584188
2026-06-05 06:35:00+00:00,M767,0.0,-0.029313290896584188
2026-06-05 06:35:00+00:00,M779,1.0,-0.029313290896584188
2026-06-05 06:35:00+00:00,M786,73.0,-0.029313290896584188
2026-06-05 06:35:00+00:00,M841,0.0,-0.029313290896584188
2026-06-05 06:35:00+00:00,M843,0.0,-0.029313290896584188
2026-06-05 06:35:00+00:00,M855,0.0,-0.029313290896584188
2026-06-05 06:35:00+00:00,M874,262.0,-0.029313290896584188
2026-06-05 06:35:00+00:00,M899,1.0,-0.029313290896584188
2026-06-05 06:35:00+00:00,M904,1.0,-0.029313290896584188
2026-06-05 06:35:00+00:00,M965,33.0,-0.029313290896584188
2026-06-05 06:35:00+00:00,M971,6086.0,-0.029313290896584188
2026-06-05 06:35:00+00:00,M972,0.0,-0.029313290896584188
2026-06-05 06:35:00+00:00,M991,0.0,-0.029313290896584188
2026-06-05 13:25:00+00:00,M029,0.0,-0.011398179166508537
2026-06-05 13:25:00+00:00,M037,0.0,-0.011398179166508537
2026-06-05 13:25:00+00:00,M104,1.0,-0.011398179166508537
2026-06-05 13:25:00+00:00,M162,0.0,-0.011398179166508537
2026-06-05 13:25:00+00:00,M164,0.0,-0.011398179166508537
2026-06-05 13:25:00+00:00,M185,44.0,-0.011398179166508537
2026-06-05 13:25:00+00:00,M204,0.0,-0.011398179166508537
2026-06-05 13:25:00+00:00,M238,0.0,-0.011398179166508537
2026-06-05 13:25:00+00:00,M265,10.0,-0.011398179166508537
2026-06-05 13:25:00+00:00,M318,0.0,-0.011398179166508537
2026-06-05 13:25:00+00:00,M336,0.0,-0.011398179166508537
2026-06-05 13:25:00+00:00,M348,0.0,-0.011398179166508537
2026-06-05 13:25:00+00:00,M362,0.0,-0.011398179166508537
2026-06-05 13:25:00+00:00,M378,58.0,-0.011398179166508537
2026-06-05 13:25:00+00:00,M392,0.0,-0.011398179166508537
2026-06-05 13:25:00+00:00,M419,0.0,-0.011398179166508537
2026-06-05 13:25:00+00:00,M430,0.0,-0.011398179166508537
2026-06-05 13:25:00+00:00,M452,0.0,-0.011398179166508537
2026-06-05 13:25:00+00:00,M474,0.0,-0.011398179166508537
2026-06-05 13:25:00+00:00,M475,0.0,-0.011398179166508537
2026-06-05 13:25:00+00:00,M490,0.0,-0.011398179166508537
2026-06-05 13:25:00+00:00,M494,0.0,-0.011398179166508537
2026-06-05 13:25:00+00:00,M516,0.0,-0.011398179166508537
2026-06-05 13:25:00+00:00,M520,4163.0,-0.011398179166508537
2026-06-05 13:25:00+00:00,M529,0.0,-0.011398179166508537
2026-06-05 13:25:00+00:00,M609,10.0,-0.011398179166508537
2026-06-05 13:25:00+00:00,M610,0.0,-0.011398179166508537
2026-06-05 13:25:00+00:00,M618,0.0,-0.011398179166508537
2026-06-05 13:25:00+00:00,M658,57.0,-0.011398179166508537
2026-06-05 13:25:00+00:00,M688,0.0,-0.011398179166508537
2026-06-05 13:25:00+00:00,M696,1594.0,-0.011398179166508537
2026-06-05 13:25:00+00:00,M719,0.0,-0.011398179166508537
2026-06-05 13:25:00+00:00,M736,1.0,-0.011398179166508537
2026-06-05 13:25:00+00:00,M767,0.0,-0.011398179166508537
2026-06-05 13:25:00+00:00,M779,6.0,-0.011398179166508537
2026-06-05 13:25:00+00:00,M786,60.0,-0.011398179166508537
2026-06-05 13:25:00+00:00,M841,1.0,-0.011398179166508537
2026-06-05 13:25:00+00:00,M843,1.0,-0.011398179166508537
2026-06-05 13:25:00+00:00,M855,0.0,-0.011398179166508537
2026-06-05 13:25:00+00:00,M874,226.0,-0.011398179166508537
2026-06-05 13:25:00+00:00,M899,6.0,-0.011398179166508537
2026-06-05 13:25:00+00:00,M904,1.0,-0.011398179166508537
2026-06-05 13:25:00+00:00,M965,41.0,-0.011398179166508537
2026-06-05 13:25:00+00:00,M971,6096.0,-0.011398179166508537
2026-06-05 13:25:00+00:00,M972,0.0,-0.011398179166508537
2026-06-05 13:25:00+00:00,M991,0.0,-0.011398179166508537
2026-06-05 14:30:00+00:00,M029,0.0,-0.00629283150640203
2026-06-05 14:30:00+00:00,M037,0.0,-0.00629283150640203
2026-06-05 14:30:00+00:00,M104,0.0,-0.00629283150640203
2026-06-05 14:30:00+00:00,M162,0.0,-0.00629283150640203
2026-06-05 14:30:00+00:00,M164,0.0,-0.00629283150640203
2026-06-05 14:30:00+00:00,M185,34.0,-0.00629283150640203
2026-06-05 14:30:00+00:00,M204,0.0,-0.00629283150640203
2026-06-05 14:30:00+00:00,M238,0.0,-0.00629283150640203
2026-06-05 14:30:00+00:00,M265,1.0,-0.00629283150640203
2026-06-05 14:30:00+00:00,M318,0.0,-0.00629283150640203
2026-06-05 14:30:00+00:00,M336,0.0,-0.00629283150640203
2026-06-05 14:30:00+00:00,M348,0.0,-0.00629283150640203
2026-06-05 14:30:00+00:00,M362,0.0,-0.00629283150640203
2026-06-05 14:30:00+00:00,M378,62.0,-0.00629283150640203
2026-06-05 14:30:00+00:00,M392,0.0,-0.00629283150640203
2026-06-05 14:30:00+00:00,M419,0.0,-0.00629283150640203
2026-06-05 14:30:00+00:00,M430,0.0,-0.00629283150640203
2026-06-05 14:30:00+00:00,M452,0.0,-0.00629283150640203
2026-06-05 14:30:00+00:00,M474,0.0,-0.00629283150640203
2026-06-05 14:30:00+00:00,M475,1.0,-0.00629283150640203
2026-06-05 14:30:00+00:00,M490,0.0,-0.00629283150640203
2026-06-05 14:30:00+00:00,M494,0.0,-0.00629283150640203
2026-06-05 14:30:00+00:00,M516,0.0,-0.00629283150640203
2026-06-05 14:30:00+00:00,M520,4122.0,-0.00629283150640203
2026-06-05 14:30:00+00:00,M529,8.0,-0.00629283150640203
2026-06-05 14:30:00+00:00,M609,6.0,-0.00629283150640203
2026-06-05 14:30:00+00:00,M610,0.0,-0.00629283150640203
2026-06-05 14:30:00+00:00,M618,0.0,-0.00629283150640203
2026-06-05 14:30:00+00:00,M658,62.0,-0.00629283150640203
2026-06-05 14:30:00+00:00,M688,0.0,-0.00629283150640203
2026-06-05 14:30:00+00:00,M696,1587.0,-0.00629283150640203
2026-06-05 14:30:00+00:00,M719,0.0,-0.00629283150640203
2026-06-05 14:30:00+00:00,M736,0.0,-0.00629283150640203
2026-06-05 14:30:00+00:00,M767,0.0,-0.00629283150640203
2026-06-05 14:30:00+00:00,M779,1.0,-0.00629283150640203
2026-06-05 14:30:00+00:00,M786,58.0,-0.00629283150640203
2026-06-05 14:30:00+00:00,M841,0.0,-0.00629283150640203
2026-06-05 14:30:00+00:00,M843,0.0,-0.00629283150640203
2026-06-05 14:30:00+00:00,M855,0.0,-0.00629283150640203
2026-06-05 14:30:00+00:00,M874,212.0,-0.00629283150640203
2026-06-05 14:30:00+00:00,M899,1.0,-0.00629283150640203
2026-06-05 14:30:00+00:00,M904,1.0,-0.00629283150640203
2026-06-05 14:30:00+00:00,M965,48.0,-0.00629283150640203
2026-06-05 14:30:00+00:00,M971,6009.0,-0.00629283150640203
2026-06-05 14:30:00+00:00,M972,0.0,-0.00629283150640203
2026-06-05 14:30:00+00:00,M991,0.0,-0.00629283150640203
2026-06-06 05:25:00+00:00,M029,1.0,-0.013149896401870254
2026-06-06 05:25:00+00:00,M037,0.0,-0.013149896401870254
2026-06-06 05:25:00+00:00,M104,1.0,-0.013149896401870254
2026-06-06 05:25:00+00:00,M162,0.0,-0.013149896401870254
2026-06-06 05:25:00+00:00,M164,0.0,-0.013149896401870254
2026-06-06 05:25:00+00:00,M185,46.0,-0.013149896401870254
2026-06-06 05:25:00+00:00,M204,0.0,-0.013149896401870254
2026-06-06 05:25:00+00:00,M238,0.0,-0.013149896401870254
2026-06-06 05:25:00+00:00,M265,6.0,-0.013149896401870254
2026-06-06 05:25:00+00:00,M318,0.0,-0.013149896401870254
2026-06-06 05:25:00+00:00,M336,0.0,-0.013149896401870254
2026-06-06 05:25:00+00:00,M348,0.0,-0.013149896401870254
2026-06-06 05:25:00+00:00,M362,0.0,-0.013149896401870254
2026-06-06 05:25:00+00:00,M378,36.0,-0.013149896401870254
2026-06-06 05:25:00+00:00,M392,0.0,-0.013149896401870254
2026-06-06 05:25:00+00:00,M419,0.0,-0.013149896401870254
2026-06-06 05:25:00+00:00,M430,0.0,-0.013149896401870254
2026-06-06 05:25:00+00:00,M452,0.0,-0.013149896401870254
2026-06-06 05:25:00+00:00,M474,0.0,-0.013149896401870254
2026-06-06 05:25:00+00:00,M475,1.0,-0.013149896401870254
2026-06-06 05:25:00+00:00,M490,0.0,-0.013149896401870254
2026-06-06 05:25:00+00:00,M494,0.0,-0.013149896401870254
2026-06-06 05:25:00+00:00,M516,0.0,-0.013149896401870254
2026-06-06 05:25:00+00:00,M520,4281.0,-0.013149896401870254
2026-06-06 05:25:00+00:00,M529,0.0,-0.013149896401870254
2026-06-06 05:25:00+00:00,M609,5.0,-0.013149896401870254
2026-06-06 05:25:00+00:00,M610,0.0,-0.013149896401870254
2026-06-06 05:25:00+00:00,M618,0.0,-0.013149896401870254
2026-06-06 05:25:00+00:00,M658,35.0,-0.013149896401870254
2026-06-06 05:25:00+00:00,M688,0.0,-0.013149896401870254
2026-06-06 05:25:00+00:00,M696,1588.0,-0.013149896401870254
2026-06-06 05:25:00+00:00,M719,0.0,-0.013149896401870254
2026-06-06 05:25:00+00:00,M736,0.0,-0.013149896401870254
2026-06-06 05:25:00+00:00,M767,0.0,-0.013149896401870254
2026-06-06 05:25:00+00:00,M779,2.0,-0.013149896401870254
2026-06-06 05:25:00+00:00,M786,39.0,-0.013149896401870254
2026-06-06 05:25:00+00:00,M841,1.0,-0.013149896401870254
2026-06-06 05:25:00+00:00,M843,1.0,-0.013149896401870254
2026-06-06 05:25:00+00:00,M855,0.0,-0.013149896401870254
2026-06-06 05:25:00+00:00,M874,223.0,-0.013149896401870254
2026-06-06 05:25:00+00:00,M899,1.0,-0.013149896401870254
2026-06-06 05:25:00+00:00,M904,3.0,-0.013149896401870254
2026-06-06 05:25:00+00:00,M965,16.0,-0.013149896401870254
2026-06-06 05:25:00+00:00,M971,6170.0,-0.013149896401870254
2026-06-06 05:25:00+00:00,M972,0.0,-0.013149896401870254
2026-06-06 05:25:00+00:00,M991,0.0,-0.013149896401870254
2026-06-07 03:20:00+00:00,M029,0.0,-0.003088578183664703
2026-06-07 03:20:00+00:00,M037,0.0,-0.003088578183664703
2026-06-07 03:20:00+00:00,M104,1.0,-0.003088578183664703
2026-06-07 03:20:00+00:00,M162,0.0,-0.003088578183664703
2026-06-07 03:20:00+00:00,M164,1.0,-0.003088578183664703
2026-06-07 03:20:00+00:00,M185,44.0,-0.003088578183664703
2026-06-07 03:20:00+00:00,M204,0.0,-0.003088578183664703
2026-06-07 03:20:00+00:00,M238,0.0,-0.003088578183664703
2026-06-07 03:20:00+00:00,M265,16.0,-0.003088578183664703
2026-06-07 03:20:00+00:00,M318,0.0,-0.003088578183664703
2026-06-07 03:20:00+00:00,M336,0.0,-0.003088578183664703
2026-06-07 03:20:00+00:00,M348,0.0,-0.003088578183664703
2026-06-07 03:20:00+00:00,M362,0.0,-0.003088578183664703
2026-06-07 03:20:00+00:00,M378,53.0,-0.003088578183664703
2026-06-07 03:20:00+00:00,M392,0.0,-0.003088578183664703
2026-06-07 03:20:00+00:00,M419,0.0,-0.003088578183664703
2026-06-07 03:20:00+00:00,M430,0.0,-0.003088578183664703
2026-06-07 03:20:00+00:00,M452,0.0,-0.003088578183664703
2026-06-07 03:20:00+00:00,M474,0.0,-0.003088578183664703
2026-06-07 03:20:00+00:00,M475,1.0,-0.003088578183664703
2026-06-07 03:20:00+00:00,M490,0.0,-0.003088578183664703
2026-06-07 03:20:00+00:00,M494,0.0,-0.003088578183664703
2026-06-07 03:20:00+00:00,M516,0.0,-0.003088578183664703
2026-06-07 03:20:00+00:00,M520,4410.0,-0.003088578183664703
2026-06-07 03:20:00+00:00,M529,0.0,-0.003088578183664703
2026-06-07 03:20:00+00:00,M609,8.0,-0.003088578183664703
2026-06-07 03:20:00+00:00,M610,0.0,-0.003088578183664703
2026-06-07 03:20:00+00:00,M618,0.0,-0.003088578183664703
2026-06-07 03:20:00+00:00,M658,53.0,-0.003088578183664703
2026-06-07 03:20:00+00:00,M688,0.0,-0.003088578183664703
2026-06-07 03:20:00+00:00,M696,1605.0,-0.003088578183664703
2026-06-07 03:20:00+00:00,M719,0.0,-0.003088578183664703
2026-06-07 03:20:00+00:00,M736,1.0,-0.003088578183664703
2026-06-07 03:20:00+00:00,M767,0.0,-0.003088578183664703
2026-06-07 03:20:00+00:00,M779,2.0,-0.003088578183664703
2026-06-07 03:20:00+00:00,M786,51.0,-0.003088578183664703
2026-06-07 03:20:00+00:00,M841,1.0,-0.003088578183664703
2026-06-07 03:20:00+00:00,M843,0.0,-0.003088578183664703
2026-06-07 03:20:00+00:00,M855,0.0,-0.003088578183664703
2026-06-07 03:20:00+00:00,M874,205.0,-0.003088578183664703
2026-06-07 03:20:00+00:00,M899,15.0,-0.003088578183664703
2026-06-07 03:20:00+00:00,M904,0.0,-0.003088578183664703
2026-06-07 03:20:00+00:00,M965,10.0,-0.003088578183664703
2026-06-07 03:20:00+00:00,M971,6320.0,-0.003088578183664703
2026-06-07 03:20:00+00:00,M972,0.0,-0.003088578183664703
2026-06-07 03:20:00+00:00,M991,0.0,-0.003088578183664703
2026-06-07 12:00:00+00:00,M029,0.0,-0.0027692478075282967
2026-06-07 12:00:00+00:00,M037,0.0,-0.0027692478075282967
2026-06-07 12:00:00+00:00,M104,0.0,-0.0027692478075282967
2026-06-07 12:00:00+00:00,M162,0.0,-0.0027692478075282967
2026-06-07 12:00:00+00:00,M164,0.0,-0.0027692478075282967
2026-06-07 12:00:00+00:00,M185,49.0,-0.0027692478075282967
2026-06-07 12:00:00+00:00,M204,0.0,-0.0027692478075282967
2026-06-07 12:00:00+00:00,M238,0.0,-0.0027692478075282967
2026-06-07 12:00:00+00:00,M265,12.0,-0.0027692478075282967
2026-06-07 12:00:00+00:00,M318,0.0,-0.0027692478075282967
2026-06-07 12:00:00+00:00,M336,0.0,-0.0027692478075282967
2026-06-07 12:00:00+00:00,M348,0.0,-0.0027692478075282967
2026-06-07 12:00:00+00:00,M362,0.0,-0.0027692478075282967
2026-06-07 12:00:00+00:00,M378,45.0,-0.0027692478075282967
2026-06-07 12:00:00+00:00,M392,0.0,-0.0027692478075282967
2026-06-07 12:00:00+00:00,M419,0.0,-0.0027692478075282967
2026-06-07 12:00:00+00:00,M430,0.0,-0.0027692478075282967
2026-06-07 12:00:00+00:00,M452,0.0,-0.0027692478075282967
2026-06-07 12:00:00+00:00,M474,0.0,-0.0027692478075282967
2026-06-07 12:00:00+00:00,M475,0.0,-0.0027692478075282967
2026-06-07 12:00:00+00:00,M490,0.0,-0.0027692478075282967
2026-06-07 12:00:00+00:00,M494,0.0,-0.0027692478075282967
2026-06-07 12:00:00+00:00,M516,0.0,-0.0027692478075282967
2026-06-07 12:00:00+00:00,M520,4647.0,-0.0027692478075282967
2026-06-07 12:00:00+00:00,M529,3.0,-0.0027692478075282967
2026-06-07 12:00:00+00:00,M609,5.0,-0.0027692478075282967
2026-06-07 12:00:00+00:00,M610,0.0,-0.0027692478075282967
2026-06-07 12:00:00+00:00,M618,0.0,-0.0027692478075282967
2026-06-07 12:00:00+00:00,M658,44.0,-0.0027692478075282967
2026-06-07 12:00:00+00:00,M688,0.0,-0.0027692478075282967
2026-06-07 12:00:00+00:00,M696,1656.0,-0.0027692478075282967
2026-06-07 12:00:00+00:00,M719,0.0,-0.0027692478075282967
2026-06-07 12:00:00+00:00,M736,2.0,-0.0027692478075282967
2026-06-07 12:00:00+00:00,M767,0.0,-0.0027692478075282967
2026-06-07 12:00:00+00:00,M779,2.0,-0.0027692478075282967
2026-06-07 12:00:00+00:00,M786,45.0,-0.0027692478075282967
2026-06-07 12:00:00+00:00,M841,0.0,-0.0027692478075282967
2026-06-07 12:00:00+00:00,M843,1.0,-0.0027692478075282967
2026-06-07 12:00:00+00:00,M855,0.0,-0.0027692478075282967
2026-06-07 12:00:00+00:00,M874,160.0,-0.0027692478075282967
2026-06-07 12:00:00+00:00,M899,6.0,-0.0027692478075282967
2026-06-07 12:00:00+00:00,M904,1.0,-0.0027692478075282967
2026-06-07 12:00:00+00:00,M965,24.0,-0.0027692478075282967
2026-06-07 12:00:00+00:00,M971,6568.0,-0.0027692478075282967
2026-06-07 12:00:00+00:00,M972,0.0,-0.0027692478075282967
2026-06-07 12:00:00+00:00,M991,0.0,-0.0027692478075282967
2026-06-08 04:45:00+00:00,M029,0.0,-0.004581138005723795
2026-06-08 04:45:00+00:00,M037,0.0,-0.004581138005723795
2026-06-08 04:45:00+00:00,M104,0.0,-0.004581138005723795
2026-06-08 04:45:00+00:00,M162,0.0,-0.004581138005723795
2026-06-08 04:45:00+00:00,M164,0.0,-0.004581138005723795
2026-06-08 04:45:00+00:00,M185,43.0,-0.004581138005723795
2026-06-08 04:45:00+00:00,M204,0.0,-0.004581138005723795
2026-06-08 04:45:00+00:00,M238,0.0,-0.004581138005723795
2026-06-08 04:45:00+00:00,M265,6.0,-0.004581138005723795
2026-06-08 04:45:00+00:00,M318,0.0,-0.004581138005723795
2026-06-08 04:45:00+00:00,M336,0.0,-0.004581138005723795
2026-06-08 04:45:00+00:00,M348,0.0,-0.004581138005723795
2026-06-08 04:45:00+00:00,M362,0.0,-0.004581138005723795
2026-06-08 04:45:00+00:00,M378,70.0,-0.004581138005723795
2026-06-08 04:45:00+00:00,M392,0.0,-0.004581138005723795
2026-06-08 04:45:00+00:00,M419,0.0,-0.004581138005723795
2026-06-08 04:45:00+00:00,M430,0.0,-0.004581138005723795
2026-06-08 04:45:00+00:00,M452,0.0,-0.004581138005723795
2026-06-08 04:45:00+00:00,M474,0.0,-0.004581138005723795
2026-06-08 04:45:00+00:00,M475,0.0,-0.004581138005723795
2026-06-08 04:45:00+00:00,M490,0.0,-0.004581138005723795
2026-06-08 04:45:00+00:00,M494,0.0,-0.004581138005723795
2026-06-08 04:45:00+00:00,M516,2.0,-0.004581138005723795
2026-06-08 04:45:00+00:00,M520,4500.0,-0.004581138005723795
2026-06-08 04:45:00+00:00,M529,2.0,-0.004581138005723795
2026-06-08 04:45:00+00:00,M609,5.0,-0.004581138005723795
2026-06-08 04:45:00+00:00,M610,0.0,-0.004581138005723795
2026-06-08 04:45:00+00:00,M618,0.0,-0.004581138005723795
2026-06-08 04:45:00+00:00,M658,70.0,-0.004581138005723795
2026-06-08 04:45:00+00:00,M688,0.0,-0.004581138005723795
2026-06-08 04:45:00+00:00,M696,1701.0,-0.004581138005723795
2026-06-08 04:45:00+00:00,M719,0.0,-0.004581138005723795
2026-06-08 04:45:00+00:00,M736,1.0,-0.004581138005723795
2026-06-08 04:45:00+00:00,M767,0.0,-0.004581138005723795
2026-06-08 04:45:00+00:00,M779,5.0,-0.004581138005723795
2026-06-08 04:45:00+00:00,M786,77.0,-0.004581138005723795
2026-06-08 04:45:00+00:00,M841,0.0,-0.004581138005723795
2026-06-08 04:45:00+00:00,M843,0.0,-0.004581138005723795
2026-06-08 04:45:00+00:00,M855,0.0,-0.004581138005723795
2026-06-08 04:45:00+00:00,M874,248.0,-0.004581138005723795
2026-06-08 04:45:00+00:00,M899,0.0,-0.004581138005723795
2026-06-08 04:45:00+00:00,M904,2.0,-0.004581138005723795
2026-06-08 04:45:00+00:00,M965,17.0,-0.004581138005723795
2026-06-08 04:45:00+00:00,M971,6523.0,-0.004581138005723795
2026-06-08 04:45:00+00:00,M972,0.0,-0.004581138005723795
2026-06-08 04:45:00+00:00,M991,0.0,-0.004581138005723795
2026-06-09 02:05:00+00:00,M029,0.0,-0.011962657502884277
2026-06-09 02:05:00+00:00,M037,0.0,-0.011962657502884277
2026-06-09 02:05:00+00:00,M104,1.0,-0.011962657502884277
2026-06-09 02:05:00+00:00,M162,0.0,-0.011962657502884277
2026-06-09 02:05:00+00:00,M164,0.0,-0.011962657502884277
2026-06-09 02:05:00+00:00,M185,47.0,-0.011962657502884277
2026-06-09 02:05:00+00:00,M204,0.0,-0.011962657502884277
2026-06-09 02:05:00+00:00,M238,0.0,-0.011962657502884277
2026-06-09 02:05:00+00:00,M265,13.0,-0.011962657502884277
2026-06-09 02:05:00+00:00,M318,0.0,-0.011962657502884277
2026-06-09 02:05:00+00:00,M336,0.0,-0.011962657502884277
2026-06-09 02:05:00+00:00,M348,0.0,-0.011962657502884277
2026-06-09 02:05:00+00:00,M362,0.0,-0.011962657502884277
2026-06-09 02:05:00+00:00,M378,62.0,-0.011962657502884277
2026-06-09 02:05:00+00:00,M392,0.0,-0.011962657502884277
2026-06-09 02:05:00+00:00,M419,0.0,-0.011962657502884277
2026-06-09 02:05:00+00:00,M430,0.0,-0.011962657502884277
2026-06-09 02:05:00+00:00,M452,0.0,-0.011962657502884277
2026-06-09 02:05:00+00:00,M474,0.0,-0.011962657502884277
2026-06-09 02:05:00+00:00,M475,0.0,-0.011962657502884277
2026-06-09 02:05:00+00:00,M490,0.0,-0.011962657502884277
2026-06-09 02:05:00+00:00,M494,0.0,-0.011962657502884277
2026-06-09 02:05:00+00:00,M516,0.0,-0.011962657502884277
2026-06-09 02:05:00+00:00,M520,4221.0,-0.011962657502884277
2026-06-09 02:05:00+00:00,M529,0.0,-0.011962657502884277
2026-06-09 02:05:00+00:00,M609,5.0,-0.011962657502884277
2026-06-09 02:05:00+00:00,M610,0.0,-0.011962657502884277
2026-06-09 02:05:00+00:00,M618,0.0,-0.011962657502884277
2026-06-09 02:05:00+00:00,M658,61.0,-0.011962657502884277
2026-06-09 02:05:00+00:00,M688,0.0,-0.011962657502884277
2026-06-09 02:05:00+00:00,M696,1669.0,-0.011962657502884277
2026-06-09 02:05:00+00:00,M719,0.0,-0.011962657502884277
2026-06-09 02:05:00+00:00,M736,3.0,-0.011962657502884277
2026-06-09 02:05:00+00:00,M767,0.0,-0.011962657502884277
2026-06-09 02:05:00+00:00,M779,5.0,-0.011962657502884277
2026-06-09 02:05:00+00:00,M786,67.0,-0.011962657502884277
2026-06-09 02:05:00+00:00,M841,0.0,-0.011962657502884277
2026-06-09 02:05:00+00:00,M843,1.0,-0.011962657502884277
2026-06-09 02:05:00+00:00,M855,0.0,-0.011962657502884277
2026-06-09 02:05:00+00:00,M874,231.0,-0.011962657502884277
2026-06-09 02:05:00+00:00,M899,4.0,-0.011962657502884277
2026-06-09 02:05:00+00:00,M904,1.0,-0.011962657502884277
2026-06-09 02:05:00+00:00,M965,15.0,-0.011962657502884277
2026-06-09 02:05:00+00:00,M971,6210.0,-0.011962657502884277
2026-06-09 02:05:00+00:00,M972,0.0,-0.011962657502884277
2026-06-09 02:05:00+00:00,M991,0.0,-0.011962657502884277
2026-06-09 08:50:00+00:00,M029,0.0,-0.0015108349558647927
2026-06-09 08:50:00+00:00,M037,0.0,-0.0015108349558647927
2026-06-09 08:50:00+00:00,M104,2.0,-0.0015108349558647927
2026-06-09 08:50:00+00:00,M162,0.0,-0.0015108349558647927
2026-06-09 08:50:00+00:00,M164,0.0,-0.0015108349558647927
2026-06-09 08:50:00+00:00,M185,55.0,-0.0015108349558647927
2026-06-09 08:50:00+00:00,M204,0.0,-0.0015108349558647927
2026-06-09 08:50:00+00:00,M238,0.0,-0.0015108349558647927
2026-06-09 08:50:00+00:00,M265,14.0,-0.0015108349558647927
2026-06-09 08:50:00+00:00,M318,0.0,-0.0015108349558647927
2026-06-09 08:50:00+00:00,M336,0.0,-0.0015108349558647927
2026-06-09 08:50:00+00:00,M348,0.0,-0.0015108349558647927
2026-06-09 08:50:00+00:00,M362,0.0,-0.0015108349558647927
2026-06-09 08:50:00+00:00,M378,59.0,-0.0015108349558647927
2026-06-09 08:50:00+00:00,M392,0.0,-0.0015108349558647927
2026-06-09 08:50:00+00:00,M419,0.0,-0.0015108349558647927
2026-06-09 08:50:00+00:00,M430,0.0,-0.0015108349558647927
2026-06-09 08:50:00+00:00,M452,0.0,-0.0015108349558647927
2026-06-09 08:50:00+00:00,M474,0.0,-0.0015108349558647927
2026-06-09 08:50:00+00:00,M475,1.0,-0.0015108349558647927
2026-06-09 08:50:00+00:00,M490,0.0,-0.0015108349558647927
2026-06-09 08:50:00+00:00,M494,0.0,-0.0015108349558647927
2026-06-09 08:50:00+00:00,M516,2.0,-0.0015108349558647927
2026-06-09 08:50:00+00:00,M520,4464.0,-0.0015108349558647927
2026-06-09 08:50:00+00:00,M529,1.0,-0.0015108349558647927
2026-06-09 08:50:00+00:00,M609,9.0,-0.0015108349558647927
2026-06-09 08:50:00+00:00,M610,0.0,-0.0015108349558647927
2026-06-09 08:50:00+00:00,M618,0.0,-0.0015108349558647927
2026-06-09 08:50:00+00:00,M658,59.0,-0.0015108349558647927
2026-06-09 08:50:00+00:00,M688,0.0,-0.0015108349558647927
2026-06-09 08:50:00+00:00,M696,1705.0,-0.0015108349558647927
2026-06-09 08:50:00+00:00,M719,0.0,-0.0015108349558647927
2026-06-09 08:50:00+00:00,M736,2.0,-0.0015108349558647927
2026-06-09 08:50:00+00:00,M767,0.0,-0.0015108349558647927
2026-06-09 08:50:00+00:00,M779,2.0,-0.0015108349558647927
2026-06-09 08:50:00+00:00,M786,63.0,-0.0015108349558647927
2026-06-09 08:50:00+00:00,M841,1.0,-0.0015108349558647927
2026-06-09 08:50:00+00:00,M843,0.0,-0.0015108349558647927
2026-06-09 08:50:00+00:00,M855,0.0,-0.0015108349558647927
2026-06-09 08:50:00+00:00,M874,214.0,-0.0015108349558647927
2026-06-09 08:50:00+00:00,M899,4.0,-0.0015108349558647927
2026-06-09 08:50:00+00:00,M904,2.0,-0.0015108349558647927
2026-06-09 08:50:00+00:00,M965,19.0,-0.0015108349558647927
2026-06-09 08:50:00+00:00,M971,6494.0,-0.0015108349558647927
2026-06-09 08:50:00+00:00,M972,0.0,-0.0015108349558647927
2026-06-09 08:50:00+00:00,M991,0.0,-0.0015108349558647927
2026-06-09 09:20:00+00:00,M029,0.0,-0.05057054626385071
2026-06-09 09:20:00+00:00,M037,0.0,-0.05057054626385071
2026-06-09 09:20:00+00:00,M104,0.0,-0.05057054626385071
2026-06-09 09:20:00+00:00,M162,0.0,-0.05057054626385071
2026-06-09 09:20:00+00:00,M164,0.0,-0.05057054626385071
2026-06-09 09:20:00+00:00,M185,75.0,-0.05057054626385071
2026-06-09 09:20:00+00:00,M204,0.0,-0.05057054626385071
2026-06-09 09:20:00+00:00,M238,0.0,-0.05057054626385071
2026-06-09 09:20:00+00:00,M265,8.0,-0.05057054626385071
2026-06-09 09:20:00+00:00,M318,0.0,-0.05057054626385071
2026-06-09 09:20:00+00:00,M336,0.0,-0.05057054626385071
2026-06-09 09:20:00+00:00,M348,0.0,-0.05057054626385071
2026-06-09 09:20:00+00:00,M362,0.0,-0.05057054626385071
2026-06-09 09:20:00+00:00,M378,64.0,-0.05057054626385071
2026-06-09 09:20:00+00:00,M392,0.0,-0.05057054626385071
2026-06-09 09:20:00+00:00,M419,0.0,-0.05057054626385071
2026-06-09 09:20:00+00:00,M430,0.0,-0.05057054626385071
2026-06-09 09:20:00+00:00,M452,0.0,-0.05057054626385071
2026-06-09 09:20:00+00:00,M474,0.0,-0.05057054626385071
2026-06-09 09:20:00+00:00,M475,3.0,-0.05057054626385071
2026-06-09 09:20:00+00:00,M490,2.0,-0.05057054626385071
2026-06-09 09:20:00+00:00,M494,0.0,-0.05057054626385071
2026-06-09 09:20:00+00:00,M516,1.0,-0.05057054626385071
2026-06-09 09:20:00+00:00,M520,4423.0,-0.05057054626385071
2026-06-09 09:20:00+00:00,M529,3.0,-0.05057054626385071
2026-06-09 09:20:00+00:00,M609,9.0,-0.05057054626385071
2026-06-09 09:20:00+00:00,M610,0.0,-0.05057054626385071
2026-06-09 09:20:00+00:00,M618,0.0,-0.05057054626385071
2026-06-09 09:20:00+00:00,M658,63.0,-0.05057054626385071
2026-06-09 09:20:00+00:00,M688,0.0,-0.05057054626385071
2026-06-09 09:20:00+00:00,M696,1720.0,-0.05057054626385071
2026-06-09 09:20:00+00:00,M719,0.0,-0.05057054626385071
2026-06-09 09:20:00+00:00,M736,0.0,-0.05057054626385071
2026-06-09 09:20:00+00:00,M767,0.0,-0.05057054626385071
2026-06-09 09:20:00+00:00,M779,1.0,-0.05057054626385071
2026-06-09 09:20:00+00:00,M786,67.0,-0.05057054626385071
2026-06-09 09:20:00+00:00,M841,2.0,-0.05057054626385071
2026-06-09 09:20:00+00:00,M843,0.0,-0.05057054626385071
2026-06-09 09:20:00+00:00,M855,0.0,-0.05057054626385071
2026-06-09 09:20:00+00:00,M874,219.0,-0.05057054626385071
2026-06-09 09:20:00+00:00,M899,4.0,-0.05057054626385071
2026-06-09 09:20:00+00:00,M904,1.0,-0.05057054626385071
2026-06-09 09:20:00+00:00,M965,15.0,-0.05057054626385071
2026-06-09 09:20:00+00:00,M971,6477.0,-0.05057054626385071
2026-06-09 09:20:00+00:00,M972,0.0,-0.05057054626385071
2026-06-09 09:20:00+00:00,M991,0.0,-0.05057054626385071
2026-06-09 09:35:00+00:00,M029,1.0,-0.02802907815245559
2026-06-09 09:35:00+00:00,M037,0.0,-0.02802907815245559
2026-06-09 09:35:00+00:00,M104,3.0,-0.02802907815245559
2026-06-09 09:35:00+00:00,M162,0.0,-0.02802907815245559
2026-06-09 09:35:00+00:00,M164,0.0,-0.02802907815245559
2026-06-09 09:35:00+00:00,M185,63.0,-0.02802907815245559
2026-06-09 09:35:00+00:00,M204,0.0,-0.02802907815245559
2026-06-09 09:35:00+00:00,M238,0.0,-0.02802907815245559
2026-06-09 09:35:00+00:00,M265,5.0,-0.02802907815245559
2026-06-09 09:35:00+00:00,M318,0.0,-0.02802907815245559
2026-06-09 09:35:00+00:00,M336,0.0,-0.02802907815245559
2026-06-09 09:35:00+00:00,M348,0.0,-0.02802907815245559
2026-06-09 09:35:00+00:00,M362,0.0,-0.02802907815245559
2026-06-09 09:35:00+00:00,M378,61.0,-0.02802907815245559
2026-06-09 09:35:00+00:00,M392,0.0,-0.02802907815245559
2026-06-09 09:35:00+00:00,M419,0.0,-0.02802907815245559
2026-06-09 09:35:00+00:00,M430,0.0,-0.02802907815245559
2026-06-09 09:35:00+00:00,M452,0.0,-0.02802907815245559
2026-06-09 09:35:00+00:00,M474,0.0,-0.02802907815245559
2026-06-09 09:35:00+00:00,M475,0.0,-0.02802907815245559
2026-06-09 09:35:00+00:00,M490,1.0,-0.02802907815245559
2026-06-09 09:35:00+00:00,M494,0.0,-0.02802907815245559
2026-06-09 09:35:00+00:00,M516,2.0,-0.02802907815245559
2026-06-09 09:35:00+00:00,M520,4287.0,-0.02802907815245559
2026-06-09 09:35:00+00:00,M529,0.0,-0.02802907815245559
2026-06-09 09:35:00+00:00,M609,14.0,-0.02802907815245559
2026-06-09 09:35:00+00:00,M610,0.0,-0.02802907815245559
2026-06-09 09:35:00+00:00,M618,0.0,-0.02802907815245559
2026-06-09 09:35:00+00:00,M658,59.0,-0.02802907815245559
2026-06-09 09:35:00+00:00,M688,0.0,-0.02802907815245559
2026-06-09 09:35:00+00:00,M696,1724.0,-0.02802907815245559
2026-06-09 09:35:00+00:00,M719,0.0,-0.02802907815245559
2026-06-09 09:35:00+00:00,M736,0.0,-0.02802907815245559
2026-06-09 09:35:00+00:00,M767,0.0,-0.02802907815245559
2026-06-09 09:35:00+00:00,M779,2.0,-0.02802907815245559
2026-06-09 09:35:00+00:00,M786,62.0,-0.02802907815245559
2026-06-09 09:35:00+00:00,M841,0.0,-0.02802907815245559
2026-06-09 09:35:00+00:00,M843,0.0,-0.02802907815245559
2026-06-09 09:35:00+00:00,M855,0.0,-0.02802907815245559
2026-06-09 09:35:00+00:00,M874,219.0,-0.02802907815245559
2026-06-09 09:35:00+00:00,M899,0.0,-0.02802907815245559
2026-06-09 09:35:00+00:00,M904,1.0,-0.02802907815245559
2026-06-09 09:35:00+00:00,M965,9.0,-0.02802907815245559
2026-06-09 09:35:00+00:00,M971,6326.0,-0.02802907815245559
2026-06-09 09:35:00+00:00,M972,0.0,-0.02802907815245559
2026-06-09 09:35:00+00:00,M991,0.0,-0.02802907815245559
2026-06-09 09:45:00+00:00,M029,0.0,-0.013916233432797576
2026-06-09 09:45:00+00:00,M037,0.0,-0.013916233432797576
2026-06-09 09:45:00+00:00,M104,1.0,-0.013916233432797576
2026-06-09 09:45:00+00:00,M162,0.0,-0.013916233432797576
2026-06-09 09:45:00+00:00,M164,0.0,-0.013916233432797576
2026-06-09 09:45:00+00:00,M185,56.0,-0.013916233432797576
2026-06-09 09:45:00+00:00,M204,0.0,-0.013916233432797576
2026-06-09 09:45:00+00:00,M238,0.0,-0.013916233432797576
2026-06-09 09:45:00+00:00,M265,4.0,-0.013916233432797576
2026-06-09 09:45:00+00:00,M318,0.0,-0.013916233432797576
2026-06-09 09:45:00+00:00,M336,0.0,-0.013916233432797576
2026-06-09 09:45:00+00:00,M348,0.0,-0.013916233432797576
2026-06-09 09:45:00+00:00,M362,0.0,-0.013916233432797576
2026-06-09 09:45:00+00:00,M378,62.0,-0.013916233432797576
2026-06-09 09:45:00+00:00,M392,0.0,-0.013916233432797576
2026-06-09 09:45:00+00:00,M419,0.0,-0.013916233432797576
2026-06-09 09:45:00+00:00,M430,0.0,-0.013916233432797576
2026-06-09 09:45:00+00:00,M452,0.0,-0.013916233432797576
2026-06-09 09:45:00+00:00,M474,0.0,-0.013916233432797576
2026-06-09 09:45:00+00:00,M475,1.0,-0.013916233432797576
2026-06-09 09:45:00+00:00,M490,0.0,-0.013916233432797576
2026-06-09 09:45:00+00:00,M494,0.0,-0.013916233432797576
2026-06-09 09:45:00+00:00,M516,0.0,-0.013916233432797576
2026-06-09 09:45:00+00:00,M520,4315.0,-0.013916233432797576
2026-06-09 09:45:00+00:00,M529,1.0,-0.013916233432797576
2026-06-09 09:45:00+00:00,M609,9.0,-0.013916233432797576
2026-06-09 09:45:00+00:00,M610,0.0,-0.013916233432797576
2026-06-09 09:45:00+00:00,M618,0.0,-0.013916233432797576
2026-06-09 09:45:00+00:00,M658,61.0,-0.013916233432797576
2026-06-09 09:45:00+00:00,M688,0.0,-0.013916233432797576
2026-06-09 09:45:00+00:00,M696,1694.0,-0.013916233432797576
2026-06-09 09:45:00+00:00,M719,0.0,-0.013916233432797576
2026-06-09 09:45:00+00:00,M736,0.0,-0.013916233432797576
2026-06-09 09:45:00+00:00,M767,0.0,-0.013916233432797576
2026-06-09 09:45:00+00:00,M779,3.0,-0.013916233432797576
2026-06-09 09:45:00+00:00,M786,60.0,-0.013916233432797576
2026-06-09 09:45:00+00:00,M841,4.0,-0.013916233432797576
2026-06-09 09:45:00+00:00,M843,0.0,-0.013916233432797576
2026-06-09 09:45:00+00:00,M855,0.0,-0.013916233432797576
2026-06-09 09:45:00+00:00,M874,173.0,-0.013916233432797576
2026-06-09 09:45:00+00:00,M899,1.0,-0.013916233432797576
2026-06-09 09:45:00+00:00,M904,3.0,-0.013916233432797576
2026-06-09 09:45:00+00:00,M965,17.0,-0.013916233432797576
2026-06-09 09:45:00+00:00,M971,6280.0,-0.013916233432797576
2026-06-09 09:45:00+00:00,M972,0.0,-0.013916233432797576
2026-06-09 09:45:00+00:00,M991,0.0,-0.013916233432797576
