time,metric,value,z_score
2026-04-29 15:55:00+00:00,M029,1,5.0761719056800665
2026-04-29 16:00:00+00:00,M419,4,51.96869403708245
2026-04-29 17:25:00+00:00,M843,1,5.807053316353087
2026-04-29 17:45:00+00:00,M490,1,3.6280130488296627
2026-04-29 17:55:00+00:00,M843,1,5.807053316353087
2026-04-29 20:10:00+00:00,M029,1,5.0761719056800665
2026-04-29 20:20:00+00:00,M516,6,3.1541831310751034
2026-04-29 20:45:00+00:00,M736,2,3.6390656569105078
2026-04-29 21:05:00+00:00,M474,1,11.742331665439213
2026-04-29 21:05:00+00:00,M490,1,3.6280130488296627
2026-04-29 21:10:00+00:00,M490,1,3.6280130488296627
2026-04-29 21:30:00+00:00,M490,1,3.6280130488296627
2026-04-29 21:35:00+00:00,M490,1,3.6280130488296627
2026-04-29 21:55:00+00:00,M843,1,5.807053316353087
2026-04-29 22:00:00+00:00,M841,4,3.3463180561446433
2026-04-29 23:00:00+00:00,M490,1,3.6280130488296627
2026-04-29 23:20:00+00:00,M490,1,3.6280130488296627
2026-04-29 23:30:00+00:00,M336,1,9.86959171074772
2026-04-29 23:35:00+00:00,M419,1,12.950858562770918
2026-04-29 23:50:00+00:00,M736,3,5.674080819384621
2026-04-30 00:40:00+00:00,M475,5,20.616898124099347
2026-04-30 00:40:00+00:00,M490,1,3.6280130488296627
2026-04-30 00:45:00+00:00,M475,5,20.616898124099347
2026-04-30 02:10:00+00:00,M378,77,3.1293358418932304
2026-04-30 02:10:00+00:00,M658,75,3.1471895499675737
2026-04-30 02:10:00+00:00,M786,83,3.2985975719203395
2026-04-30 02:10:00+00:00,M843,1,5.807053316353087
2026-04-30 02:20:00+00:00,M104,4,3.5266457494405126
2026-04-30 02:25:00+00:00,M490,1,3.6280130488296627
2026-04-30 02:45:00+00:00,M843,1,5.807053316353087
2026-04-30 02:50:00+00:00,M029,1,5.0761719056800665
2026-04-30 03:20:00+00:00,M843,1,5.807053316353087
2026-04-30 03:35:00+00:00,M972,1,76.82122102648461
2026-04-30 03:40:00+00:00,M164,1,8.28702251171813
2026-04-30 03:50:00+00:00,M736,3,5.674080819384621
2026-04-30 04:00:00+00:00,M843,1,5.807053316353087
2026-04-30 04:05:00+00:00,M378,80,3.3547538859264106
2026-04-30 04:05:00+00:00,M658,80,3.541161430248364
2026-04-30 04:05:00+00:00,M786,85,3.4351037051928617
2026-04-30 04:25:00+00:00,M490,2,7.487149293327246
2026-04-30 04:30:00+00:00,M419,1,12.950858562770918
2026-04-30 04:30:00+00:00,M736,2,3.6390656569105078
2026-04-30 04:35:00+00:00,M490,1,3.6280130488296627
2026-04-30 04:45:00+00:00,M736,2,3.6390656569105078
2026-04-30 04:55:00+00:00,M490,1,3.6280130488296627
2026-04-30 05:00:00+00:00,M490,1,3.6280130488296627
2026-04-30 05:05:00+00:00,M490,1,3.6280130488296627
2026-04-30 05:20:00+00:00,M474,1,11.742331665439213
2026-04-30 05:20:00+00:00,M841,4,3.3463180561446433
2026-04-30 05:25:00+00:00,M336,1,9.86959171074772
2026-04-30 05:25:00+00:00,M736,2,3.6390656569105078
2026-04-30 05:35:00+00:00,M736,2,3.6390656569105078
2026-04-30 06:05:00+00:00,M475,1,3.9861637392558062
2026-04-30 06:20:00+00:00,M490,1,3.6280130488296627
2026-04-30 06:45:00+00:00,M490,1,3.6280130488296627
2026-04-30 09:10:00+00:00,M736,2,3.6390656569105078
2026-04-30 09:30:00+00:00,M490,1,3.6280130488296627
2026-04-30 10:25:00+00:00,M490,1,3.6280130488296627
2026-04-30 10:25:00+00:00,M904,5,3.3151017642218727
2026-04-30 11:05:00+00:00,M843,1,5.807053316353087
2026-04-30 11:10:00+00:00,M490,1,3.6280130488296627
2026-04-30 11:30:00+00:00,M843,1,5.807053316353087
2026-04-30 11:50:00+00:00,M841,4,3.3463180561446433
2026-04-30 11:50:00+00:00,M843,1,5.807053316353087
2026-04-30 12:00:00+00:00,M843,1,5.807053316353087
2026-04-30 12:10:00+00:00,M490,1,3.6280130488296627
2026-04-30 12:40:00+00:00,M336,1,9.86959171074772
2026-04-30 12:55:00+00:00,M843,1,5.807053316353087
2026-04-30 13:05:00+00:00,M029,1,5.0761719056800665
2026-04-30 13:25:00+00:00,M736,2,3.6390656569105078
2026-04-30 13:35:00+00:00,M736,6,11.779126306806962
2026-04-30 13:40:00+00:00,M736,4,7.709095981858734
2026-04-30 13:45:00+00:00,M490,1,3.6280130488296627
2026-04-30 13:45:00+00:00,M736,2,3.6390656569105078
2026-04-30 14:50:00+00:00,M474,1,11.742331665439213
2026-04-30 16:00:00+00:00,M490,1,3.6280130488296627
2026-04-30 16:00:00+00:00,M843,1,5.807053316353087
2026-04-30 16:20:00+00:00,M336,1,9.86959171074772
2026-04-30 16:40:00+00:00,M843,1,5.807053316353087
2026-04-30 17:35:00+00:00,M843,1,5.807053316353087
2026-04-30 17:50:00+00:00,M736,2,3.6390656569105078
2026-04-30 18:15:00+00:00,M029,1,5.0761719056800665
2026-04-30 18:15:00+00:00,M843,2,11.780065810868045
2026-04-30 18:30:00+00:00,M164,1,8.28702251171813
2026-04-30 19:05:00+00:00,M843,1,5.807053316353087
2026-04-30 19:10:00+00:00,M843,1,5.807053316353087
2026-04-30 19:45:00+00:00,M516,7,3.7668751466468473
2026-04-30 19:50:00+00:00,M843,1,5.807053316353087
2026-04-30 20:00:00+00:00,M843,1,5.807053316353087
2026-04-30 20:05:00+00:00,M029,1,5.0761719056800665
2026-04-30 20:45:00+00:00,M736,2,3.6390656569105078
2026-04-30 21:00:00+00:00,M490,1,3.6280130488296627
2026-04-30 21:30:00+00:00,M490,2,7.487149293327246
2026-04-30 22:05:00+00:00,M490,1,3.6280130488296627
2026-04-30 23:05:00+00:00,M843,1,5.807053316353087
2026-04-30 23:40:00+00:00,M843,1,5.807053316353087
2026-05-01 00:10:00+00:00,M843,1,5.807053316353087
2026-05-01 00:30:00+00:00,M843,1,5.807053316353087
2026-05-01 01:00:00+00:00,M736,3,5.674080819384621
2026-05-01 01:10:00+00:00,M843,1,5.807053316353087
2026-05-01 01:15:00+00:00,M736,2,3.6390656569105078
2026-05-01 01:30:00+00:00,M736,2,3.6390656569105078
2026-05-01 01:45:00+00:00,M475,2,8.14384733546669
2026-05-01 01:50:00+00:00,M779,9,3.996262208224016
2026-05-01 01:55:00+00:00,M736,2,3.6390656569105078
2026-05-01 01:55:00+00:00,M841,5,4.357175157216511
2026-05-01 02:00:00+00:00,M516,11,6.217643208933824
2026-05-01 02:00:00+00:00,M779,25,12.263666434832473
2026-05-01 02:00:00+00:00,M786,98,4.322393571464256
2026-05-01 02:00:00+00:00,M843,1,5.807053316353087
2026-05-01 02:00:00+00:00,M904,5,3.3151017642218727
2026-05-01 02:05:00+00:00,M104,4,3.5266457494405126
2026-05-01 02:05:00+00:00,M490,1,3.6280130488296627
2026-05-01 02:05:00+00:00,M516,9,4.992259177790335
2026-05-01 02:05:00+00:00,M609,17,3.2811646980712545
2026-05-01 02:05:00+00:00,M779,24,11.746953670669445
2026-05-01 02:05:00+00:00,M786,96,4.185887438191734
2026-05-01 02:05:00+00:00,M841,4,3.3463180561446433
2026-05-01 02:10:00+00:00,M516,17,9.893795302364287
2026-05-01 02:10:00+00:00,M779,31,15.363943019810645
2026-05-01 02:10:00+00:00,M786,112,5.277936504371912
2026-05-01 02:15:00+00:00,M104,6,5.679452485854673
2026-05-01 02:15:00+00:00,M516,18,10.506487317936031
2026-05-01 02:15:00+00:00,M779,20,9.680102614017331
2026-05-01 02:15:00+00:00,M786,95,4.117634371555473
2026-05-01 02:15:00+00:00,M843,1,5.807053316353087
2026-05-01 02:20:00+00:00,M029,1,5.0761719056800665
2026-05-01 02:20:00+00:00,M104,6,5.679452485854673
2026-05-01 02:20:00+00:00,M516,8,4.379567162218591
2026-05-01 02:20:00+00:00,M658,74,3.0683951739114157
2026-05-01 02:20:00+00:00,M779,15,7.096538793202188
2026-05-01 02:20:00+00:00,M786,98,4.322393571464256
2026-05-01 02:25:00+00:00,M104,6,5.679452485854673
2026-05-01 02:25:00+00:00,M779,8,3.4795494440609875
2026-05-01 02:30:00+00:00,M516,9,4.992259177790335
2026-05-01 02:30:00+00:00,M779,11,5.029687736550073
2026-05-01 02:35:00+00:00,M104,4,3.5266457494405126
2026-05-01 02:35:00+00:00,M490,1,3.6280130488296627
2026-05-01 02:35:00+00:00,M516,10,5.60495119336208
2026-05-01 02:35:00+00:00,M779,10,4.5129749723870445
2026-05-01 02:35:00+00:00,M786,87,3.571609838465384
2026-05-01 02:35:00+00:00,M841,5,4.357175157216511
2026-05-01 02:40:00+00:00,M336,1,9.86959171074772
2026-05-01 02:40:00+00:00,M475,1,3.9861637392558062
2026-05-01 02:40:00+00:00,M609,17,3.2811646980712545
2026-05-01 02:45:00+00:00,M516,12,6.830335224505568
2026-05-01 02:50:00+00:00,M104,4,3.5266457494405126
2026-05-01 03:00:00+00:00,M843,1,5.807053316353087
2026-05-01 03:05:00+00:00,M029,1,5.0761719056800665
2026-05-01 03:05:00+00:00,M475,1,3.9861637392558062
2026-05-01 03:05:00+00:00,M490,1,3.6280130488296627
2026-05-01 03:05:00+00:00,M841,5,4.357175157216511
2026-05-01 03:05:00+00:00,M843,1,5.807053316353087
2026-05-01 03:10:00+00:00,M475,1,3.9861637392558062
2026-05-01 03:15:00+00:00,M475,1,3.9861637392558062
2026-05-01 03:15:00+00:00,M609,17,3.2811646980712545
2026-05-01 03:15:00+00:00,M841,5,4.357175157216511
2026-05-01 03:15:00+00:00,M843,1,5.807053316353087
2026-05-01 03:20:00+00:00,M164,1,8.28702251171813
2026-05-01 03:20:00+00:00,M779,10,4.5129749723870445
2026-05-01 03:20:00+00:00,M841,5,4.357175157216511
2026-05-01 03:25:00+00:00,M029,2,10.280636848059187
2026-05-01 03:25:00+00:00,M336,1,9.86959171074772
2026-05-01 03:25:00+00:00,M516,8,4.379567162218591
2026-05-01 03:25:00+00:00,M736,3,5.674080819384621
2026-05-01 03:25:00+00:00,M786,86,3.5033567718291225
2026-05-01 03:25:00+00:00,M841,4,3.3463180561446433
2026-05-01 03:30:00+00:00,M475,1,3.9861637392558062
2026-05-01 03:30:00+00:00,M490,2,7.487149293327246
2026-05-01 03:30:00+00:00,M736,3,5.674080819384621
2026-05-01 03:30:00+00:00,M779,14,6.579826029039159
2026-05-01 03:30:00+00:00,M786,87,3.571609838465384
2026-05-01 03:35:00+00:00,M378,80,3.3547538859264106
2026-05-01 03:35:00+00:00,M658,78,3.383572678136048
2026-05-01 03:35:00+00:00,M736,3,5.674080819384621
2026-05-01 03:35:00+00:00,M786,86,3.5033567718291225
2026-05-01 03:40:00+00:00,M516,8,4.379567162218591
2026-05-01 03:40:00+00:00,M736,3,5.674080819384621
2026-05-01 03:40:00+00:00,M779,10,4.5129749723870445
2026-05-01 03:40:00+00:00,M786,81,3.162091438647817
2026-05-01 03:45:00+00:00,M336,1,9.86959171074772
2026-05-01 03:45:00+00:00,M609,21,4.4304095728852575
2026-05-01 03:45:00+00:00,M779,11,5.029687736550073
2026-05-01 03:45:00+00:00,M841,8,7.389746460432114
2026-05-01 03:50:00+00:00,M378,79,3.2796145379153505
2026-05-01 03:50:00+00:00,M609,17,3.2811646980712545
2026-05-01 03:50:00+00:00,M658,78,3.383572678136048
2026-05-01 03:50:00+00:00,M736,4,7.709095981858734
2026-05-01 03:50:00+00:00,M786,84,3.3668506385566004
2026-05-01 03:50:00+00:00,M841,4,3.3463180561446433
2026-05-01 03:55:00+00:00,M419,1,12.950858562770918
2026-05-01 03:55:00+00:00,M841,4,3.3463180561446433
2026-05-01 04:05:00+00:00,M378,85,3.7304506259817107
2026-05-01 04:05:00+00:00,M658,85,3.9351333105291535
2026-05-01 04:05:00+00:00,M736,3,5.674080819384621
2026-05-01 04:05:00+00:00,M786,90,3.7763690383741673
2026-05-01 04:10:00+00:00,M378,81,3.4298932339374706
2026-05-01 04:10:00+00:00,M475,2,8.14384733546669
2026-05-01 04:10:00+00:00,M658,80,3.541161430248364
2026-05-01 04:10:00+00:00,M736,3,5.674080819384621
2026-05-01 04:10:00+00:00,M786,90,3.7763690383741673
2026-05-01 04:15:00+00:00,M841,6,5.368032258288379
2026-05-01 04:20:00+00:00,M609,17,3.2811646980712545
2026-05-01 04:20:00+00:00,M736,2,3.6390656569105078
2026-05-01 04:20:00+00:00,M841,5,4.357175157216511
2026-05-01 04:25:00+00:00,M475,2,8.14384733546669
2026-05-01 04:30:00+00:00,M029,2,10.280636848059187
2026-05-01 04:30:00+00:00,M490,1,3.6280130488296627
2026-05-01 04:30:00+00:00,M516,8,4.379567162218591
2026-05-01 04:35:00+00:00,M516,6,3.1541831310751034
2026-05-01 04:35:00+00:00,M841,5,4.357175157216511
2026-05-01 04:40:00+00:00,M029,2,10.280636848059187
2026-05-01 04:40:00+00:00,M104,6,5.679452485854673
2026-05-01 04:40:00+00:00,M516,6,3.1541831310751034
2026-05-01 04:40:00+00:00,M841,7,6.3788893593602465
2026-05-01 04:45:00+00:00,M516,8,4.379567162218591
2026-05-01 04:50:00+00:00,M029,1,5.0761719056800665
2026-05-01 04:50:00+00:00,M609,17,3.2811646980712545
2026-05-01 04:50:00+00:00,M841,4,3.3463180561446433
2026-05-01 04:55:00+00:00,M516,7,3.7668751466468473
2026-05-01 04:55:00+00:00,M779,10,4.5129749723870445
2026-05-01 04:55:00+00:00,M786,83,3.2985975719203395
2026-05-01 05:00:00+00:00,M841,5,4.357175157216511
2026-05-01 05:05:00+00:00,M029,3,15.485101790438305
2026-05-01 05:05:00+00:00,M516,8,4.379567162218591
2026-05-01 05:05:00+00:00,M609,25,5.5796544476992604
2026-05-01 05:05:00+00:00,M786,85,3.4351037051928617
2026-05-01 05:10:00+00:00,M029,1,5.0761719056800665
2026-05-01 05:15:00+00:00,M164,1,8.28702251171813
2026-05-01 05:15:00+00:00,M841,5,4.357175157216511
2026-05-01 05:20:00+00:00,M609,20,4.143098354181757
2026-05-01 05:20:00+00:00,M779,11,5.029687736550073
2026-05-01 05:20:00+00:00,M786,81,3.162091438647817
2026-05-01 05:20:00+00:00,M841,8,7.389746460432114
2026-05-01 05:25:00+00:00,M736,3,5.674080819384621
2026-05-01 05:35:00+00:00,M104,4,3.5266457494405126
2026-05-01 05:40:00+00:00,M490,1,3.6280130488296627
2026-05-01 05:40:00+00:00,M736,3,5.674080819384621
2026-05-01 05:45:00+00:00,M736,4,7.709095981858734
2026-05-01 05:55:00+00:00,M736,3,5.674080819384621
2026-05-01 06:00:00+00:00,M474,1,11.742331665439213
2026-05-01 06:00:00+00:00,M609,17,3.2811646980712545
2026-05-01 06:00:00+00:00,M736,2,3.6390656569105078
2026-05-01 06:00:00+00:00,M874,351,3.233357261540856
2026-05-01 06:45:00+00:00,M609,17,3.2811646980712545
2026-05-01 06:45:00+00:00,M736,2,3.6390656569105078
2026-05-01 06:50:00+00:00,M843,1,5.807053316353087
2026-05-01 07:10:00+00:00,M843,1,5.807053316353087
2026-05-01 07:30:00+00:00,M490,1,3.6280130488296627
2026-05-01 07:30:00+00:00,M609,18,3.5684759167747555
2026-05-01 07:55:00+00:00,M904,5,3.3151017642218727
2026-05-01 08:00:00+00:00,M475,1,3.9861637392558062
2026-05-01 08:00:00+00:00,M609,17,3.2811646980712545
2026-05-01 08:05:00+00:00,M874,352,3.2521571002230814
2026-05-01 08:10:00+00:00,M104,4,3.5266457494405126
2026-05-01 08:10:00+00:00,M185,82,3.1312602524426927
2026-05-01 08:10:00+00:00,M843,1,5.807053316353087
2026-05-01 08:15:00+00:00,M378,77,3.1293358418932304
2026-05-01 08:15:00+00:00,M658,76,3.2259839260237317
2026-05-01 08:15:00+00:00,M843,1,5.807053316353087
2026-05-01 08:20:00+00:00,M104,4,3.5266457494405126
2026-05-01 08:20:00+00:00,M490,1,3.6280130488296627
2026-05-01 08:45:00+00:00,M490,1,3.6280130488296627
2026-05-01 08:50:00+00:00,M104,5,4.6030491176475925
2026-05-01 08:50:00+00:00,M490,1,3.6280130488296627
2026-05-01 08:55:00+00:00,M843,1,5.807053316353087
2026-05-01 09:00:00+00:00,M378,79,3.2796145379153505
2026-05-01 09:00:00+00:00,M658,79,3.462367054192206
2026-05-01 09:00:00+00:00,M786,83,3.2985975719203395
2026-05-01 09:05:00+00:00,M336,1,9.86959171074772
2026-05-01 09:05:00+00:00,M378,78,3.2044751899042905
2026-05-01 09:05:00+00:00,M658,75,3.1471895499675737
2026-05-01 09:20:00+00:00,M736,2,3.6390656569105078
2026-05-01 09:25:00+00:00,M736,3,5.674080819384621
2026-05-01 09:30:00+00:00,M029,1,5.0761719056800665
2026-05-01 09:35:00+00:00,M609,19,3.8557871354782565
2026-05-01 09:40:00+00:00,M843,1,5.807053316353087
2026-05-01 09:45:00+00:00,M378,89,4.03100801802595
2026-05-01 09:45:00+00:00,M658,87,4.092722062641469
2026-05-01 09:45:00+00:00,M786,90,3.7763690383741673
2026-05-01 10:25:00+00:00,M104,4,3.5266457494405126
2026-05-01 10:30:00+00:00,M029,1,5.0761719056800665
2026-05-01 10:45:00+00:00,M104,5,4.6030491176475925
2026-05-01 11:00:00+00:00,M904,6,4.185324270428966
2026-05-01 11:05:00+00:00,M843,1,5.807053316353087
2026-05-01 11:50:00+00:00,M475,3,12.301530931677576
2026-05-01 11:55:00+00:00,M490,1,3.6280130488296627
2026-05-01 12:10:00+00:00,M378,85,3.7304506259817107
2026-05-01 12:10:00+00:00,M658,85,3.9351333105291535
2026-05-01 12:10:00+00:00,M786,81,3.162091438647817
2026-05-01 12:10:00+00:00,M904,5,3.3151017642218727
2026-05-01 12:15:00+00:00,M843,1,5.807053316353087
2026-05-01 12:25:00+00:00,M841,4,3.3463180561446433
2026-05-01 12:30:00+00:00,M490,1,3.6280130488296627
2026-05-01 12:35:00+00:00,M104,4,3.5266457494405126
2026-05-01 12:40:00+00:00,M474,1,11.742331665439213
2026-05-01 13:00:00+00:00,M516,7,3.7668751466468473
2026-05-01 13:00:00+00:00,M658,74,3.0683951739114157
2026-05-01 13:00:00+00:00,M786,80,3.093838372011556
2026-05-01 13:00:00+00:00,M841,6,5.368032258288379
2026-05-01 13:10:00+00:00,M185,7,-3.411288352849347
2026-05-01 13:10:00+00:00,M696,408,-3.9796901435191545
2026-05-01 13:10:00+00:00,M874,11,-3.1585878904158666
2026-05-01 13:15:00+00:00,M185,5,-3.585756315657135
2026-05-01 13:15:00+00:00,M696,381,-4.101750963444488
2026-05-01 13:15:00+00:00,M874,7,-3.2337872451447693
2026-05-01 13:20:00+00:00,M185,11,-3.0623524272337717
2026-05-01 13:20:00+00:00,M696,479,-3.6587153948266113
2026-05-01 13:20:00+00:00,M874,12,-3.139788051733641
2026-05-01 13:25:00+00:00,M185,5,-3.585756315657135
2026-05-01 13:25:00+00:00,M696,508,-3.5276130326845867
2026-05-01 13:25:00+00:00,M843,1,5.807053316353087
2026-05-01 13:25:00+00:00,M874,5,-3.2713869225092207
2026-05-01 13:30:00+00:00,M185,7,-3.411288352849347
2026-05-01 13:30:00+00:00,M696,504,-3.545696117117969
2026-05-01 13:30:00+00:00,M874,17,-3.045788858322513
2026-05-01 13:35:00+00:00,M185,8,-3.3240543714454533
2026-05-01 13:35:00+00:00,M696,503,-3.550216888226315
2026-05-01 13:35:00+00:00,M874,13,-3.1209882130514153
2026-05-01 13:40:00+00:00,M185,8,-3.3240543714454533
2026-05-01 13:40:00+00:00,M696,495,-3.5863830570930806
2026-05-01 13:40:00+00:00,M779,9,3.996262208224016
2026-05-01 13:40:00+00:00,M874,13,-3.1209882130514153
2026-05-01 14:50:00+00:00,M516,7,3.7668751466468473
2026-05-01 15:40:00+00:00,M104,5,4.6030491176475925
2026-05-01 15:40:00+00:00,M475,1,3.9861637392558062
2026-05-01 16:10:00+00:00,M474,1,11.742331665439213
2026-05-01 16:50:00+00:00,M516,6,3.1541831310751034
2026-05-01 16:55:00+00:00,M029,1,5.0761719056800665
2026-05-01 16:55:00+00:00,M490,2,7.487149293327246
2026-05-01 17:10:00+00:00,M516,9,4.992259177790335
2026-05-01 17:40:00+00:00,M843,1,5.807053316353087
2026-05-01 18:35:00+00:00,M490,1,3.6280130488296627
2026-05-01 19:10:00+00:00,M490,1,3.6280130488296627
2026-05-01 19:50:00+00:00,M490,1,3.6280130488296627
2026-05-01 19:50:00+00:00,M843,2,11.780065810868045
2026-05-01 19:55:00+00:00,M516,7,3.7668751466468473
2026-05-01 20:50:00+00:00,M843,1,5.807053316353087
2026-05-01 21:25:00+00:00,M490,1,3.6280130488296627
2026-05-01 21:40:00+00:00,M841,4,3.3463180561446433
2026-05-01 21:45:00+00:00,M843,1,5.807053316353087
2026-05-01 21:50:00+00:00,M490,1,3.6280130488296627
2026-05-01 21:55:00+00:00,M736,2,3.6390656569105078
2026-05-01 22:35:00+00:00,M336,1,9.86959171074772
2026-05-01 22:35:00+00:00,M779,8,3.4795494440609875
2026-05-01 22:45:00+00:00,M474,1,11.742331665439213
2026-05-01 22:50:00+00:00,M474,1,11.742331665439213
2026-05-01 23:15:00+00:00,M904,5,3.3151017642218727
2026-05-01 23:30:00+00:00,M164,2,16.636284332221035
2026-05-01 23:30:00+00:00,M841,5,4.357175157216511
2026-05-01 23:50:00+00:00,M843,1,5.807053316353087
2026-05-02 00:05:00+00:00,M490,1,3.6280130488296627
2026-05-02 00:20:00+00:00,M490,1,3.6280130488296627
2026-05-02 01:00:00+00:00,M843,1,5.807053316353087
2026-05-02 01:15:00+00:00,M104,6,5.679452485854673
2026-05-02 01:20:00+00:00,M336,1,9.86959171074772
2026-05-02 01:20:00+00:00,M609,18,3.5684759167747555
2026-05-02 01:20:00+00:00,M904,6,4.185324270428966
2026-05-02 01:25:00+00:00,M874,355,3.308556616269758
2026-05-02 01:30:00+00:00,M736,2,3.6390656569105078
2026-05-02 01:40:00+00:00,M843,1,5.807053316353087
2026-05-02 01:50:00+00:00,M490,1,3.6280130488296627
2026-05-02 01:50:00+00:00,M874,347,3.158157906811953
2026-05-02 02:00:00+00:00,M490,2,7.487149293327246
2026-05-02 02:00:00+00:00,M736,2,3.6390656569105078
2026-05-02 02:00:00+00:00,M874,368,3.5529545191386918
2026-05-02 02:10:00+00:00,M336,2,19.82180236637058
2026-05-02 02:10:00+00:00,M843,1,5.807053316353087
2026-05-02 02:15:00+00:00,M609,19,3.8557871354782565
2026-05-02 02:25:00+00:00,M843,1,5.807053316353087
2026-05-02 02:55:00+00:00,M029,1,5.0761719056800665
2026-05-02 03:00:00+00:00,M490,1,3.6280130488296627
2026-05-02 03:05:00+00:00,M841,4,3.3463180561446433
2026-05-02 03:05:00+00:00,M874,357,3.3461562936342095
2026-05-02 03:10:00+00:00,M475,1,3.9861637392558062
2026-05-02 03:10:00+00:00,M874,356,3.327356454951984
2026-05-02 03:20:00+00:00,M874,352,3.2521571002230814
2026-05-02 03:25:00+00:00,M490,1,3.6280130488296627
2026-05-02 03:30:00+00:00,M874,345,3.120558229447502
2026-05-02 03:40:00+00:00,M104,5,4.6030491176475925
2026-05-02 03:40:00+00:00,M490,1,3.6280130488296627
2026-05-02 03:40:00+00:00,M874,372,3.6281538738675945
2026-05-02 03:45:00+00:00,M874,372,3.6281538738675945
2026-05-02 03:50:00+00:00,M474,1,11.742331665439213
2026-05-02 03:50:00+00:00,M874,343,3.0829585520830505
2026-05-02 03:55:00+00:00,M874,379,3.759752744643174
2026-05-02 04:00:00+00:00,M490,1,3.6280130488296627
2026-05-02 04:05:00+00:00,M378,79,3.2796145379153505
2026-05-02 04:05:00+00:00,M516,6,3.1541831310751034
2026-05-02 04:05:00+00:00,M658,79,3.462367054192206
2026-05-02 04:05:00+00:00,M786,88,3.639862905101645
2026-05-02 04:05:00+00:00,M841,5,4.357175157216511
2026-05-02 04:05:00+00:00,M874,357,3.3461562936342095
2026-05-02 04:10:00+00:00,M736,2,3.6390656569105078
2026-05-02 04:10:00+00:00,M843,1,5.807053316353087
2026-05-02 04:10:00+00:00,M874,348,3.1769577454941786
2026-05-02 04:15:00+00:00,M490,1,3.6280130488296627
2026-05-02 04:15:00+00:00,M874,342,3.064158713400825
2026-05-02 04:20:00+00:00,M490,3,11.346285537824828
2026-05-02 04:35:00+00:00,M490,1,3.6280130488296627
2026-05-02 05:00:00+00:00,M874,371,3.609354035185369
2026-05-02 05:10:00+00:00,M490,1,3.6280130488296627
2026-05-02 05:10:00+00:00,M874,350,3.21455742285863
2026-05-02 05:20:00+00:00,M529,13,4.109362633742633
2026-05-02 05:20:00+00:00,M874,354,3.2897567775875327
2026-05-02 05:25:00+00:00,M874,345,3.120558229447502
2026-05-02 05:30:00+00:00,M874,342,3.064158713400825
2026-05-02 05:50:00+00:00,M490,2,7.487149293327246
2026-05-02 05:50:00+00:00,M736,2,3.6390656569105078
2026-05-02 05:50:00+00:00,M874,379,3.759752744643174
2026-05-02 06:00:00+00:00,M378,81,3.4298932339374706
2026-05-02 06:00:00+00:00,M658,81,3.6199558063045214
2026-05-02 06:00:00+00:00,M786,81,3.162091438647817
2026-05-02 06:25:00+00:00,M490,1,3.6280130488296627
2026-05-02 06:25:00+00:00,M516,6,3.1541831310751034
2026-05-02 06:35:00+00:00,M104,4,3.5266457494405126
2026-05-02 06:35:00+00:00,M475,1,3.9861637392558062
2026-05-02 06:40:00+00:00,M874,343,3.0829585520830505
2026-05-02 06:45:00+00:00,M490,1,3.6280130488296627
2026-05-02 06:45:00+00:00,M874,358,3.3649561323164354
2026-05-02 06:50:00+00:00,M490,1,3.6280130488296627
2026-05-02 06:50:00+00:00,M874,356,3.327356454951984
2026-05-02 06:55:00+00:00,M874,344,3.1017583907652764
2026-05-02 07:00:00+00:00,M490,1,3.6280130488296627
2026-05-02 07:10:00+00:00,M874,356,3.327356454951984
2026-05-02 07:15:00+00:00,M874,363,3.4589553257275636
2026-05-02 07:20:00+00:00,M658,75,3.1471895499675737
2026-05-02 07:20:00+00:00,M736,2,3.6390656569105078
2026-05-02 07:25:00+00:00,M104,5,4.6030491176475925
2026-05-02 07:25:00+00:00,M336,1,9.86959171074772
2026-05-02 07:25:00+00:00,M874,354,3.2897567775875327
2026-05-02 07:40:00+00:00,M874,346,3.1393580681297273
2026-05-02 07:50:00+00:00,M874,343,3.0829585520830505
2026-05-02 08:00:00+00:00,M874,340,3.0265590360363737
2026-05-02 08:05:00+00:00,M874,340,3.0265590360363737
2026-05-02 08:15:00+00:00,M874,342,3.064158713400825
2026-05-02 08:20:00+00:00,M874,350,3.21455742285863
2026-05-02 08:25:00+00:00,M874,339,3.0077591973541478
2026-05-02 08:40:00+00:00,M874,348,3.1769577454941786
2026-05-02 08:45:00+00:00,M490,1,3.6280130488296627
2026-05-02 09:05:00+00:00,M475,1,3.9861637392558062
2026-05-02 09:05:00+00:00,M490,1,3.6280130488296627
2026-05-02 09:10:00+00:00,M029,1,5.0761719056800665
2026-05-02 09:15:00+00:00,M475,1,3.9861637392558062
2026-05-02 09:15:00+00:00,M609,17,3.2811646980712545
2026-05-02 09:15:00+00:00,M736,2,3.6390656569105078
2026-05-02 09:15:00+00:00,M843,1,5.807053316353087
2026-05-02 09:20:00+00:00,M104,4,3.5266457494405126
2026-05-02 09:25:00+00:00,M843,1,5.807053316353087
2026-05-02 09:35:00+00:00,M841,4,3.3463180561446433
2026-05-02 09:40:00+00:00,M904,5,3.3151017642218727
2026-05-02 10:10:00+00:00,M029,1,5.0761719056800665
2026-05-02 10:25:00+00:00,M516,7,3.7668751466468473
2026-05-02 10:30:00+00:00,M029,1,5.0761719056800665
2026-05-02 10:30:00+00:00,M378,76,3.054196493882171
2026-05-02 10:30:00+00:00,M658,74,3.0683951739114157
2026-05-02 10:30:00+00:00,M874,344,3.1017583907652764
2026-05-02 10:35:00+00:00,M104,5,4.6030491176475925
2026-05-02 10:35:00+00:00,M516,7,3.7668751466468473
2026-05-02 10:35:00+00:00,M874,345,3.120558229447502
2026-05-02 10:40:00+00:00,M516,9,4.992259177790335
2026-05-02 10:40:00+00:00,M843,2,11.780065810868045
2026-05-02 10:45:00+00:00,M474,1,11.742331665439213
2026-05-02 10:45:00+00:00,M490,2,7.487149293327246
2026-05-02 10:45:00+00:00,M516,13,7.443027240077312
2026-05-02 10:50:00+00:00,M474,1,11.742331665439213
2026-05-02 10:50:00+00:00,M516,11,6.217643208933824
2026-05-02 10:50:00+00:00,M779,10,4.5129749723870445
2026-05-02 10:55:00+00:00,M516,8,4.379567162218591
2026-05-02 10:55:00+00:00,M609,17,3.2811646980712545
2026-05-02 10:55:00+00:00,M736,2,3.6390656569105078
2026-05-02 10:55:00+00:00,M779,9,3.996262208224016
2026-05-02 11:00:00+00:00,M104,8,7.832259222268834
2026-05-02 11:00:00+00:00,M516,6,3.1541831310751034
2026-05-02 11:00:00+00:00,M841,4,3.3463180561446433
2026-05-02 11:15:00+00:00,M874,362,3.440155487045338
2026-05-02 11:20:00+00:00,M104,4,3.5266457494405126
2026-05-02 11:30:00+00:00,M516,7,3.7668751466468473
2026-05-02 11:30:00+00:00,M874,362,3.440155487045338
2026-05-02 11:35:00+00:00,M874,359,3.383755970998661
2026-05-02 11:40:00+00:00,M029,1,5.0761719056800665
2026-05-02 11:40:00+00:00,M490,1,3.6280130488296627
2026-05-02 11:40:00+00:00,M516,7,3.7668751466468473
2026-05-02 11:40:00+00:00,M609,19,3.8557871354782565
2026-05-02 11:40:00+00:00,M779,9,3.996262208224016
2026-05-02 11:40:00+00:00,M874,377,3.7221530672787226
2026-05-02 11:45:00+00:00,M516,12,6.830335224505568
2026-05-02 11:45:00+00:00,M874,346,3.1393580681297273
2026-05-02 11:50:00+00:00,M029,1,5.0761719056800665
2026-05-02 11:50:00+00:00,M516,8,4.379567162218591
2026-05-02 11:50:00+00:00,M874,366,3.5153548417742404
2026-05-02 11:55:00+00:00,M516,10,5.60495119336208
2026-05-02 11:55:00+00:00,M874,347,3.158157906811953
2026-05-02 12:00:00+00:00,M104,4,3.5266457494405126
2026-05-02 12:00:00+00:00,M336,1,9.86959171074772
2026-05-02 12:00:00+00:00,M516,11,6.217643208933824
2026-05-02 12:00:00+00:00,M841,5,4.357175157216511
2026-05-02 12:00:00+00:00,M874,374,3.665753551232046
2026-05-02 12:05:00+00:00,M378,87,3.880729322003831
2026-05-02 12:05:00+00:00,M658,88,4.171516438697627
2026-05-02 12:05:00+00:00,M786,84,3.3668506385566004
2026-05-02 12:05:00+00:00,M874,388,3.928951292783205
2026-05-02 12:10:00+00:00,M516,8,4.379567162218591
2026-05-02 12:15:00+00:00,M029,1,5.0761719056800665
2026-05-02 12:15:00+00:00,M104,4,3.5266457494405126
2026-05-02 12:15:00+00:00,M841,4,3.3463180561446433
2026-05-02 12:15:00+00:00,M874,385,3.872551776736528
2026-05-02 12:20:00+00:00,M029,1,5.0761719056800665
2026-05-02 12:20:00+00:00,M378,84,3.6553112779706507
2026-05-02 12:20:00+00:00,M490,1,3.6280130488296627
2026-05-02 12:20:00+00:00,M658,83,3.7775445584168375
2026-05-02 12:20:00+00:00,M786,82,3.2303445052840782
2026-05-02 12:30:00+00:00,M516,9,4.992259177790335
2026-05-02 12:30:00+00:00,M874,345,3.120558229447502
2026-05-02 12:35:00+00:00,M874,356,3.327356454951984
2026-05-02 12:55:00+00:00,M490,1,3.6280130488296627
2026-05-02 13:10:00+00:00,M736,3,5.674080819384621
2026-05-02 13:15:00+00:00,M841,5,4.357175157216511
2026-05-02 13:20:00+00:00,M736,2,3.6390656569105078
2026-05-02 13:20:00+00:00,M843,1,5.807053316353087
2026-05-02 13:30:00+00:00,M378,83,3.5801719299595907
2026-05-02 13:30:00+00:00,M490,1,3.6280130488296627
2026-05-02 13:30:00+00:00,M516,14,8.055719255649056
2026-05-02 13:30:00+00:00,M658,78,3.383572678136048
2026-05-02 13:35:00+00:00,M104,4,3.5266457494405126
2026-05-02 13:35:00+00:00,M516,8,4.379567162218591
2026-05-02 13:35:00+00:00,M736,2,3.6390656569105078
2026-05-02 13:35:00+00:00,M874,341,3.045358874718599
2026-05-02 13:35:00+00:00,M904,6,4.185324270428966
2026-05-02 13:45:00+00:00,M841,5,4.357175157216511
2026-05-02 13:55:00+00:00,M029,1,5.0761719056800665
2026-05-02 14:00:00+00:00,M841,4,3.3463180561446433
2026-05-02 14:05:00+00:00,M104,4,3.5266457494405126
2026-05-02 14:35:00+00:00,M475,1,3.9861637392558062
2026-05-02 14:45:00+00:00,M516,6,3.1541831310751034
2026-05-02 14:50:00+00:00,M029,1,5.0761719056800665
2026-05-02 14:55:00+00:00,M516,7,3.7668751466468473
2026-05-02 14:55:00+00:00,M841,7,6.3788893593602465
2026-05-02 15:00:00+00:00,M516,16,9.281103286792543
2026-05-02 15:00:00+00:00,M779,8,3.4795494440609875
2026-05-02 15:00:00+00:00,M841,12,11.433174864719586
2026-05-02 15:05:00+00:00,M029,1,5.0761719056800665
2026-05-02 15:05:00+00:00,M841,11,10.422317763647717
2026-05-02 15:15:00+00:00,M490,2,7.487149293327246
2026-05-02 15:15:00+00:00,M516,6,3.1541831310751034
2026-05-02 15:20:00+00:00,M516,8,4.379567162218591
2026-05-02 15:25:00+00:00,M029,1,5.0761719056800665
2026-05-02 15:30:00+00:00,M516,7,3.7668751466468473
2026-05-02 16:05:00+00:00,M658,75,3.1471895499675737
2026-05-02 17:00:00+00:00,M843,1,5.807053316353087
2026-05-02 17:05:00+00:00,M843,1,5.807053316353087
2026-05-02 17:20:00+00:00,M516,6,3.1541831310751034
2026-05-02 17:25:00+00:00,M841,4,3.3463180561446433
2026-05-02 17:40:00+00:00,M965,53,4.70995291520404
2026-05-02 18:10:00+00:00,M029,1,5.0761719056800665
2026-05-02 19:00:00+00:00,M843,1,5.807053316353087
2026-05-02 20:35:00+00:00,M904,6,4.185324270428966
2026-05-02 20:40:00+00:00,M490,1,3.6280130488296627
2026-05-02 20:45:00+00:00,M516,7,3.7668751466468473
2026-05-02 20:50:00+00:00,M516,6,3.1541831310751034
2026-05-02 20:55:00+00:00,M965,62,5.821009882445439
2026-05-02 21:40:00+00:00,M516,10,5.60495119336208
2026-05-02 21:50:00+00:00,M843,1,5.807053316353087
2026-05-02 22:00:00+00:00,M841,4,3.3463180561446433
2026-05-02 22:05:00+00:00,M841,4,3.3463180561446433
2026-05-02 22:10:00+00:00,M029,1,5.0761719056800665
2026-05-02 23:15:00+00:00,M490,1,3.6280130488296627
2026-05-02 23:55:00+00:00,M490,1,3.6280130488296627
2026-05-03 00:20:00+00:00,M490,1,3.6280130488296627
2026-05-03 00:40:00+00:00,M104,4,3.5266457494405126
2026-05-03 00:55:00+00:00,M490,1,3.6280130488296627
2026-05-03 00:55:00+00:00,M516,6,3.1541831310751034
2026-05-03 01:05:00+00:00,M874,342,3.064158713400825
2026-05-03 01:15:00+00:00,M516,9,4.992259177790335
2026-05-03 01:15:00+00:00,M779,8,3.4795494440609875
2026-05-03 01:25:00+00:00,M104,4,3.5266457494405126
2026-05-03 01:40:00+00:00,M874,339,3.0077591973541478
2026-05-03 01:50:00+00:00,M164,1,8.28702251171813
2026-05-03 01:55:00+00:00,M874,342,3.064158713400825
2026-05-03 02:00:00+00:00,M843,1,5.807053316353087
2026-05-03 02:05:00+00:00,M029,1,5.0761719056800665
2026-05-03 02:10:00+00:00,M490,1,3.6280130488296627
2026-05-03 02:10:00+00:00,M609,17,3.2811646980712545
2026-05-03 02:10:00+00:00,M841,5,4.357175157216511
2026-05-03 02:10:00+00:00,M874,353,3.2709569389053073
2026-05-03 02:20:00+00:00,M490,1,3.6280130488296627
2026-05-03 02:25:00+00:00,M874,361,3.4213556483631122
2026-05-03 02:35:00+00:00,M874,351,3.233357261540856
2026-05-03 02:40:00+00:00,M874,344,3.1017583907652764
2026-05-03 02:55:00+00:00,M490,2,7.487149293327246
2026-05-03 03:05:00+00:00,M874,339,3.0077591973541478
2026-05-03 03:05:00+00:00,M904,5,3.3151017642218727
2026-05-03 03:10:00+00:00,M874,342,3.064158713400825
2026-05-03 03:25:00+00:00,M874,340,3.0265590360363737
2026-05-03 03:55:00+00:00,M843,1,5.807053316353087
2026-05-03 04:00:00+00:00,M029,1,5.0761719056800665
2026-05-03 04:05:00+00:00,M378,88,3.955868670014891
2026-05-03 04:05:00+00:00,M658,88,4.171516438697627
2026-05-03 04:05:00+00:00,M786,83,3.2985975719203395
2026-05-03 04:10:00+00:00,M490,1,3.6280130488296627
2026-05-03 04:10:00+00:00,M841,4,3.3463180561446433
2026-05-03 04:15:00+00:00,M904,5,3.3151017642218727
2026-05-03 04:20:00+00:00,M490,1,3.6280130488296627
2026-05-03 04:30:00+00:00,M475,1,3.9861637392558062
2026-05-03 04:40:00+00:00,M736,3,5.674080819384621
2026-05-03 04:50:00+00:00,M874,358,3.3649561323164354
2026-05-03 05:00:00+00:00,M904,5,3.3151017642218727
2026-05-03 05:15:00+00:00,M843,1,5.807053316353087
2026-05-03 05:25:00+00:00,M736,2,3.6390656569105078
2026-05-03 05:25:00+00:00,M904,5,3.3151017642218727
2026-05-03 05:35:00+00:00,M490,1,3.6280130488296627
2026-05-03 05:35:00+00:00,M843,1,5.807053316353087
2026-05-03 05:45:00+00:00,M736,2,3.6390656569105078
2026-05-03 05:45:00+00:00,M874,340,3.0265590360363737
2026-05-03 05:50:00+00:00,M843,1,5.807053316353087
2026-05-03 06:00:00+00:00,M336,1,9.86959171074772
2026-05-03 06:05:00+00:00,M490,1,3.6280130488296627
2026-05-03 06:10:00+00:00,M874,345,3.120558229447502
2026-05-03 06:25:00+00:00,M490,1,3.6280130488296627
2026-05-03 06:25:00+00:00,M874,346,3.1393580681297273
2026-05-03 06:40:00+00:00,M736,2,3.6390656569105078
2026-05-03 07:05:00+00:00,M490,1,3.6280130488296627
2026-05-03 07:05:00+00:00,M843,1,5.807053316353087
2026-05-03 07:10:00+00:00,M475,1,3.9861637392558062
2026-05-03 07:15:00+00:00,M494,41,104.27163253630364
2026-05-03 07:20:00+00:00,M494,12,30.510449525094117
2026-05-03 07:50:00+00:00,M475,1,3.9861637392558062
2026-05-03 08:05:00+00:00,M490,2,7.487149293327246
2026-05-03 08:20:00+00:00,M475,1,3.9861637392558062
2026-05-03 08:30:00+00:00,M475,1,3.9861637392558062
2026-05-03 08:50:00+00:00,M490,1,3.6280130488296627
2026-05-03 08:50:00+00:00,M843,1,5.807053316353087
2026-05-03 08:55:00+00:00,M029,1,5.0761719056800665
2026-05-03 08:55:00+00:00,M516,8,4.379567162218591
2026-05-03 08:55:00+00:00,M779,9,3.996262208224016
2026-05-03 08:55:00+00:00,M874,346,3.1393580681297273
2026-05-03 09:00:00+00:00,M490,1,3.6280130488296627
2026-05-03 09:10:00+00:00,M474,1,11.742331665439213
2026-05-03 09:20:00+00:00,M474,1,11.742331665439213
2026-05-03 09:20:00+00:00,M841,5,4.357175157216511
2026-05-03 09:30:00+00:00,M104,4,3.5266457494405126
2026-05-03 09:35:00+00:00,M336,1,9.86959171074772
2026-05-03 09:45:00+00:00,M874,368,3.5529545191386918
2026-05-03 09:55:00+00:00,M841,4,3.3463180561446433
2026-05-03 10:00:00+00:00,M029,1,5.0761719056800665
2026-05-03 10:15:00+00:00,M029,1,5.0761719056800665
2026-05-03 10:25:00+00:00,M904,5,3.3151017642218727
2026-05-03 10:30:00+00:00,M474,1,11.742331665439213
2026-05-03 10:40:00+00:00,M490,2,7.487149293327246
2026-05-03 10:40:00+00:00,M516,9,4.992259177790335
2026-05-03 10:45:00+00:00,M516,7,3.7668751466468473
2026-05-03 10:50:00+00:00,M490,1,3.6280130488296627
2026-05-03 11:00:00+00:00,M490,1,3.6280130488296627
2026-05-03 11:05:00+00:00,M490,1,3.6280130488296627
2026-05-03 11:10:00+00:00,M336,1,9.86959171074772
2026-05-03 11:10:00+00:00,M516,9,4.992259177790335
2026-05-03 11:10:00+00:00,M843,1,5.807053316353087
2026-05-03 11:30:00+00:00,M516,6,3.1541831310751034
2026-05-03 11:30:00+00:00,M874,342,3.064158713400825
2026-05-03 11:40:00+00:00,M490,1,3.6280130488296627
2026-05-03 11:45:00+00:00,M516,6,3.1541831310751034
2026-05-03 11:50:00+00:00,M736,3,5.674080819384621
2026-05-03 11:55:00+00:00,M490,1,3.6280130488296627
2026-05-03 11:55:00+00:00,M516,7,3.7668751466468473
2026-05-03 11:55:00+00:00,M874,339,3.0077591973541478
2026-05-03 12:00:00+00:00,M516,7,3.7668751466468473
2026-05-03 12:05:00+00:00,M658,74,3.0683951739114157
2026-05-03 12:20:00+00:00,M516,9,4.992259177790335
2026-05-03 12:20:00+00:00,M841,5,4.357175157216511
2026-05-03 12:25:00+00:00,M104,5,4.6030491176475925
2026-05-03 12:25:00+00:00,M516,8,4.379567162218591
2026-05-03 12:30:00+00:00,M029,2,10.280636848059187
2026-05-03 12:30:00+00:00,M490,1,3.6280130488296627
2026-05-03 12:30:00+00:00,M516,6,3.1541831310751034
2026-05-03 12:35:00+00:00,M029,1,5.0761719056800665
2026-05-03 12:45:00+00:00,M104,5,4.6030491176475925
2026-05-03 12:45:00+00:00,M516,9,4.992259177790335
2026-05-03 12:50:00+00:00,M474,1,11.742331665439213
2026-05-03 12:50:00+00:00,M516,6,3.1541831310751034
2026-05-03 13:05:00+00:00,M490,1,3.6280130488296627
2026-05-03 13:10:00+00:00,M104,4,3.5266457494405126
2026-05-03 13:10:00+00:00,M516,8,4.379567162218591
2026-05-03 13:15:00+00:00,M874,342,3.064158713400825
2026-05-03 13:20:00+00:00,M475,1,3.9861637392558062
2026-05-03 13:20:00+00:00,M874,344,3.1017583907652764
2026-05-03 13:35:00+00:00,M490,1,3.6280130488296627
2026-05-03 13:35:00+00:00,M516,9,4.992259177790335
2026-05-03 13:40:00+00:00,M843,1,5.807053316353087
2026-05-03 13:55:00+00:00,M843,1,5.807053316353087
2026-05-03 14:00:00+00:00,M904,6,4.185324270428966
2026-05-03 14:15:00+00:00,M516,9,4.992259177790335
2026-05-03 14:20:00+00:00,M474,1,11.742331665439213
2026-05-03 14:30:00+00:00,M475,1,3.9861637392558062
2026-05-03 14:35:00+00:00,M843,1,5.807053316353087
2026-05-03 14:45:00+00:00,M843,1,5.807053316353087
2026-05-03 14:55:00+00:00,M843,1,5.807053316353087
2026-05-03 15:20:00+00:00,M904,5,3.3151017642218727
2026-05-03 15:40:00+00:00,M490,1,3.6280130488296627
2026-05-03 16:05:00+00:00,M419,1,12.950858562770918
2026-05-03 16:20:00+00:00,M843,1,5.807053316353087
2026-05-03 16:50:00+00:00,M516,6,3.1541831310751034
2026-05-03 17:10:00+00:00,M490,1,3.6280130488296627
2026-05-03 18:25:00+00:00,M490,1,3.6280130488296627
2026-05-03 18:30:00+00:00,M841,5,4.357175157216511
2026-05-03 18:35:00+00:00,M843,1,5.807053316353087
2026-05-03 19:45:00+00:00,M490,1,3.6280130488296627
2026-05-03 19:45:00+00:00,M843,1,5.807053316353087
2026-05-03 19:50:00+00:00,M516,6,3.1541831310751034
2026-05-03 19:55:00+00:00,M516,8,4.379567162218591
2026-05-03 20:00:00+00:00,M516,7,3.7668751466468473
2026-05-03 20:10:00+00:00,M474,1,11.742331665439213
2026-05-03 20:15:00+00:00,M516,7,3.7668751466468473
2026-05-03 20:35:00+00:00,M029,1,5.0761719056800665
2026-05-03 20:40:00+00:00,M841,5,4.357175157216511
2026-05-03 20:45:00+00:00,M490,1,3.6280130488296627
2026-05-03 20:45:00+00:00,M841,5,4.357175157216511
2026-05-03 20:55:00+00:00,M516,10,5.60495119336208
2026-05-03 20:55:00+00:00,M841,4,3.3463180561446433
2026-05-03 21:05:00+00:00,M490,1,3.6280130488296627
2026-05-03 21:35:00+00:00,M609,17,3.2811646980712545
2026-05-03 22:00:00+00:00,M029,1,5.0761719056800665
2026-05-03 22:20:00+00:00,M843,1,5.807053316353087
2026-05-03 22:25:00+00:00,M474,1,11.742331665439213
2026-05-03 22:25:00+00:00,M736,2,3.6390656569105078
2026-05-03 22:30:00+00:00,M029,1,5.0761719056800665
2026-05-03 22:50:00+00:00,M029,1,5.0761719056800665
2026-05-03 22:55:00+00:00,M490,1,3.6280130488296627
2026-05-03 23:05:00+00:00,M474,1,11.742331665439213
2026-05-03 23:05:00+00:00,M516,10,5.60495119336208
2026-05-03 23:15:00+00:00,M516,9,4.992259177790335
2026-05-03 23:15:00+00:00,M609,17,3.2811646980712545
2026-05-03 23:15:00+00:00,M841,5,4.357175157216511
2026-05-03 23:20:00+00:00,M104,5,4.6030491176475925
2026-05-03 23:20:00+00:00,M516,8,4.379567162218591
2026-05-03 23:25:00+00:00,M104,4,3.5266457494405126
2026-05-03 23:25:00+00:00,M516,6,3.1541831310751034
2026-05-03 23:30:00+00:00,M104,5,4.6030491176475925
2026-05-03 23:30:00+00:00,M516,14,8.055719255649056
2026-05-03 23:35:00+00:00,M516,14,8.055719255649056
2026-05-03 23:40:00+00:00,M104,6,5.679452485854673
2026-05-03 23:40:00+00:00,M516,6,3.1541831310751034
2026-05-03 23:45:00+00:00,M104,9,8.908662590475913
2026-05-03 23:45:00+00:00,M490,1,3.6280130488296627
2026-05-03 23:45:00+00:00,M516,14,8.055719255649056
2026-05-03 23:50:00+00:00,M516,12,6.830335224505568
2026-05-03 23:55:00+00:00,M104,4,3.5266457494405126
2026-05-03 23:55:00+00:00,M516,12,6.830335224505568
2026-05-03 23:55:00+00:00,M609,18,3.5684759167747555
2026-05-04 00:00:00+00:00,M104,6,5.679452485854673
2026-05-04 00:00:00+00:00,M779,12,5.546400500713102
2026-05-04 00:05:00+00:00,M104,5,4.6030491176475925
2026-05-04 00:05:00+00:00,M516,8,4.379567162218591
2026-05-04 00:05:00+00:00,M779,14,6.579826029039159
2026-05-04 00:05:00+00:00,M843,1,5.807053316353087
2026-05-04 00:10:00+00:00,M104,7,6.755855854061753
2026-05-04 00:10:00+00:00,M516,18,10.506487317936031
2026-05-04 00:15:00+00:00,M104,7,6.755855854061753
2026-05-04 00:15:00+00:00,M516,15,8.6684112712208
2026-05-04 00:15:00+00:00,M779,16,7.613251557365216
2026-05-04 00:20:00+00:00,M029,1,5.0761719056800665
2026-05-04 00:20:00+00:00,M516,13,7.443027240077312
2026-05-04 00:20:00+00:00,M779,16,7.613251557365216
2026-05-04 00:25:00+00:00,M104,4,3.5266457494405126
2026-05-04 00:30:00+00:00,M029,1,5.0761719056800665
2026-05-04 00:30:00+00:00,M336,1,9.86959171074772
2026-05-04 00:30:00+00:00,M516,13,7.443027240077312
2026-05-04 00:30:00+00:00,M779,12,5.546400500713102
2026-05-04 00:35:00+00:00,M516,6,3.1541831310751034
2026-05-04 00:35:00+00:00,M779,8,3.4795494440609875
2026-05-04 00:50:00+00:00,M843,1,5.807053316353087
2026-05-04 00:55:00+00:00,M490,1,3.6280130488296627
2026-05-04 00:55:00+00:00,M841,4,3.3463180561446433
2026-05-04 01:00:00+00:00,M490,1,3.6280130488296627
2026-05-04 01:10:00+00:00,M841,4,3.3463180561446433
2026-05-04 01:10:00+00:00,M874,352,3.2521571002230814
2026-05-04 01:20:00+00:00,M874,345,3.120558229447502
2026-05-04 01:30:00+00:00,M104,4,3.5266457494405126
2026-05-04 01:30:00+00:00,M874,363,3.4589553257275636
2026-05-04 01:35:00+00:00,M874,365,3.496555003092015
2026-05-04 01:40:00+00:00,M474,1,11.742331665439213
2026-05-04 01:40:00+00:00,M609,18,3.5684759167747555
2026-05-04 01:45:00+00:00,M874,386,3.8913516154187535
2026-05-04 01:50:00+00:00,M490,1,3.6280130488296627
2026-05-04 01:50:00+00:00,M874,381,3.7973524220076253
2026-05-04 01:55:00+00:00,M609,18,3.5684759167747555
2026-05-04 01:55:00+00:00,M843,1,5.807053316353087
2026-05-04 02:00:00+00:00,M490,1,3.6280130488296627
2026-05-04 02:00:00+00:00,M874,380,3.7785525833254
2026-05-04 02:10:00+00:00,M104,4,3.5266457494405126
2026-05-04 02:10:00+00:00,M841,4,3.3463180561446433
2026-05-04 02:10:00+00:00,M874,347,3.158157906811953
2026-05-04 02:15:00+00:00,M490,1,3.6280130488296627
2026-05-04 02:15:00+00:00,M609,17,3.2811646980712545
2026-05-04 02:15:00+00:00,M874,343,3.0829585520830505
2026-05-04 02:20:00+00:00,M841,4,3.3463180561446433
2026-05-04 02:25:00+00:00,M874,339,3.0077591973541478
2026-05-04 02:30:00+00:00,M490,1,3.6280130488296627
2026-05-04 02:30:00+00:00,M874,363,3.4589553257275636
2026-05-04 02:35:00+00:00,M874,349,3.1957575841764045
2026-05-04 02:45:00+00:00,M490,1,3.6280130488296627
2026-05-04 02:50:00+00:00,M490,1,3.6280130488296627
2026-05-04 02:50:00+00:00,M874,356,3.327356454951984
2026-05-04 02:55:00+00:00,M779,8,3.4795494440609875
2026-05-04 03:05:00+00:00,M490,1,3.6280130488296627
2026-05-04 03:10:00+00:00,M736,2,3.6390656569105078
2026-05-04 03:15:00+00:00,M841,4,3.3463180561446433
2026-05-04 03:25:00+00:00,M029,1,5.0761719056800665
2026-05-04 03:30:00+00:00,M490,1,3.6280130488296627
2026-05-04 04:05:00+00:00,M786,80,3.093838372011556
2026-05-04 04:05:00+00:00,M843,1,5.807053316353087
2026-05-04 04:10:00+00:00,M843,1,5.807053316353087
2026-05-04 04:10:00+00:00,M904,5,3.3151017642218727
2026-05-04 04:25:00+00:00,M843,1,5.807053316353087
2026-05-04 04:30:00+00:00,M843,1,5.807053316353087
2026-05-04 04:45:00+00:00,M490,1,3.6280130488296627
2026-05-04 04:45:00+00:00,M874,342,3.064158713400825
2026-05-04 04:55:00+00:00,M185,98,4.527003954904995
2026-05-04 04:55:00+00:00,M874,381,3.7973524220076253
2026-05-04 05:00:00+00:00,M185,103,4.963173861924464
2026-05-04 05:00:00+00:00,M475,1,3.9861637392558062
2026-05-04 05:00:00+00:00,M874,360,3.402555809680887
2026-05-04 05:05:00+00:00,M185,88,3.654664140866056
2026-05-04 05:05:00+00:00,M378,76,3.054196493882171
2026-05-04 05:05:00+00:00,M658,76,3.2259839260237317
2026-05-04 05:05:00+00:00,M874,352,3.2521571002230814
2026-05-04 05:10:00+00:00,M104,4,3.5266457494405126
2026-05-04 05:10:00+00:00,M164,1,8.28702251171813
2026-05-04 05:10:00+00:00,M185,103,4.963173861924464
2026-05-04 05:10:00+00:00,M841,4,3.3463180561446433
2026-05-04 05:10:00+00:00,M904,5,3.3151017642218727
2026-05-04 05:15:00+00:00,M185,81,3.044026271038799
2026-05-04 05:20:00+00:00,M185,94,4.1780680292894194
2026-05-04 05:20:00+00:00,M378,84,3.6553112779706507
2026-05-04 05:20:00+00:00,M658,84,3.8563389344729955
2026-05-04 05:20:00+00:00,M786,83,3.2985975719203395
2026-05-04 05:20:00+00:00,M874,357,3.3461562936342095
2026-05-04 05:25:00+00:00,M185,87,3.567430159462162
2026-05-04 05:35:00+00:00,M104,5,4.6030491176475925
2026-05-04 05:35:00+00:00,M185,91,3.9163660850777378
2026-05-04 05:35:00+00:00,M874,344,3.1017583907652764
2026-05-04 05:40:00+00:00,M185,83,3.2184942338465867
2026-05-04 05:45:00+00:00,M185,97,4.439769973501101
2026-05-04 05:50:00+00:00,M185,81,3.044026271038799
2026-05-04 05:50:00+00:00,M904,5,3.3151017642218727
2026-05-04 05:55:00+00:00,M185,81,3.044026271038799
2026-05-04 06:00:00+00:00,M490,1,3.6280130488296627
2026-05-04 06:10:00+00:00,M185,87,3.567430159462162
2026-05-04 06:10:00+00:00,M378,85,3.7304506259817107
2026-05-04 06:10:00+00:00,M658,85,3.9351333105291535
2026-05-04 06:10:00+00:00,M786,85,3.4351037051928617
2026-05-04 06:10:00+00:00,M899,17,3.351564049581209
2026-05-04 06:15:00+00:00,M185,82,3.1312602524426927
2026-05-04 06:30:00+00:00,M185,88,3.654664140866056
2026-05-04 06:40:00+00:00,M185,85,3.3929621966543744
2026-05-04 06:40:00+00:00,M874,351,3.233357261540856
2026-05-04 06:45:00+00:00,M185,93,4.090834047885525
2026-05-04 06:50:00+00:00,M185,82,3.1312602524426927
2026-05-04 06:50:00+00:00,M609,17,3.2811646980712545
2026-05-04 06:55:00+00:00,M185,85,3.3929621966543744
2026-05-04 06:55:00+00:00,M841,5,4.357175157216511
2026-05-04 06:55:00+00:00,M904,6,4.185324270428966
2026-05-04 07:00:00+00:00,M841,4,3.3463180561446433
2026-05-04 07:05:00+00:00,M841,4,3.3463180561446433
2026-05-04 07:10:00+00:00,M104,4,3.5266457494405126
2026-05-04 07:10:00+00:00,M185,82,3.1312602524426927
2026-05-04 07:15:00+00:00,M185,87,3.567430159462162
2026-05-04 07:20:00+00:00,M899,16,3.0714741890745785
2026-05-04 07:25:00+00:00,M185,100,4.701471917712783
2026-05-04 07:30:00+00:00,M490,1,3.6280130488296627
2026-05-04 07:40:00+00:00,M899,17,3.351564049581209
2026-05-04 07:45:00+00:00,M899,16,3.0714741890745785
2026-05-04 08:00:00+00:00,M185,81,3.044026271038799
2026-05-04 08:10:00+00:00,M185,87,3.567430159462162
2026-05-04 08:10:00+00:00,M843,1,5.807053316353087
2026-05-04 08:15:00+00:00,M490,1,3.6280130488296627
2026-05-04 08:20:00+00:00,M736,2,3.6390656569105078
2026-05-04 08:20:00+00:00,M779,8,3.4795494440609875
2026-05-04 08:20:00+00:00,M843,1,5.807053316353087
2026-05-04 08:20:00+00:00,M899,18,3.63165391008784
2026-05-04 08:30:00+00:00,M185,82,3.1312602524426927
2026-05-04 08:40:00+00:00,M104,4,3.5266457494405126
2026-05-04 09:00:00+00:00,M899,17,3.351564049581209
2026-05-04 09:05:00+00:00,M490,1,3.6280130488296627
2026-05-04 09:05:00+00:00,M904,5,3.3151017642218727
2026-05-04 09:15:00+00:00,M609,17,3.2811646980712545
2026-05-04 09:20:00+00:00,M104,4,3.5266457494405126
2026-05-04 09:35:00+00:00,M475,2,8.14384733546669
2026-05-04 09:40:00+00:00,M475,1,3.9861637392558062
2026-05-04 09:55:00+00:00,M475,1,3.9861637392558062
2026-05-04 09:55:00+00:00,M736,2,3.6390656569105078
2026-05-04 10:00:00+00:00,M490,1,3.6280130488296627
2026-05-04 10:10:00+00:00,M490,1,3.6280130488296627
2026-05-04 10:10:00+00:00,M516,6,3.1541831310751034
2026-05-04 10:20:00+00:00,M475,1,3.9861637392558062
2026-05-04 10:25:00+00:00,M516,6,3.1541831310751034
2026-05-04 10:30:00+00:00,M490,1,3.6280130488296627
2026-05-04 10:50:00+00:00,M104,4,3.5266457494405126
2026-05-04 10:50:00+00:00,M516,7,3.7668751466468473
2026-05-04 10:55:00+00:00,M490,2,7.487149293327246
2026-05-04 10:55:00+00:00,M516,9,4.992259177790335
2026-05-04 11:05:00+00:00,M516,8,4.379567162218591
2026-05-04 11:05:00+00:00,M609,17,3.2811646980712545
2026-05-04 11:15:00+00:00,M490,1,3.6280130488296627
2026-05-04 11:20:00+00:00,M736,2,3.6390656569105078
2026-05-04 11:25:00+00:00,M490,1,3.6280130488296627
2026-05-04 11:25:00+00:00,M516,7,3.7668751466468473
2026-05-04 11:30:00+00:00,M516,8,4.379567162218591
2026-05-04 11:40:00+00:00,M475,1,3.9861637392558062
2026-05-04 11:40:00+00:00,M490,1,3.6280130488296627
2026-05-04 11:40:00+00:00,M843,1,5.807053316353087
2026-05-04 11:45:00+00:00,M516,6,3.1541831310751034
2026-05-04 11:45:00+00:00,M904,5,3.3151017642218727
2026-05-04 11:50:00+00:00,M490,1,3.6280130488296627
2026-05-04 11:50:00+00:00,M516,8,4.379567162218591
2026-05-04 11:55:00+00:00,M104,4,3.5266457494405126
2026-05-04 11:55:00+00:00,M779,11,5.029687736550073
2026-05-04 12:00:00+00:00,M104,5,4.6030491176475925
2026-05-04 12:00:00+00:00,M779,9,3.996262208224016
2026-05-04 12:05:00+00:00,M516,7,3.7668751466468473
2026-05-04 12:10:00+00:00,M104,9,8.908662590475913
2026-05-04 12:10:00+00:00,M516,6,3.1541831310751034
2026-05-04 12:15:00+00:00,M779,13,6.06311326487613
2026-05-04 12:20:00+00:00,M104,4,3.5266457494405126
2026-05-04 12:20:00+00:00,M475,1,3.9861637392558062
2026-05-04 12:20:00+00:00,M490,1,3.6280130488296627
2026-05-04 12:20:00+00:00,M779,14,6.579826029039159
2026-05-04 12:25:00+00:00,M490,1,3.6280130488296627
2026-05-04 12:30:00+00:00,M779,10,4.5129749723870445
2026-05-04 12:30:00+00:00,M904,5,3.3151017642218727
2026-05-04 12:35:00+00:00,M490,1,3.6280130488296627
2026-05-04 12:35:00+00:00,M779,10,4.5129749723870445
2026-05-04 12:50:00+00:00,M516,6,3.1541831310751034
2026-05-04 13:15:00+00:00,M843,1,5.807053316353087
2026-05-04 13:30:00+00:00,M965,40,3.1050928514109097
2026-05-04 13:35:00+00:00,M490,1,3.6280130488296627
2026-05-04 13:40:00+00:00,M843,1,5.807053316353087
2026-05-04 13:45:00+00:00,M841,4,3.3463180561446433
2026-05-04 14:10:00+00:00,M736,2,3.6390656569105078
2026-05-04 14:25:00+00:00,M474,1,11.742331665439213
2026-05-04 14:30:00+00:00,M475,1,3.9861637392558062
2026-05-04 14:40:00+00:00,M029,1,5.0761719056800665
2026-05-04 14:45:00+00:00,M736,2,3.6390656569105078
2026-05-04 14:55:00+00:00,M843,1,5.807053316353087
2026-05-04 15:05:00+00:00,M843,1,5.807053316353087
2026-05-04 15:20:00+00:00,M904,5,3.3151017642218727
2026-05-04 15:55:00+00:00,M843,1,5.807053316353087
2026-05-04 16:00:00+00:00,M419,1,12.950858562770918
2026-05-04 16:55:00+00:00,M843,2,11.780065810868045
2026-05-04 17:55:00+00:00,M843,1,5.807053316353087
2026-05-04 18:10:00+00:00,M475,1,3.9861637392558062
2026-05-04 18:10:00+00:00,M843,1,5.807053316353087
2026-05-04 18:20:00+00:00,M843,1,5.807053316353087
2026-05-04 18:45:00+00:00,M490,1,3.6280130488296627
2026-05-04 18:50:00+00:00,M843,1,5.807053316353087
2026-05-04 19:10:00+00:00,M904,7,5.05554677663606
2026-05-04 19:15:00+00:00,M843,1,5.807053316353087
2026-05-04 19:20:00+00:00,M336,1,9.86959171074772
2026-05-04 20:05:00+00:00,M904,5,3.3151017642218727
2026-05-04 20:30:00+00:00,M843,1,5.807053316353087
2026-05-04 20:45:00+00:00,M736,3,5.674080819384621
2026-05-04 20:55:00+00:00,M843,1,5.807053316353087
2026-05-04 21:25:00+00:00,M843,1,5.807053316353087
2026-05-04 21:55:00+00:00,M736,2,3.6390656569105078
2026-05-04 22:05:00+00:00,M843,1,5.807053316353087
2026-05-04 22:10:00+00:00,M843,1,5.807053316353087
2026-05-04 23:00:00+00:00,M490,1,3.6280130488296627
2026-05-04 23:10:00+00:00,M841,4,3.3463180561446433
2026-05-04 23:10:00+00:00,M843,1,5.807053316353087
2026-05-04 23:20:00+00:00,M843,1,5.807053316353087
2026-05-04 23:35:00+00:00,M843,1,5.807053316353087
2026-05-04 23:45:00+00:00,M843,1,5.807053316353087
2026-05-04 23:55:00+00:00,M736,2,3.6390656569105078
2026-05-04 23:55:00+00:00,M843,1,5.807053316353087
2026-05-05 00:40:00+00:00,M904,5,3.3151017642218727
2026-05-05 01:05:00+00:00,M475,1,3.9861637392558062
2026-05-05 01:25:00+00:00,M736,2,3.6390656569105078
2026-05-05 02:15:00+00:00,M419,1,12.950858562770918
2026-05-05 02:25:00+00:00,M475,1,3.9861637392558062
2026-05-05 02:30:00+00:00,M490,1,3.6280130488296627
2026-05-05 02:40:00+00:00,M490,1,3.6280130488296627
2026-05-05 02:50:00+00:00,M104,4,3.5266457494405126
2026-05-05 03:05:00+00:00,M336,1,9.86959171074772
2026-05-05 03:10:00+00:00,M475,1,3.9861637392558062
2026-05-05 03:10:00+00:00,M904,5,3.3151017642218727
2026-05-05 03:35:00+00:00,M843,1,5.807053316353087
2026-05-05 03:50:00+00:00,M029,1,5.0761719056800665
2026-05-05 04:25:00+00:00,M475,1,3.9861637392558062
2026-05-05 04:25:00+00:00,M490,1,3.6280130488296627
2026-05-05 04:30:00+00:00,M475,1,3.9861637392558062
2026-05-05 04:35:00+00:00,M104,4,3.5266457494405126
2026-05-05 04:50:00+00:00,M843,1,5.807053316353087
2026-05-05 05:10:00+00:00,M843,1,5.807053316353087
2026-05-05 05:15:00+00:00,M029,1,5.0761719056800665
2026-05-05 05:15:00+00:00,M843,1,5.807053316353087
2026-05-05 05:25:00+00:00,M841,8,7.389746460432114
2026-05-05 05:25:00+00:00,M904,5,3.3151017642218727
2026-05-05 05:30:00+00:00,M841,6,5.368032258288379
2026-05-05 05:35:00+00:00,M736,2,3.6390656569105078
2026-05-05 06:15:00+00:00,M904,5,3.3151017642218727
2026-05-05 06:45:00+00:00,M490,1,3.6280130488296627
2026-05-05 06:50:00+00:00,M490,1,3.6280130488296627
2026-05-05 06:50:00+00:00,M904,5,3.3151017642218727
2026-05-05 06:55:00+00:00,M490,1,3.6280130488296627
2026-05-05 07:35:00+00:00,M104,5,4.6030491176475925
2026-05-05 07:35:00+00:00,M475,2,8.14384733546669
2026-05-05 08:05:00+00:00,M104,4,3.5266457494405126
2026-05-05 08:10:00+00:00,M336,1,9.86959171074772
2026-05-05 08:10:00+00:00,M609,18,3.5684759167747555
2026-05-05 08:30:00+00:00,M104,4,3.5266457494405126
2026-05-05 09:15:00+00:00,M843,1,5.807053316353087
2026-05-05 09:40:00+00:00,M841,4,3.3463180561446433
2026-05-05 09:55:00+00:00,M029,1,5.0761719056800665
2026-05-05 09:55:00+00:00,M904,6,4.185324270428966
2026-05-05 10:20:00+00:00,M841,5,4.357175157216511
2026-05-05 10:25:00+00:00,M841,4,3.3463180561446433
2026-05-05 10:30:00+00:00,M490,1,3.6280130488296627
2026-05-05 11:15:00+00:00,M104,5,4.6030491176475925
2026-05-05 11:45:00+00:00,M779,10,4.5129749723870445
2026-05-05 12:15:00+00:00,M904,5,3.3151017642218727
2026-05-05 13:00:00+00:00,M490,1,3.6280130488296627
2026-05-05 13:25:00+00:00,M490,1,3.6280130488296627
2026-05-05 13:35:00+00:00,M490,1,3.6280130488296627
2026-05-05 14:15:00+00:00,M029,1,5.0761719056800665
2026-05-05 14:30:00+00:00,M475,1,3.9861637392558062
2026-05-05 14:35:00+00:00,M843,1,5.807053316353087
2026-05-05 14:40:00+00:00,M336,1,9.86959171074772
2026-05-05 15:25:00+00:00,M475,1,3.9861637392558062
2026-05-05 16:00:00+00:00,M419,1,12.950858562770918
2026-05-05 16:10:00+00:00,M475,1,3.9861637392558062
2026-05-05 16:35:00+00:00,M475,1,3.9861637392558062
2026-05-05 16:40:00+00:00,M843,1,5.807053316353087
2026-05-05 17:45:00+00:00,M029,1,5.0761719056800665
2026-05-05 19:25:00+00:00,M841,5,4.357175157216511
2026-05-05 21:00:00+00:00,M029,1,5.0761719056800665
2026-05-05 21:05:00+00:00,M490,1,3.6280130488296627
2026-05-05 21:15:00+00:00,M490,1,3.6280130488296627
2026-05-05 21:20:00+00:00,M490,1,3.6280130488296627
2026-05-05 21:30:00+00:00,M490,1,3.6280130488296627
2026-05-05 21:40:00+00:00,M029,1,5.0761719056800665
2026-05-05 21:45:00+00:00,M029,1,5.0761719056800665
2026-05-05 21:45:00+00:00,M904,7,5.05554677663606
2026-05-05 22:30:00+00:00,M736,2,3.6390656569105078
2026-05-05 22:35:00+00:00,M029,1,5.0761719056800665
2026-05-05 22:45:00+00:00,M736,2,3.6390656569105078
2026-05-05 22:50:00+00:00,M736,2,3.6390656569105078
2026-05-05 23:20:00+00:00,M475,1,3.9861637392558062
2026-05-05 23:20:00+00:00,M490,1,3.6280130488296627
2026-05-05 23:45:00+00:00,M736,2,3.6390656569105078
2026-05-05 23:50:00+00:00,M475,1,3.9861637392558062
2026-05-06 00:00:00+00:00,M843,1,5.807053316353087
2026-05-06 00:40:00+00:00,M029,1,5.0761719056800665
2026-05-06 00:45:00+00:00,M029,1,5.0761719056800665
2026-05-06 01:20:00+00:00,M736,2,3.6390656569105078
2026-05-06 01:35:00+00:00,M841,4,3.3463180561446433
2026-05-06 01:40:00+00:00,M490,1,3.6280130488296627
2026-05-06 01:40:00+00:00,M841,4,3.3463180561446433
2026-05-06 02:05:00+00:00,M490,1,3.6280130488296627
2026-05-06 02:25:00+00:00,M490,1,3.6280130488296627
2026-05-06 02:30:00+00:00,M904,6,4.185324270428966
2026-05-06 02:45:00+00:00,M843,1,5.807053316353087
2026-05-06 02:50:00+00:00,M490,1,3.6280130488296627
2026-05-06 02:50:00+00:00,M841,4,3.3463180561446433
2026-05-06 03:20:00+00:00,M490,1,3.6280130488296627
2026-05-06 03:35:00+00:00,M336,1,9.86959171074772
2026-05-06 03:40:00+00:00,M490,1,3.6280130488296627
2026-05-06 03:55:00+00:00,M736,2,3.6390656569105078
2026-05-06 04:05:00+00:00,M378,80,3.3547538859264106
2026-05-06 04:05:00+00:00,M658,79,3.462367054192206
2026-05-06 04:05:00+00:00,M786,81,3.162091438647817
2026-05-06 04:30:00+00:00,M490,2,7.487149293327246
2026-05-06 04:35:00+00:00,M490,1,3.6280130488296627
2026-05-06 04:45:00+00:00,M843,1,5.807053316353087
2026-05-06 05:00:00+00:00,M736,2,3.6390656569105078
2026-05-06 05:45:00+00:00,M029,1,5.0761719056800665
2026-05-06 05:50:00+00:00,M841,4,3.3463180561446433
2026-05-06 06:05:00+00:00,M736,2,3.6390656569105078
2026-05-06 06:45:00+00:00,M490,2,7.487149293327246
2026-05-06 06:45:00+00:00,M841,5,4.357175157216511
2026-05-06 07:25:00+00:00,M490,1,3.6280130488296627
2026-05-06 07:35:00+00:00,M490,1,3.6280130488296627
2026-05-06 08:15:00+00:00,M736,2,3.6390656569105078
2026-05-06 08:25:00+00:00,M490,1,3.6280130488296627
2026-05-06 08:55:00+00:00,M104,4,3.5266457494405126
2026-05-06 10:05:00+00:00,M843,1,5.807053316353087
2026-05-06 10:35:00+00:00,M736,2,3.6390656569105078
2026-05-06 11:00:00+00:00,M336,1,9.86959171074772
2026-05-06 11:30:00+00:00,M029,1,5.0761719056800665
2026-05-06 11:40:00+00:00,M029,1,5.0761719056800665
2026-05-06 11:55:00+00:00,M841,4,3.3463180561446433
2026-05-06 12:05:00+00:00,M843,1,5.807053316353087
2026-05-06 12:35:00+00:00,M490,1,3.6280130488296627
2026-05-06 13:10:00+00:00,M609,17,3.2811646980712545
2026-05-06 13:30:00+00:00,M490,1,3.6280130488296627
2026-05-06 14:05:00+00:00,M265,117,17.300275967248634
2026-05-06 14:05:00+00:00,M609,24,5.29234322899576
2026-05-06 14:05:00+00:00,M696,2283,4.496755684628995
2026-05-06 14:05:00+00:00,M841,4,3.3463180561446433
2026-05-06 14:05:00+00:00,M874,401,4.173349195652138
2026-05-06 14:05:00+00:00,M971,7506,3.2835342343922083
2026-05-06 14:10:00+00:00,M265,98,14.256197947286672
2026-05-06 14:10:00+00:00,M609,20,4.143098354181757
2026-05-06 14:10:00+00:00,M696,2443,5.220079061964303
2026-05-06 14:10:00+00:00,M874,472,5.50813774209016
2026-05-06 14:10:00+00:00,M971,7842,3.70818614648832
2026-05-06 14:15:00+00:00,M265,166,25.150792966097907
2026-05-06 14:15:00+00:00,M696,2374,4.908145855488452
2026-05-06 14:15:00+00:00,M874,386,3.8913516154187535
2026-05-06 14:15:00+00:00,M971,7688,3.5135540201109356
2026-05-06 14:20:00+00:00,M029,1,5.0761719056800665
2026-05-06 14:20:00+00:00,M265,122,18.10134913039652
2026-05-06 14:20:00+00:00,M696,2403,5.039248217630476
2026-05-06 14:20:00+00:00,M874,373,3.64695371254982
2026-05-06 14:20:00+00:00,M971,7566,3.3593649329808
2026-05-06 14:25:00+00:00,M265,147,22.106714946135945
2026-05-06 14:25:00+00:00,M696,2392,4.989519735438674
2026-05-06 14:25:00+00:00,M874,393,4.0229504861943335
2026-05-06 14:25:00+00:00,M971,7691,3.517345555040365
2026-05-06 14:30:00+00:00,M265,93,13.455124784138787
2026-05-06 14:30:00+00:00,M475,1,3.9861637392558062
2026-05-06 14:30:00+00:00,M696,2395,5.003082048763711
2026-05-06 14:30:00+00:00,M874,389,3.9477511314654308
2026-05-06 14:30:00+00:00,M971,7549,3.337879568380699
2026-05-06 14:35:00+00:00,M265,134,20.023924721951442
2026-05-06 14:35:00+00:00,M696,2455,5.274328315264452
2026-05-06 14:35:00+00:00,M874,400,4.154549356969913
2026-05-06 14:35:00+00:00,M971,7824,3.6854369369117426
2026-05-06 14:40:00+00:00,M265,110,16.178773538841597
2026-05-06 14:40:00+00:00,M696,2352,4.808688891104847
2026-05-06 14:40:00+00:00,M874,344,3.1017583907652764
2026-05-06 14:40:00+00:00,M971,7413,3.1659966515798916
2026-05-06 14:45:00+00:00,M029,1,5.0761719056800665
2026-05-06 14:45:00+00:00,M265,221,33.96259776072464
2026-05-06 14:45:00+00:00,M609,18,3.5684759167747555
2026-05-06 14:45:00+00:00,M696,2389,4.975957422113637
2026-05-06 14:45:00+00:00,M874,357,3.3461562936342095
2026-05-06 14:45:00+00:00,M971,7787,3.6386746727821113
2026-05-06 14:50:00+00:00,M265,94,13.615339416768364
2026-05-06 14:50:00+00:00,M696,2396,5.007602819872057
2026-05-06 14:50:00+00:00,M874,398,4.116949679605462
2026-05-06 14:50:00+00:00,M971,7567,3.360628777957276
2026-05-06 14:55:00+00:00,M265,64,8.808900437881055
2026-05-06 14:55:00+00:00,M696,1975,3.1043581832585256
2026-05-06 14:55:00+00:00,M904,5,3.3151017642218727
2026-05-06 15:00:00+00:00,M490,1,3.6280130488296627
2026-05-06 17:15:00+00:00,M037,5,16.22011946088532
2026-05-06 17:15:00+00:00,M855,60,33.29975588702419
2026-05-06 17:45:00+00:00,M037,6,19.469152450937774
2026-05-06 17:45:00+00:00,M855,53,29.411518093417754
2026-05-06 18:05:00+00:00,M972,1,76.82122102648461
2026-05-06 18:45:00+00:00,M164,3,24.985546152723938
2026-05-06 18:50:00+00:00,M164,5,41.68406979372975
2026-05-06 18:55:00+00:00,M164,3,24.985546152723938
2026-05-06 19:35:00+00:00,M490,1,3.6280130488296627
2026-05-06 20:40:00+00:00,M490,1,3.6280130488296627
2026-05-06 20:45:00+00:00,M490,1,3.6280130488296627
2026-05-06 20:50:00+00:00,M490,1,3.6280130488296627
2026-05-06 20:50:00+00:00,M516,7,3.7668751466468473
2026-05-06 21:00:00+00:00,M904,5,3.3151017642218727
2026-05-06 21:40:00+00:00,M164,1,8.28702251171813
2026-05-06 22:35:00+00:00,M104,4,3.5266457494405126
2026-05-06 22:45:00+00:00,M490,1,3.6280130488296627
2026-05-06 23:10:00+00:00,M490,1,3.6280130488296627
2026-05-06 23:45:00+00:00,M843,1,5.807053316353087
2026-05-07 00:15:00+00:00,M336,1,9.86959171074772
2026-05-07 00:25:00+00:00,M104,5,4.6030491176475925
2026-05-07 00:50:00+00:00,M164,1,8.28702251171813
2026-05-07 01:35:00+00:00,M490,1,3.6280130488296627
2026-05-07 01:40:00+00:00,M490,1,3.6280130488296627
2026-05-07 02:00:00+00:00,M164,1,8.28702251171813
2026-05-07 02:40:00+00:00,M475,1,3.9861637392558062
2026-05-07 02:50:00+00:00,M843,1,5.807053316353087
2026-05-07 03:05:00+00:00,M490,1,3.6280130488296627
2026-05-07 03:10:00+00:00,M490,1,3.6280130488296627
2026-05-07 03:10:00+00:00,M736,2,3.6390656569105078
2026-05-07 03:15:00+00:00,M474,1,11.742331665439213
2026-05-07 03:15:00+00:00,M490,1,3.6280130488296627
2026-05-07 04:20:00+00:00,M843,1,5.807053316353087
2026-05-07 04:35:00+00:00,M490,1,3.6280130488296627
2026-05-07 04:45:00+00:00,M029,1,5.0761719056800665
2026-05-07 04:45:00+00:00,M843,1,5.807053316353087
2026-05-07 04:50:00+00:00,M029,1,5.0761719056800665
2026-05-07 05:00:00+00:00,M904,5,3.3151017642218727
2026-05-07 05:15:00+00:00,M490,2,7.487149293327246
2026-05-07 05:15:00+00:00,M609,17,3.2811646980712545
2026-05-07 05:25:00+00:00,M490,1,3.6280130488296627
2026-05-07 05:40:00+00:00,M474,1,11.742331665439213
2026-05-07 05:45:00+00:00,M490,1,3.6280130488296627
2026-05-07 06:35:00+00:00,M736,2,3.6390656569105078
2026-05-07 06:40:00+00:00,M490,1,3.6280130488296627
2026-05-07 06:50:00+00:00,M736,2,3.6390656569105078
2026-05-07 06:55:00+00:00,M609,18,3.5684759167747555
2026-05-07 06:55:00+00:00,M841,5,4.357175157216511
2026-05-07 07:05:00+00:00,M490,1,3.6280130488296627
2026-05-07 07:20:00+00:00,M104,4,3.5266457494405126
2026-05-07 08:15:00+00:00,M265,35,4.162676091623323
2026-05-07 08:15:00+00:00,M904,5,3.3151017642218727
2026-05-07 08:45:00+00:00,M736,2,3.6390656569105078
2026-05-07 08:55:00+00:00,M490,1,3.6280130488296627
2026-05-07 10:55:00+00:00,M490,1,3.6280130488296627
2026-05-07 11:15:00+00:00,M609,17,3.2811646980712545
2026-05-07 11:25:00+00:00,M336,1,9.86959171074772
2026-05-07 11:45:00+00:00,M164,1,8.28702251171813
2026-05-07 12:30:00+00:00,M419,1,12.950858562770918
2026-05-07 13:20:00+00:00,M490,1,3.6280130488296627
2026-05-07 13:50:00+00:00,M904,5,3.3151017642218727
2026-05-07 14:30:00+00:00,M185,82,3.1312602524426927
2026-05-07 14:30:00+00:00,M475,1,3.9861637392558062
2026-05-07 15:00:00+00:00,M475,1,3.9861637392558062
2026-05-07 16:20:00+00:00,M490,1,3.6280130488296627
2026-05-07 17:45:00+00:00,M037,10,32.46528441114758
2026-05-07 17:45:00+00:00,M843,2,11.780065810868045
2026-05-07 17:45:00+00:00,M855,109,60.51742044226925
2026-05-07 18:00:00+00:00,M037,17,55.208515341514754
2026-05-07 18:00:00+00:00,M841,14,13.45488906686332
2026-05-07 18:00:00+00:00,M855,79,43.85354418395595
2026-05-07 18:20:00+00:00,M490,1,3.6280130488296627
2026-05-07 20:10:00+00:00,M516,7,3.7668751466468473
2026-05-07 20:15:00+00:00,M843,1,5.807053316353087
2026-05-07 20:50:00+00:00,M490,1,3.6280130488296627
2026-05-07 20:55:00+00:00,M843,1,5.807053316353087
2026-05-07 21:00:00+00:00,M490,1,3.6280130488296627
2026-05-07 21:15:00+00:00,M736,2,3.6390656569105078
2026-05-07 21:35:00+00:00,M185,96,4.352535992097207
2026-05-07 21:40:00+00:00,M185,109,5.486577750347827
2026-05-07 21:45:00+00:00,M185,94,4.1780680292894194
2026-05-07 21:50:00+00:00,M185,96,4.352535992097207
2026-05-07 21:55:00+00:00,M185,118,6.271683582982871
2026-05-07 22:00:00+00:00,M185,106,5.224875806136145
2026-05-07 22:05:00+00:00,M185,105,5.137641824732252
2026-05-07 22:10:00+00:00,M185,108,5.399343768943933
2026-05-07 22:15:00+00:00,M185,110,5.5738117317517215
2026-05-07 22:20:00+00:00,M185,102,4.87593988052057
2026-05-07 22:25:00+00:00,M185,105,5.137641824732252
2026-05-07 22:40:00+00:00,M490,1,3.6280130488296627
2026-05-07 22:40:00+00:00,M516,6,3.1541831310751034
2026-05-07 23:45:00+00:00,M336,1,9.86959171074772
2026-05-08 00:10:00+00:00,M029,1,5.0761719056800665
2026-05-08 00:35:00+00:00,M336,1,9.86959171074772
2026-05-08 01:25:00+00:00,M736,2,3.6390656569105078
2026-05-08 01:40:00+00:00,M490,1,3.6280130488296627
2026-05-08 01:40:00+00:00,M841,4,3.3463180561446433
2026-05-08 02:00:00+00:00,M843,1,5.807053316353087
2026-05-08 02:15:00+00:00,M736,2,3.6390656569105078
2026-05-08 02:20:00+00:00,M841,4,3.3463180561446433
2026-05-08 02:50:00+00:00,M336,1,9.86959171074772
2026-05-08 03:30:00+00:00,M474,1,11.742331665439213
2026-05-08 03:35:00+00:00,M104,5,4.6030491176475925
2026-05-08 03:40:00+00:00,M336,1,9.86959171074772
2026-05-08 04:10:00+00:00,M736,2,3.6390656569105078
2026-05-08 04:30:00+00:00,M029,1,5.0761719056800665
2026-05-08 04:30:00+00:00,M474,1,11.742331665439213
2026-05-08 04:45:00+00:00,M336,1,9.86959171074772
2026-05-08 05:35:00+00:00,M904,5,3.3151017642218727
2026-05-08 05:50:00+00:00,M475,1,3.9861637392558062
2026-05-08 06:20:00+00:00,M029,1,5.0761719056800665
2026-05-08 06:20:00+00:00,M904,5,3.3151017642218727
2026-05-08 06:45:00+00:00,M104,4,3.5266457494405126
2026-05-08 06:50:00+00:00,M843,1,5.807053316353087
2026-05-08 06:55:00+00:00,M336,1,9.86959171074772
2026-05-08 07:15:00+00:00,M736,2,3.6390656569105078
2026-05-08 07:55:00+00:00,M029,1,5.0761719056800665
2026-05-08 08:05:00+00:00,M516,6,3.1541831310751034
2026-05-08 08:10:00+00:00,M490,1,3.6280130488296627
2026-05-08 08:10:00+00:00,M779,9,3.996262208224016
2026-05-08 08:30:00+00:00,M779,8,3.4795494440609875
2026-05-08 09:45:00+00:00,M104,4,3.5266457494405126
2026-05-08 09:50:00+00:00,M490,1,3.6280130488296627
2026-05-08 09:50:00+00:00,M516,8,4.379567162218591
2026-05-08 10:00:00+00:00,M029,1,5.0761719056800665
2026-05-08 10:00:00+00:00,M490,1,3.6280130488296627
2026-05-08 10:15:00+00:00,M516,13,7.443027240077312
2026-05-08 10:25:00+00:00,M490,1,3.6280130488296627
2026-05-08 10:30:00+00:00,M516,7,3.7668751466468473
2026-05-08 10:45:00+00:00,M490,2,7.487149293327246
2026-05-08 10:50:00+00:00,M516,6,3.1541831310751034
2026-05-08 10:55:00+00:00,M265,28,3.0411736632162842
2026-05-08 10:55:00+00:00,M490,1,3.6280130488296627
2026-05-08 11:00:00+00:00,M490,1,3.6280130488296627
2026-05-08 11:00:00+00:00,M516,8,4.379567162218591
2026-05-08 11:05:00+00:00,M029,1,5.0761719056800665
2026-05-08 11:05:00+00:00,M490,1,3.6280130488296627
2026-05-08 11:10:00+00:00,M490,1,3.6280130488296627
2026-05-08 11:10:00+00:00,M736,2,3.6390656569105078
2026-05-08 11:25:00+00:00,M516,10,5.60495119336208
2026-05-08 11:30:00+00:00,M490,3,11.346285537824828
2026-05-08 11:40:00+00:00,M516,7,3.7668751466468473
2026-05-08 13:05:00+00:00,M490,1,3.6280130488296627
2026-05-08 13:30:00+00:00,M490,1,3.6280130488296627
2026-05-08 14:00:00+00:00,M029,1,5.0761719056800665
2026-05-08 14:50:00+00:00,M843,1,5.807053316353087
2026-05-08 15:50:00+00:00,M474,1,11.742331665439213
2026-05-08 15:50:00+00:00,M736,2,3.6390656569105078
2026-05-08 16:05:00+00:00,M490,1,3.6280130488296627
2026-05-08 17:00:00+00:00,M736,2,3.6390656569105078
2026-05-08 17:30:00+00:00,M904,6,4.185324270428966
2026-05-08 18:00:00+00:00,M736,2,3.6390656569105078
2026-05-08 20:45:00+00:00,M736,3,5.674080819384621
2026-05-08 20:55:00+00:00,M736,2,3.6390656569105078
2026-05-08 20:55:00+00:00,M904,5,3.3151017642218727
2026-05-08 21:10:00+00:00,M490,1,3.6280130488296627
2026-05-08 21:30:00+00:00,M736,2,3.6390656569105078
2026-05-08 22:40:00+00:00,M904,5,3.3151017642218727
2026-05-08 23:10:00+00:00,M474,1,11.742331665439213
2026-05-08 23:15:00+00:00,M841,4,3.3463180561446433
2026-05-08 23:20:00+00:00,M475,1,3.9861637392558062
2026-05-08 23:30:00+00:00,M490,2,7.487149293327246
2026-05-08 23:35:00+00:00,M475,1,3.9861637392558062
2026-05-09 00:40:00+00:00,M164,1,8.28702251171813
2026-05-09 00:55:00+00:00,M490,1,3.6280130488296627
2026-05-09 01:10:00+00:00,M841,4,3.3463180561446433
2026-05-09 01:15:00+00:00,M490,1,3.6280130488296627
2026-05-09 01:45:00+00:00,M736,2,3.6390656569105078
2026-05-09 03:00:00+00:00,M419,1,12.950858562770918
2026-05-09 03:25:00+00:00,M841,4,3.3463180561446433
2026-05-09 03:30:00+00:00,M736,2,3.6390656569105078
2026-05-09 03:45:00+00:00,M736,2,3.6390656569105078
2026-05-09 05:00:00+00:00,M104,5,4.6030491176475925
2026-05-09 05:50:00+00:00,M490,1,3.6280130488296627
2026-05-09 05:55:00+00:00,M843,1,5.807053316353087
2026-05-09 06:05:00+00:00,M490,1,3.6280130488296627
2026-05-09 06:40:00+00:00,M336,1,9.86959171074772
2026-05-09 06:45:00+00:00,M104,5,4.6030491176475925
2026-05-09 07:25:00+00:00,M904,5,3.3151017642218727
2026-05-09 08:05:00+00:00,M843,1,5.807053316353087
2026-05-09 08:30:00+00:00,M475,1,3.9861637392558062
2026-05-09 08:40:00+00:00,M736,2,3.6390656569105078
2026-05-09 09:15:00+00:00,M904,5,3.3151017642218727
2026-05-09 09:25:00+00:00,M490,1,3.6280130488296627
2026-05-09 09:55:00+00:00,M736,2,3.6390656569105078
2026-05-09 10:40:00+00:00,M843,1,5.807053316353087
2026-05-09 10:45:00+00:00,M736,2,3.6390656569105078
2026-05-09 10:55:00+00:00,M029,1,5.0761719056800665
2026-05-09 11:00:00+00:00,M475,1,3.9861637392558062
2026-05-09 11:20:00+00:00,M475,1,3.9861637392558062
2026-05-09 12:35:00+00:00,M843,1,5.807053316353087
2026-05-09 13:55:00+00:00,M736,2,3.6390656569105078
2026-05-09 17:30:00+00:00,M475,2,8.14384733546669
2026-05-09 17:40:00+00:00,M736,2,3.6390656569105078
2026-05-09 18:10:00+00:00,M490,1,3.6280130488296627
2026-05-09 18:55:00+00:00,M490,1,3.6280130488296627
2026-05-09 19:50:00+00:00,M843,1,5.807053316353087
2026-05-09 21:05:00+00:00,M490,1,3.6280130488296627
2026-05-09 21:25:00+00:00,M843,1,5.807053316353087
2026-05-09 22:20:00+00:00,M736,2,3.6390656569105078
2026-05-09 23:40:00+00:00,M965,49,4.216149818652307
2026-05-10 00:35:00+00:00,M736,2,3.6390656569105078
2026-05-10 00:40:00+00:00,M490,1,3.6280130488296627
2026-05-10 00:40:00+00:00,M843,1,5.807053316353087
2026-05-10 01:00:00+00:00,M474,1,11.742331665439213
2026-05-10 01:35:00+00:00,M336,1,9.86959171074772
2026-05-10 01:45:00+00:00,M475,1,3.9861637392558062
2026-05-10 01:45:00+00:00,M736,2,3.6390656569105078
2026-05-10 02:15:00+00:00,M490,1,3.6280130488296627
2026-05-10 02:35:00+00:00,M029,1,5.0761719056800665
2026-05-10 02:35:00+00:00,M841,5,4.357175157216511
2026-05-10 02:40:00+00:00,M736,2,3.6390656569105078
2026-05-10 03:20:00+00:00,M029,1,5.0761719056800665
2026-05-10 03:55:00+00:00,M475,1,3.9861637392558062
2026-05-10 04:00:00+00:00,M164,1,8.28702251171813
2026-05-10 04:00:00+00:00,M475,1,3.9861637392558062
2026-05-10 05:50:00+00:00,M843,1,5.807053316353087
2026-05-10 05:50:00+00:00,M904,5,3.3151017642218727
2026-05-10 07:25:00+00:00,M843,1,5.807053316353087
2026-05-10 07:40:00+00:00,M841,4,3.3463180561446433
2026-05-10 08:20:00+00:00,M104,4,3.5266457494405126
2026-05-10 08:20:00+00:00,M490,1,3.6280130488296627
2026-05-10 08:30:00+00:00,M104,4,3.5266457494405126
2026-05-10 10:25:00+00:00,M490,1,3.6280130488296627
2026-05-10 10:40:00+00:00,M490,1,3.6280130488296627
2026-05-10 10:45:00+00:00,M490,1,3.6280130488296627
2026-05-10 10:50:00+00:00,M841,4,3.3463180561446433
2026-05-10 10:55:00+00:00,M904,5,3.3151017642218727
2026-05-10 11:15:00+00:00,M736,2,3.6390656569105078
2026-05-10 11:25:00+00:00,M029,1,5.0761719056800665
2026-05-10 11:40:00+00:00,M029,1,5.0761719056800665
2026-05-10 11:40:00+00:00,M490,1,3.6280130488296627
2026-05-10 11:45:00+00:00,M516,8,4.379567162218591
2026-05-10 11:50:00+00:00,M490,1,3.6280130488296627
2026-05-10 11:55:00+00:00,M104,4,3.5266457494405126
2026-05-10 12:05:00+00:00,M029,1,5.0761719056800665
2026-05-10 12:45:00+00:00,M841,4,3.3463180561446433
2026-05-10 13:35:00+00:00,M490,1,3.6280130488296627
2026-05-10 13:55:00+00:00,M490,1,3.6280130488296627
2026-05-10 14:00:00+00:00,M904,5,3.3151017642218727
2026-05-10 14:20:00+00:00,M029,1,5.0761719056800665
2026-05-10 15:40:00+00:00,M904,5,3.3151017642218727
2026-05-10 16:05:00+00:00,M419,1,12.950858562770918
2026-05-10 19:25:00+00:00,M029,1,5.0761719056800665
2026-05-10 20:30:00+00:00,M736,2,3.6390656569105078
2026-05-10 20:50:00+00:00,M029,3,15.485101790438305
2026-05-10 20:55:00+00:00,M474,1,11.742331665439213
2026-05-10 21:30:00+00:00,M843,1,5.807053316353087
2026-05-10 21:40:00+00:00,M843,1,5.807053316353087
2026-05-10 22:25:00+00:00,M904,5,3.3151017642218727
2026-05-10 22:30:00+00:00,M843,1,5.807053316353087
2026-05-10 22:35:00+00:00,M736,2,3.6390656569105078
2026-05-10 22:40:00+00:00,M904,5,3.3151017642218727
2026-05-10 22:45:00+00:00,M736,2,3.6390656569105078
2026-05-10 23:15:00+00:00,M904,5,3.3151017642218727
2026-05-10 23:25:00+00:00,M843,1,5.807053316353087
2026-05-11 00:10:00+00:00,M490,1,3.6280130488296627
2026-05-11 00:35:00+00:00,M609,19,3.8557871354782565
2026-05-11 00:45:00+00:00,M475,1,3.9861637392558062
2026-05-11 00:45:00+00:00,M609,18,3.5684759167747555
2026-05-11 01:15:00+00:00,M336,1,9.86959171074772
2026-05-11 01:15:00+00:00,M841,5,4.357175157216511
2026-05-11 01:50:00+00:00,M841,4,3.3463180561446433
2026-05-11 01:55:00+00:00,M029,1,5.0761719056800665
2026-05-11 01:55:00+00:00,M841,4,3.3463180561446433
2026-05-11 02:10:00+00:00,M490,1,3.6280130488296627
2026-05-11 02:15:00+00:00,M490,1,3.6280130488296627
2026-05-11 02:20:00+00:00,M029,1,5.0761719056800665
2026-05-11 02:25:00+00:00,M475,1,3.9861637392558062
2026-05-11 02:55:00+00:00,M843,1,5.807053316353087
2026-05-11 03:05:00+00:00,M475,1,3.9861637392558062
2026-05-11 03:05:00+00:00,M904,5,3.3151017642218727
2026-05-11 03:40:00+00:00,M490,2,7.487149293327246
2026-05-11 03:45:00+00:00,M104,4,3.5266457494405126
2026-05-11 03:55:00+00:00,M490,1,3.6280130488296627
2026-05-11 04:10:00+00:00,M029,1,5.0761719056800665
2026-05-11 04:15:00+00:00,M475,1,3.9861637392558062
2026-05-11 05:00:00+00:00,M779,8,3.4795494440609875
2026-05-11 05:05:00+00:00,M378,81,3.4298932339374706
2026-05-11 05:05:00+00:00,M658,81,3.6199558063045214
2026-05-11 05:05:00+00:00,M786,83,3.2985975719203395
2026-05-11 05:25:00+00:00,M475,1,3.9861637392558062
2026-05-11 05:25:00+00:00,M736,2,3.6390656569105078
2026-05-11 06:00:00+00:00,M490,3,11.346285537824828
2026-05-11 06:10:00+00:00,M164,1,8.28702251171813
2026-05-11 06:20:00+00:00,M475,1,3.9861637392558062
2026-05-11 06:45:00+00:00,M490,1,3.6280130488296627
2026-05-11 06:45:00+00:00,M786,81,3.162091438647817
2026-05-11 07:00:00+00:00,M490,1,3.6280130488296627
2026-05-11 07:05:00+00:00,M904,5,3.3151017642218727
2026-05-11 07:45:00+00:00,M490,1,3.6280130488296627
2026-05-11 07:50:00+00:00,M029,1,5.0761719056800665
2026-05-11 07:55:00+00:00,M104,4,3.5266457494405126
2026-05-11 08:00:00+00:00,M475,1,3.9861637392558062
2026-05-11 08:20:00+00:00,M841,4,3.3463180561446433
2026-05-11 08:35:00+00:00,M475,2,8.14384733546669
2026-05-11 08:50:00+00:00,M490,1,3.6280130488296627
2026-05-11 09:05:00+00:00,M475,1,3.9861637392558062
2026-05-11 09:30:00+00:00,M490,1,3.6280130488296627
2026-05-11 09:55:00+00:00,M904,7,5.05554677663606
2026-05-11 10:05:00+00:00,M609,17,3.2811646980712545
2026-05-11 10:50:00+00:00,M736,2,3.6390656569105078
2026-05-11 10:55:00+00:00,M104,5,4.6030491176475925
2026-05-11 10:55:00+00:00,M843,1,5.807053316353087
2026-05-11 11:00:00+00:00,M736,6,11.779126306806962
2026-05-11 11:55:00+00:00,M029,1,5.0761719056800665
2026-05-11 13:30:00+00:00,M843,1,5.807053316353087
2026-05-11 15:15:00+00:00,M490,1,3.6280130488296627
2026-05-11 16:00:00+00:00,M419,1,12.950858562770918
2026-05-11 17:15:00+00:00,M904,5,3.3151017642218727
2026-05-11 17:20:00+00:00,M736,2,3.6390656569105078
2026-05-11 17:25:00+00:00,M029,1,5.0761719056800665
2026-05-11 17:30:00+00:00,M475,1,3.9861637392558062
2026-05-11 17:35:00+00:00,M736,2,3.6390656569105078
2026-05-11 18:20:00+00:00,M037,5,16.22011946088532
2026-05-11 18:20:00+00:00,M841,6,5.368032258288379
2026-05-11 18:20:00+00:00,M855,70,38.85438130646195
2026-05-11 19:35:00+00:00,M029,1,5.0761719056800665
2026-05-11 20:35:00+00:00,M490,1,3.6280130488296627
2026-05-11 21:00:00+00:00,M419,1,12.950858562770918
2026-05-11 21:00:00+00:00,M490,1,3.6280130488296627
2026-05-11 21:15:00+00:00,M474,1,11.742331665439213
2026-05-11 21:20:00+00:00,M899,16,3.0714741890745785
2026-05-11 22:15:00+00:00,M736,2,3.6390656569105078
2026-05-11 22:15:00+00:00,M843,1,5.807053316353087
2026-05-11 22:35:00+00:00,M490,1,3.6280130488296627
2026-05-11 22:45:00+00:00,M490,1,3.6280130488296627
2026-05-11 22:50:00+00:00,M029,1,5.0761719056800665
2026-05-11 22:55:00+00:00,M490,1,3.6280130488296627
2026-05-11 23:00:00+00:00,M490,1,3.6280130488296627
2026-05-11 23:25:00+00:00,M490,1,3.6280130488296627
2026-05-11 23:55:00+00:00,M104,5,4.6030491176475925
2026-05-11 23:55:00+00:00,M609,20,4.143098354181757
2026-05-12 00:05:00+00:00,M609,19,3.8557871354782565
2026-05-12 00:30:00+00:00,M419,1,12.950858562770918
2026-05-12 00:35:00+00:00,M490,1,3.6280130488296627
2026-05-12 00:40:00+00:00,M490,1,3.6280130488296627
2026-05-12 01:05:00+00:00,M736,2,3.6390656569105078
2026-05-12 01:05:00+00:00,M965,40,3.1050928514109097
2026-05-12 02:10:00+00:00,M609,18,3.5684759167747555
2026-05-12 02:25:00+00:00,M609,18,3.5684759167747555
2026-05-12 03:05:00+00:00,M490,1,3.6280130488296627
2026-05-12 03:10:00+00:00,M490,1,3.6280130488296627
2026-05-12 03:30:00+00:00,M490,1,3.6280130488296627
2026-05-12 03:30:00+00:00,M609,21,4.4304095728852575
2026-05-12 03:30:00+00:00,M736,4,7.709095981858734
2026-05-12 03:35:00+00:00,M490,1,3.6280130488296627
2026-05-12 03:50:00+00:00,M609,17,3.2811646980712545
2026-05-12 03:55:00+00:00,M490,1,3.6280130488296627
2026-05-12 04:05:00+00:00,M029,1,5.0761719056800665
2026-05-12 04:05:00+00:00,M609,18,3.5684759167747555
2026-05-12 04:10:00+00:00,M029,1,5.0761719056800665
2026-05-12 04:10:00+00:00,M609,17,3.2811646980712545
2026-05-12 04:20:00+00:00,M609,21,4.4304095728852575
2026-05-12 04:30:00+00:00,M609,18,3.5684759167747555
2026-05-12 04:30:00+00:00,M843,1,5.807053316353087
2026-05-12 04:50:00+00:00,M736,2,3.6390656569105078
2026-05-12 05:30:00+00:00,M904,5,3.3151017642218727
2026-05-12 05:35:00+00:00,M843,1,5.807053316353087
2026-05-12 06:00:00+00:00,M490,1,3.6280130488296627
2026-05-12 06:30:00+00:00,M609,19,3.8557871354782565
2026-05-12 07:05:00+00:00,M475,1,3.9861637392558062
2026-05-12 07:05:00+00:00,M490,1,3.6280130488296627
2026-05-12 07:05:00+00:00,M736,2,3.6390656569105078
2026-05-12 07:10:00+00:00,M736,2,3.6390656569105078
2026-05-12 07:20:00+00:00,M164,1,8.28702251171813
2026-05-12 07:55:00+00:00,M336,1,9.86959171074772
2026-05-12 07:55:00+00:00,M779,27,13.29709196315853
2026-05-12 08:00:00+00:00,M490,1,3.6280130488296627
2026-05-12 08:10:00+00:00,M965,46,3.8457974962385086
2026-05-12 08:15:00+00:00,M475,1,3.9861637392558062
2026-05-12 08:25:00+00:00,M904,5,3.3151017642218727
2026-05-12 08:50:00+00:00,M965,50,4.339600592790241
2026-05-12 09:10:00+00:00,M164,3,24.985546152723938
2026-05-12 09:15:00+00:00,M475,1,3.9861637392558062
2026-05-12 09:20:00+00:00,M490,1,3.6280130488296627
2026-05-12 09:20:00+00:00,M609,19,3.8557871354782565
2026-05-12 09:30:00+00:00,M736,2,3.6390656569105078
2026-05-12 09:55:00+00:00,M474,1,11.742331665439213
2026-05-12 09:55:00+00:00,M475,1,3.9861637392558062
2026-05-12 10:15:00+00:00,M490,1,3.6280130488296627
2026-05-12 10:35:00+00:00,M419,1,12.950858562770918
2026-05-12 10:45:00+00:00,M490,1,3.6280130488296627
2026-05-12 10:55:00+00:00,M490,1,3.6280130488296627
2026-05-12 10:55:00+00:00,M516,10,5.60495119336208
2026-05-12 11:30:00+00:00,M490,1,3.6280130488296627
2026-05-12 11:30:00+00:00,M779,9,3.996262208224016
2026-05-12 11:40:00+00:00,M490,1,3.6280130488296627
2026-05-12 13:20:00+00:00,M490,1,3.6280130488296627
2026-05-12 13:30:00+00:00,M490,1,3.6280130488296627
2026-05-12 13:40:00+00:00,M490,1,3.6280130488296627
2026-05-12 13:45:00+00:00,M490,1,3.6280130488296627
2026-05-12 13:55:00+00:00,M843,1,5.807053316353087
2026-05-12 14:40:00+00:00,M490,1,3.6280130488296627
2026-05-12 15:30:00+00:00,M490,1,3.6280130488296627
2026-05-12 15:40:00+00:00,M474,1,11.742331665439213
2026-05-12 16:05:00+00:00,M185,172,10.98231857879314
2026-05-12 18:00:00+00:00,M419,1,12.950858562770918
2026-05-12 18:20:00+00:00,M609,17,3.2811646980712545
2026-05-12 18:30:00+00:00,M609,17,3.2811646980712545
2026-05-12 19:00:00+00:00,M490,1,3.6280130488296627
2026-05-12 19:05:00+00:00,M904,5,3.3151017642218727
2026-05-12 19:20:00+00:00,M490,1,3.6280130488296627
2026-05-12 19:30:00+00:00,M609,22,4.717720791588759
2026-05-12 19:40:00+00:00,M490,1,3.6280130488296627
2026-05-12 19:55:00+00:00,M490,1,3.6280130488296627
2026-05-12 20:30:00+00:00,M104,4,3.5266457494405126
2026-05-12 20:30:00+00:00,M609,18,3.5684759167747555
2026-05-12 20:45:00+00:00,M609,20,4.143098354181757
2026-05-12 21:10:00+00:00,M516,6,3.1541831310751034
2026-05-12 21:10:00+00:00,M609,19,3.8557871354782565
2026-05-12 21:30:00+00:00,M475,1,3.9861637392558062
2026-05-12 21:30:00+00:00,M490,1,3.6280130488296627
2026-05-12 21:40:00+00:00,M609,20,4.143098354181757
2026-05-12 21:45:00+00:00,M490,2,7.487149293327246
2026-05-12 21:50:00+00:00,M904,5,3.3151017642218727
2026-05-12 21:55:00+00:00,M609,26,5.866965666402762
2026-05-12 22:00:00+00:00,M609,20,4.143098354181757
2026-05-12 22:05:00+00:00,M609,19,3.8557871354782565
2026-05-12 22:05:00+00:00,M843,1,5.807053316353087
2026-05-12 22:10:00+00:00,M475,1,3.9861637392558062
2026-05-12 22:25:00+00:00,M609,17,3.2811646980712545
2026-05-12 22:30:00+00:00,M029,1,5.0761719056800665
2026-05-12 22:50:00+00:00,M609,18,3.5684759167747555
2026-05-12 22:55:00+00:00,M609,17,3.2811646980712545
2026-05-12 23:05:00+00:00,M609,22,4.717720791588759
2026-05-12 23:20:00+00:00,M029,1,5.0761719056800665
2026-05-12 23:20:00+00:00,M490,1,3.6280130488296627
2026-05-12 23:25:00+00:00,M474,1,11.742331665439213
2026-05-12 23:25:00+00:00,M609,18,3.5684759167747555
2026-05-12 23:35:00+00:00,M609,24,5.29234322899576
2026-05-12 23:45:00+00:00,M965,40,3.1050928514109097
2026-05-12 23:50:00+00:00,M609,19,3.8557871354782565
2026-05-13 00:00:00+00:00,M609,17,3.2811646980712545
2026-05-13 00:25:00+00:00,M265,30,3.3616029284754383
2026-05-13 00:30:00+00:00,M490,1,3.6280130488296627
2026-05-13 00:30:00+00:00,M965,47,3.9692482703764416
2026-05-13 00:35:00+00:00,M336,1,9.86959171074772
2026-05-13 00:40:00+00:00,M490,1,3.6280130488296627
2026-05-13 00:45:00+00:00,M265,28,3.0411736632162842
2026-05-13 00:45:00+00:00,M609,22,4.717720791588759
2026-05-13 00:55:00+00:00,M265,28,3.0411736632162842
2026-05-13 01:10:00+00:00,M029,1,5.0761719056800665
2026-05-13 01:15:00+00:00,M904,5,3.3151017642218727
2026-05-13 01:30:00+00:00,M475,1,3.9861637392558062
2026-05-13 01:35:00+00:00,M265,28,3.0411736632162842
2026-05-13 01:35:00+00:00,M475,1,3.9861637392558062
2026-05-13 01:35:00+00:00,M609,19,3.8557871354782565
2026-05-13 01:40:00+00:00,M609,17,3.2811646980712545
2026-05-13 01:45:00+00:00,M490,1,3.6280130488296627
2026-05-13 01:50:00+00:00,M490,1,3.6280130488296627
2026-05-13 01:50:00+00:00,M609,17,3.2811646980712545
2026-05-13 02:05:00+00:00,M164,2,16.636284332221035
2026-05-13 02:10:00+00:00,M490,1,3.6280130488296627
2026-05-13 02:10:00+00:00,M843,1,5.807053316353087
2026-05-13 02:15:00+00:00,M474,1,11.742331665439213
2026-05-13 02:15:00+00:00,M609,17,3.2811646980712545
2026-05-13 02:20:00+00:00,M164,1,8.28702251171813
2026-05-13 02:20:00+00:00,M609,22,4.717720791588759
2026-05-13 02:20:00+00:00,M658,75,3.1471895499675737
2026-05-13 02:25:00+00:00,M164,1,8.28702251171813
2026-05-13 02:25:00+00:00,M609,19,3.8557871354782565
2026-05-13 02:30:00+00:00,M609,19,3.8557871354782565
2026-05-13 02:35:00+00:00,M609,25,5.5796544476992604
2026-05-13 03:00:00+00:00,M609,17,3.2811646980712545
2026-05-13 03:15:00+00:00,M609,20,4.143098354181757
2026-05-13 03:15:00+00:00,M843,1,5.807053316353087
2026-05-13 03:20:00+00:00,M609,18,3.5684759167747555
2026-05-13 03:20:00+00:00,M843,1,5.807053316353087
2026-05-13 03:25:00+00:00,M843,1,5.807053316353087
2026-05-13 03:45:00+00:00,M475,2,8.14384733546669
2026-05-13 03:45:00+00:00,M609,17,3.2811646980712545
2026-05-13 03:55:00+00:00,M609,17,3.2811646980712545
2026-05-13 04:05:00+00:00,M029,1,5.0761719056800665
2026-05-13 04:10:00+00:00,M609,17,3.2811646980712545
2026-05-13 04:15:00+00:00,M164,2,16.636284332221035
2026-05-13 04:20:00+00:00,M609,19,3.8557871354782565
2026-05-13 04:50:00+00:00,M904,5,3.3151017642218727
2026-05-13 05:05:00+00:00,M475,1,3.9861637392558062
2026-05-13 05:10:00+00:00,M609,17,3.2811646980712545
2026-05-13 05:15:00+00:00,M475,1,3.9861637392558062
2026-05-13 05:20:00+00:00,M475,1,3.9861637392558062
2026-05-13 05:25:00+00:00,M475,1,3.9861637392558062
2026-05-13 05:30:00+00:00,M475,1,3.9861637392558062
2026-05-13 05:35:00+00:00,M609,18,3.5684759167747555
2026-05-13 05:40:00+00:00,M609,18,3.5684759167747555
2026-05-13 05:40:00+00:00,M736,2,3.6390656569105078
2026-05-13 05:45:00+00:00,M609,19,3.8557871354782565
2026-05-13 05:50:00+00:00,M736,2,3.6390656569105078
2026-05-13 06:10:00+00:00,M609,17,3.2811646980712545
2026-05-13 06:15:00+00:00,M609,17,3.2811646980712545
2026-05-13 06:20:00+00:00,M490,1,3.6280130488296627
2026-05-13 06:25:00+00:00,M904,5,3.3151017642218727
2026-05-13 06:40:00+00:00,M490,1,3.6280130488296627
2026-05-13 06:40:00+00:00,M609,22,4.717720791588759
2026-05-13 06:45:00+00:00,M904,5,3.3151017642218727
2026-05-13 06:50:00+00:00,M490,1,3.6280130488296627
2026-05-13 07:05:00+00:00,M490,1,3.6280130488296627
2026-05-13 07:10:00+00:00,M164,1,8.28702251171813
2026-05-13 07:15:00+00:00,M164,1,8.28702251171813
2026-05-13 07:15:00+00:00,M529,16,5.105005225751905
2026-05-13 07:25:00+00:00,M490,1,3.6280130488296627
2026-05-13 07:25:00+00:00,M904,5,3.3151017642218727
2026-05-13 07:30:00+00:00,M474,1,11.742331665439213
2026-05-13 07:40:00+00:00,M164,1,8.28702251171813
2026-05-13 07:45:00+00:00,M475,1,3.9861637392558062
2026-05-13 07:50:00+00:00,M475,2,8.14384733546669
2026-05-13 07:50:00+00:00,M490,1,3.6280130488296627
2026-05-13 07:55:00+00:00,M609,22,4.717720791588759
2026-05-13 08:10:00+00:00,M609,19,3.8557871354782565
2026-05-13 08:15:00+00:00,M475,1,3.9861637392558062
2026-05-13 08:15:00+00:00,M609,23,5.005032010292259
2026-05-13 08:30:00+00:00,M609,19,3.8557871354782565
2026-05-13 08:35:00+00:00,M475,1,3.9861637392558062
2026-05-13 08:50:00+00:00,M609,19,3.8557871354782565
2026-05-13 09:05:00+00:00,M475,1,3.9861637392558062
2026-05-13 09:10:00+00:00,M609,20,4.143098354181757
2026-05-13 09:20:00+00:00,M609,21,4.4304095728852575
2026-05-13 09:20:00+00:00,M736,2,3.6390656569105078
2026-05-13 09:20:00+00:00,M904,6,4.185324270428966
2026-05-13 09:35:00+00:00,M104,4,3.5266457494405126
2026-05-13 09:45:00+00:00,M104,5,4.6030491176475925
2026-05-13 09:50:00+00:00,M609,17,3.2811646980712545
2026-05-13 09:55:00+00:00,M609,24,5.29234322899576
2026-05-13 10:05:00+00:00,M609,18,3.5684759167747555
2026-05-13 10:10:00+00:00,M609,31,7.303521759920265
2026-05-13 10:10:00+00:00,M736,2,3.6390656569105078
2026-05-13 10:10:00+00:00,M841,4,3.3463180561446433
2026-05-13 10:15:00+00:00,M609,17,3.2811646980712545
2026-05-13 10:20:00+00:00,M490,1,3.6280130488296627
2026-05-13 10:30:00+00:00,M609,18,3.5684759167747555
2026-05-13 10:45:00+00:00,M490,1,3.6280130488296627
2026-05-13 10:50:00+00:00,M490,1,3.6280130488296627
2026-05-13 11:10:00+00:00,M736,2,3.6390656569105078
2026-05-13 11:15:00+00:00,M965,42,3.351994399686776
2026-05-13 11:20:00+00:00,M779,8,3.4795494440609875
2026-05-13 11:30:00+00:00,M609,19,3.8557871354782565
2026-05-13 11:55:00+00:00,M490,1,3.6280130488296627
2026-05-13 11:55:00+00:00,M965,47,3.9692482703764416
2026-05-13 12:00:00+00:00,M843,1,5.807053316353087
2026-05-13 12:05:00+00:00,M475,1,3.9861637392558062
2026-05-13 12:15:00+00:00,M475,1,3.9861637392558062
2026-05-13 12:55:00+00:00,M475,1,3.9861637392558062
2026-05-13 13:05:00+00:00,M490,1,3.6280130488296627
2026-05-13 13:05:00+00:00,M736,2,3.6390656569105078
2026-05-13 14:40:00+00:00,M965,40,3.1050928514109097
2026-05-13 14:50:00+00:00,M490,1,3.6280130488296627
2026-05-13 15:05:00+00:00,M475,1,3.9861637392558062
2026-05-13 15:30:00+00:00,M841,4,3.3463180561446433
2026-05-13 16:40:00+00:00,M899,16,3.0714741890745785
2026-05-13 17:05:00+00:00,M490,1,3.6280130488296627
2026-05-13 17:25:00+00:00,M037,4,12.97108647083287
2026-05-13 17:25:00+00:00,M185,101,4.788705899116676
2026-05-13 17:25:00+00:00,M855,43,23.856892673979985
2026-05-13 17:55:00+00:00,M841,5,4.357175157216511
2026-05-13 18:00:00+00:00,M029,1,5.0761719056800665
2026-05-13 18:20:00+00:00,M841,5,4.357175157216511
2026-05-13 18:30:00+00:00,M841,5,4.357175157216511
2026-05-13 18:50:00+00:00,M037,6,19.469152450937774
2026-05-13 18:50:00+00:00,M855,58,32.18883080313664
2026-05-13 19:10:00+00:00,M965,51,4.463051366928174
2026-05-13 19:20:00+00:00,M475,1,3.9861637392558062
2026-05-13 19:25:00+00:00,M490,1,3.6280130488296627
2026-05-13 19:50:00+00:00,M965,41,3.228543625548843
2026-05-13 20:30:00+00:00,M516,8,4.379567162218591
2026-05-13 20:30:00+00:00,M841,6,5.368032258288379
2026-05-13 20:40:00+00:00,M516,7,3.7668751466468473
2026-05-13 21:00:00+00:00,M104,4,3.5266457494405126
2026-05-13 21:00:00+00:00,M475,1,3.9861637392558062
2026-05-13 21:05:00+00:00,M336,1,9.86959171074772
2026-05-13 21:10:00+00:00,M841,4,3.3463180561446433
2026-05-13 21:45:00+00:00,M029,1,5.0761719056800665
2026-05-13 22:00:00+00:00,M265,32,3.682032193734592
2026-05-13 22:00:00+00:00,M490,1,3.6280130488296627
2026-05-13 22:10:00+00:00,M965,44,3.5988959479626423
2026-05-13 22:15:00+00:00,M265,33,3.842246826364169
2026-05-13 22:25:00+00:00,M841,4,3.3463180561446433
2026-05-13 22:35:00+00:00,M419,2,25.956803720874763
2026-05-13 22:35:00+00:00,M965,45,3.7223467221005757
2026-05-13 22:45:00+00:00,M841,4,3.3463180561446433
2026-05-13 22:50:00+00:00,M841,5,4.357175157216511
2026-05-13 22:50:00+00:00,M965,43,3.4754451738247094
2026-05-13 23:00:00+00:00,M490,1,3.6280130488296627
2026-05-13 23:05:00+00:00,M736,2,3.6390656569105078
2026-05-13 23:15:00+00:00,M965,51,4.463051366928174
2026-05-13 23:25:00+00:00,M965,40,3.1050928514109097
2026-05-13 23:40:00+00:00,M475,1,3.9861637392558062
2026-05-13 23:40:00+00:00,M965,43,3.4754451738247094
2026-05-14 00:20:00+00:00,M475,1,3.9861637392558062
2026-05-14 00:20:00+00:00,M736,2,3.6390656569105078
2026-05-14 00:50:00+00:00,M104,7,6.755855854061753
2026-05-14 01:00:00+00:00,M843,1,5.807053316353087
2026-05-14 01:05:00+00:00,M029,1,5.0761719056800665
2026-05-14 01:10:00+00:00,M475,1,3.9861637392558062
2026-05-14 01:15:00+00:00,M378,82,3.5050325819485306
2026-05-14 01:15:00+00:00,M658,80,3.541161430248364
2026-05-14 01:15:00+00:00,M786,84,3.3668506385566004
2026-05-14 01:35:00+00:00,M736,3,5.674080819384621
2026-05-14 01:50:00+00:00,M336,1,9.86959171074772
2026-05-14 01:50:00+00:00,M490,1,3.6280130488296627
2026-05-14 01:55:00+00:00,M490,1,3.6280130488296627
2026-05-14 02:45:00+00:00,M336,1,9.86959171074772
2026-05-14 03:00:00+00:00,M104,6,5.679452485854673
2026-05-14 03:05:00+00:00,M609,18,3.5684759167747555
2026-05-14 03:25:00+00:00,M336,1,9.86959171074772
2026-05-14 03:25:00+00:00,M378,81,3.4298932339374706
2026-05-14 03:25:00+00:00,M658,79,3.462367054192206
2026-05-14 03:25:00+00:00,M786,82,3.2303445052840782
2026-05-14 03:45:00+00:00,M841,5,4.357175157216511
2026-05-14 04:05:00+00:00,M474,1,11.742331665439213
2026-05-14 04:05:00+00:00,M609,17,3.2811646980712545
2026-05-14 04:10:00+00:00,M104,4,3.5266457494405126
2026-05-14 04:10:00+00:00,M265,28,3.0411736632162842
2026-05-14 04:10:00+00:00,M843,1,5.807053316353087
2026-05-14 04:25:00+00:00,M419,1,12.950858562770918
2026-05-14 04:35:00+00:00,M490,1,3.6280130488296627
2026-05-14 05:25:00+00:00,M490,1,3.6280130488296627
2026-05-14 05:30:00+00:00,M609,17,3.2811646980712545
2026-05-14 05:40:00+00:00,M475,1,3.9861637392558062
2026-05-14 05:45:00+00:00,M736,2,3.6390656569105078
2026-05-14 06:00:00+00:00,M378,77,3.1293358418932304
2026-05-14 06:00:00+00:00,M658,77,3.3047783020798898
2026-05-14 06:10:00+00:00,M474,1,11.742331665439213
2026-05-14 06:20:00+00:00,M336,1,9.86959171074772
2026-05-14 06:25:00+00:00,M378,92,4.2564260620591305
2026-05-14 06:25:00+00:00,M658,91,4.407899566866101
2026-05-14 06:25:00+00:00,M786,94,4.049381304919212
2026-05-14 06:30:00+00:00,M378,105,5.23323758620291
2026-05-14 06:30:00+00:00,M658,105,5.511020831652313
2026-05-14 06:30:00+00:00,M786,109,5.073177304463129
2026-05-14 06:35:00+00:00,M378,79,3.2796145379153505
2026-05-14 06:35:00+00:00,M658,79,3.462367054192206
2026-05-14 06:35:00+00:00,M786,79,3.025585305375295
2026-05-14 06:40:00+00:00,M378,87,3.880729322003831
2026-05-14 06:40:00+00:00,M658,87,4.092722062641469
2026-05-14 06:40:00+00:00,M786,90,3.7763690383741673
2026-05-14 06:45:00+00:00,M378,84,3.6553112779706507
2026-05-14 06:45:00+00:00,M658,84,3.8563389344729955
2026-05-14 06:45:00+00:00,M786,84,3.3668506385566004
2026-05-14 06:50:00+00:00,M378,76,3.054196493882171
2026-05-14 06:50:00+00:00,M658,75,3.1471895499675737
2026-05-14 06:50:00+00:00,M736,2,3.6390656569105078
2026-05-14 06:55:00+00:00,M843,1,5.807053316353087
2026-05-14 07:10:00+00:00,M658,74,3.0683951739114157
2026-05-14 08:10:00+00:00,M265,30,3.3616029284754383
2026-05-14 08:15:00+00:00,M265,28,3.0411736632162842
2026-05-14 08:30:00+00:00,M843,1,5.807053316353087
2026-05-14 08:35:00+00:00,M378,84,3.6553112779706507
2026-05-14 08:35:00+00:00,M475,1,3.9861637392558062
2026-05-14 08:35:00+00:00,M658,84,3.8563389344729955
2026-05-14 08:35:00+00:00,M786,85,3.4351037051928617
2026-05-14 08:55:00+00:00,M904,5,3.3151017642218727
2026-05-14 09:00:00+00:00,M843,1,5.807053316353087
2026-05-14 09:25:00+00:00,M164,3,24.985546152723938
2026-05-14 10:30:00+00:00,M490,1,3.6280130488296627
2026-05-14 10:30:00+00:00,M516,6,3.1541831310751034
2026-05-14 10:35:00+00:00,M490,1,3.6280130488296627
2026-05-14 10:55:00+00:00,M474,1,11.742331665439213
2026-05-14 11:10:00+00:00,M736,3,5.674080819384621
2026-05-14 11:50:00+00:00,M736,2,3.6390656569105078
2026-05-14 12:05:00+00:00,M736,2,3.6390656569105078
2026-05-14 12:25:00+00:00,M904,5,3.3151017642218727
2026-05-14 12:30:00+00:00,M843,1,5.807053316353087
2026-05-14 12:55:00+00:00,M185,94,4.1780680292894194
2026-05-14 12:55:00+00:00,M843,1,5.807053316353087
2026-05-14 13:05:00+00:00,M490,1,3.6280130488296627
2026-05-14 13:05:00+00:00,M904,5,3.3151017642218727
2026-05-14 13:35:00+00:00,M516,6,3.1541831310751034
2026-05-14 13:35:00+00:00,M736,3,5.674080819384621
2026-05-14 13:45:00+00:00,M265,29,3.2013882958458613
2026-05-14 13:45:00+00:00,M843,1,5.807053316353087
2026-05-14 14:00:00+00:00,M516,10,5.60495119336208
2026-05-14 14:05:00+00:00,M104,4,3.5266457494405126
2026-05-14 14:05:00+00:00,M516,23,13.56994739579475
2026-05-14 14:10:00+00:00,M029,1,5.0761719056800665
2026-05-14 14:10:00+00:00,M516,15,8.6684112712208
2026-05-14 14:15:00+00:00,M516,18,10.506487317936031
2026-05-14 14:20:00+00:00,M516,13,7.443027240077312
2026-05-14 14:25:00+00:00,M029,1,5.0761719056800665
2026-05-14 14:25:00+00:00,M516,17,9.893795302364287
2026-05-14 14:30:00+00:00,M516,7,3.7668751466468473
2026-05-14 14:30:00+00:00,M779,11,5.029687736550073
2026-05-14 14:35:00+00:00,M516,6,3.1541831310751034
2026-05-14 14:50:00+00:00,M516,6,3.1541831310751034
2026-05-14 15:05:00+00:00,M185,95,4.265302010693313
2026-05-14 15:20:00+00:00,M029,2,10.280636848059187
2026-05-14 15:20:00+00:00,M336,1,9.86959171074772
2026-05-14 15:20:00+00:00,M475,1,3.9861637392558062
2026-05-14 15:55:00+00:00,M490,1,3.6280130488296627
2026-05-14 16:00:00+00:00,M419,1,12.950858562770918
2026-05-14 16:55:00+00:00,M843,1,5.807053316353087
2026-05-14 17:05:00+00:00,M516,6,3.1541831310751034
2026-05-14 18:30:00+00:00,M475,1,3.9861637392558062
2026-05-14 20:45:00+00:00,M736,2,3.6390656569105078
2026-05-14 20:55:00+00:00,M490,1,3.6280130488296627
2026-05-14 21:30:00+00:00,M490,1,3.6280130488296627
2026-05-14 21:40:00+00:00,M490,1,3.6280130488296627
2026-05-14 21:45:00+00:00,M475,1,3.9861637392558062
2026-05-14 21:45:00+00:00,M516,7,3.7668751466468473
2026-05-14 22:00:00+00:00,M490,1,3.6280130488296627
2026-05-14 22:05:00+00:00,M104,4,3.5266457494405126
2026-05-14 22:20:00+00:00,M490,1,3.6280130488296627
2026-05-14 22:25:00+00:00,M490,1,3.6280130488296627
2026-05-14 22:40:00+00:00,M490,1,3.6280130488296627
2026-05-14 23:10:00+00:00,M736,2,3.6390656569105078
2026-05-15 00:40:00+00:00,M965,47,3.9692482703764416
2026-05-15 00:55:00+00:00,M490,1,3.6280130488296627
2026-05-15 01:05:00+00:00,M841,4,3.3463180561446433
2026-05-15 01:20:00+00:00,M336,1,9.86959171074772
2026-05-15 01:30:00+00:00,M336,1,9.86959171074772
2026-05-15 01:30:00+00:00,M490,1,3.6280130488296627
2026-05-15 01:35:00+00:00,M843,1,5.807053316353087
2026-05-15 01:50:00+00:00,M490,1,3.6280130488296627
2026-05-15 02:40:00+00:00,M736,2,3.6390656569105078
2026-05-15 02:45:00+00:00,M490,1,3.6280130488296627
2026-05-15 03:05:00+00:00,M164,1,8.28702251171813
2026-05-15 03:10:00+00:00,M490,2,7.487149293327246
2026-05-15 03:30:00+00:00,M378,88,3.955868670014891
2026-05-15 03:30:00+00:00,M658,87,4.092722062641469
2026-05-15 03:30:00+00:00,M786,88,3.639862905101645
2026-05-15 03:35:00+00:00,M378,85,3.7304506259817107
2026-05-15 03:35:00+00:00,M658,85,3.9351333105291535
2026-05-15 03:35:00+00:00,M786,85,3.4351037051928617
2026-05-15 03:40:00+00:00,M378,81,3.4298932339374706
2026-05-15 03:40:00+00:00,M658,81,3.6199558063045214
2026-05-15 03:40:00+00:00,M786,80,3.093838372011556
2026-05-15 03:55:00+00:00,M965,57,5.203756011755773
2026-05-15 04:30:00+00:00,M490,1,3.6280130488296627
2026-05-15 04:40:00+00:00,M736,2,3.6390656569105078
2026-05-15 04:50:00+00:00,M490,1,3.6280130488296627
2026-05-15 05:00:00+00:00,M490,1,3.6280130488296627
2026-05-15 05:35:00+00:00,M516,9,4.992259177790335
2026-05-15 05:40:00+00:00,M104,4,3.5266457494405126
2026-05-15 06:00:00+00:00,M378,77,3.1293358418932304
2026-05-15 06:00:00+00:00,M658,77,3.3047783020798898
2026-05-15 06:00:00+00:00,M786,81,3.162091438647817
2026-05-15 06:20:00+00:00,M779,27,13.29709196315853
2026-05-15 06:40:00+00:00,M490,1,3.6280130488296627
2026-05-15 07:05:00+00:00,M904,5,3.3151017642218727
2026-05-15 07:05:00+00:00,M965,40,3.1050928514109097
2026-05-15 08:00:00+00:00,M736,2,3.6390656569105078
2026-05-15 08:05:00+00:00,M265,32,3.682032193734592
2026-05-15 08:15:00+00:00,M185,85,3.3929621966543744
2026-05-15 08:30:00+00:00,M843,1,5.807053316353087
2026-05-15 09:30:00+00:00,M490,1,3.6280130488296627
2026-05-15 10:35:00+00:00,M336,1,9.86959171074772
2026-05-15 11:00:00+00:00,M904,7,5.05554677663606
2026-05-15 11:25:00+00:00,M490,1,3.6280130488296627
2026-05-15 11:55:00+00:00,M516,6,3.1541831310751034
2026-05-15 12:00:00+00:00,M419,1,12.950858562770918
2026-05-15 12:00:00+00:00,M516,6,3.1541831310751034
2026-05-15 12:05:00+00:00,M516,7,3.7668751466468473
2026-05-15 12:20:00+00:00,M490,1,3.6280130488296627
2026-05-15 12:25:00+00:00,M336,1,9.86959171074772
2026-05-15 12:25:00+00:00,M474,1,11.742331665439213
2026-05-15 12:25:00+00:00,M490,2,7.487149293327246
2026-05-15 12:25:00+00:00,M516,11,6.217643208933824
2026-05-15 12:30:00+00:00,M516,17,9.893795302364287
2026-05-15 12:35:00+00:00,M516,17,9.893795302364287
2026-05-15 12:50:00+00:00,M490,1,3.6280130488296627
2026-05-15 13:45:00+00:00,M843,1,5.807053316353087
2026-05-15 14:25:00+00:00,M904,6,4.185324270428966
2026-05-15 14:30:00+00:00,M490,1,3.6280130488296627
2026-05-15 15:15:00+00:00,M029,1,5.0761719056800665
2026-05-15 16:05:00+00:00,M904,5,3.3151017642218727
2026-05-15 16:25:00+00:00,M474,1,11.742331665439213
2026-05-15 16:40:00+00:00,M490,1,3.6280130488296627
2026-05-15 17:20:00+00:00,M029,1,5.0761719056800665
2026-05-15 17:35:00+00:00,M843,1,5.807053316353087
2026-05-15 18:10:00+00:00,M490,1,3.6280130488296627
2026-05-15 18:55:00+00:00,M474,1,11.742331665439213
2026-05-15 19:05:00+00:00,M490,1,3.6280130488296627
2026-05-15 19:15:00+00:00,M516,6,3.1541831310751034
2026-05-15 19:25:00+00:00,M841,4,3.3463180561446433
2026-05-15 20:25:00+00:00,M490,1,3.6280130488296627
2026-05-15 20:55:00+00:00,M490,1,3.6280130488296627
2026-05-15 21:05:00+00:00,M490,1,3.6280130488296627
2026-05-15 21:10:00+00:00,M490,1,3.6280130488296627
2026-05-15 21:15:00+00:00,M029,1,5.0761719056800665
2026-05-15 21:15:00+00:00,M490,1,3.6280130488296627
2026-05-15 21:30:00+00:00,M841,4,3.3463180561446433
2026-05-15 22:40:00+00:00,M516,6,3.1541831310751034
2026-05-15 23:35:00+00:00,M490,1,3.6280130488296627
2026-05-15 23:45:00+00:00,M474,1,11.742331665439213
2026-05-16 00:25:00+00:00,M336,1,9.86959171074772
2026-05-16 00:30:00+00:00,M843,1,5.807053316353087
2026-05-16 00:35:00+00:00,M516,6,3.1541831310751034
2026-05-16 00:50:00+00:00,M841,4,3.3463180561446433
2026-05-16 00:55:00+00:00,M490,1,3.6280130488296627
2026-05-16 01:15:00+00:00,M490,1,3.6280130488296627
2026-05-16 01:45:00+00:00,M841,4,3.3463180561446433
2026-05-16 02:05:00+00:00,M029,1,5.0761719056800665
2026-05-16 02:10:00+00:00,M029,1,5.0761719056800665
2026-05-16 02:10:00+00:00,M899,16,3.0714741890745785
2026-05-16 02:15:00+00:00,M490,2,7.487149293327246
2026-05-16 02:40:00+00:00,M475,1,3.9861637392558062
2026-05-16 02:50:00+00:00,M475,1,3.9861637392558062
2026-05-16 02:55:00+00:00,M843,1,5.807053316353087
2026-05-16 03:05:00+00:00,M736,2,3.6390656569105078
2026-05-16 03:10:00+00:00,M336,1,9.86959171074772
2026-05-16 03:25:00+00:00,M104,4,3.5266457494405126
2026-05-16 03:40:00+00:00,M904,5,3.3151017642218727
2026-05-16 03:50:00+00:00,M029,1,5.0761719056800665
2026-05-16 04:15:00+00:00,M490,1,3.6280130488296627
2026-05-16 04:15:00+00:00,M779,91,46.366708869592365
2026-05-16 04:15:00+00:00,M786,149,7.803299969913573
2026-05-16 04:25:00+00:00,M841,5,4.357175157216511
2026-05-16 04:40:00+00:00,M841,4,3.3463180561446433
2026-05-16 05:10:00+00:00,M899,16,3.0714741890745785
2026-05-16 05:20:00+00:00,M899,17,3.351564049581209
2026-05-16 05:30:00+00:00,M029,1,5.0761719056800665
2026-05-16 05:30:00+00:00,M336,1,9.86959171074772
2026-05-16 05:35:00+00:00,M736,2,3.6390656569105078
2026-05-16 05:55:00+00:00,M475,1,3.9861637392558062
2026-05-16 06:00:00+00:00,M104,4,3.5266457494405126
2026-05-16 06:00:00+00:00,M475,1,3.9861637392558062
2026-05-16 06:00:00+00:00,M490,1,3.6280130488296627
2026-05-16 06:00:00+00:00,M899,20,4.191833631101102
2026-05-16 06:05:00+00:00,M029,1,5.0761719056800665
2026-05-16 06:35:00+00:00,M490,1,3.6280130488296627
2026-05-16 06:40:00+00:00,M378,79,3.2796145379153505
2026-05-16 06:40:00+00:00,M658,79,3.462367054192206
2026-05-16 07:05:00+00:00,M104,4,3.5266457494405126
2026-05-16 07:10:00+00:00,M658,74,3.0683951739114157
2026-05-16 07:25:00+00:00,M475,1,3.9861637392558062
2026-05-16 07:30:00+00:00,M475,1,3.9861637392558062
2026-05-16 07:30:00+00:00,M658,75,3.1471895499675737
2026-05-16 08:10:00+00:00,M841,4,3.3463180561446433
2026-05-16 08:35:00+00:00,M899,17,3.351564049581209
2026-05-16 08:45:00+00:00,M265,30,3.3616029284754383
2026-05-16 08:50:00+00:00,M736,2,3.6390656569105078
2026-05-16 09:00:00+00:00,M904,5,3.3151017642218727
2026-05-16 09:05:00+00:00,M490,1,3.6280130488296627
2026-05-16 09:10:00+00:00,M736,2,3.6390656569105078
2026-05-16 09:20:00+00:00,M899,18,3.63165391008784
2026-05-16 09:25:00+00:00,M164,1,8.28702251171813
2026-05-16 09:45:00+00:00,M490,1,3.6280130488296627
2026-05-16 09:50:00+00:00,M899,17,3.351564049581209
2026-05-16 10:55:00+00:00,M899,17,3.351564049581209
2026-05-16 11:00:00+00:00,M904,5,3.3151017642218727
2026-05-16 11:10:00+00:00,M899,16,3.0714741890745785
2026-05-16 11:15:00+00:00,M736,2,3.6390656569105078
2026-05-16 11:15:00+00:00,M899,16,3.0714741890745785
2026-05-16 11:30:00+00:00,M185,81,3.044026271038799
2026-05-16 11:35:00+00:00,M904,5,3.3151017642218727
2026-05-16 11:50:00+00:00,M490,1,3.6280130488296627
2026-05-16 11:50:00+00:00,M841,4,3.3463180561446433
2026-05-16 11:55:00+00:00,M736,2,3.6390656569105078
2026-05-16 12:10:00+00:00,M899,16,3.0714741890745785
2026-05-16 12:20:00+00:00,M475,1,3.9861637392558062
2026-05-16 12:50:00+00:00,M899,16,3.0714741890745785
2026-05-16 13:20:00+00:00,M736,2,3.6390656569105078
2026-05-16 13:20:00+00:00,M899,16,3.0714741890745785
2026-05-16 13:25:00+00:00,M899,17,3.351564049581209
2026-05-16 13:55:00+00:00,M029,1,5.0761719056800665
2026-05-16 14:05:00+00:00,M736,2,3.6390656569105078
2026-05-16 14:10:00+00:00,M736,2,3.6390656569105078
2026-05-16 14:15:00+00:00,M899,16,3.0714741890745785
2026-05-16 14:40:00+00:00,M899,21,4.471923491607733
2026-05-16 14:55:00+00:00,M490,1,3.6280130488296627
2026-05-16 15:15:00+00:00,M475,1,3.9861637392558062
2026-05-16 15:30:00+00:00,M899,17,3.351564049581209
2026-05-16 15:35:00+00:00,M841,4,3.3463180561446433
2026-05-16 15:40:00+00:00,M899,16,3.0714741890745785
2026-05-16 15:50:00+00:00,M490,1,3.6280130488296627
2026-05-16 16:10:00+00:00,M899,17,3.351564049581209
2026-05-16 16:20:00+00:00,M899,17,3.351564049581209
2026-05-16 17:35:00+00:00,M899,17,3.351564049581209
2026-05-16 17:40:00+00:00,M899,16,3.0714741890745785
2026-05-16 18:00:00+00:00,M843,1,5.807053316353087
2026-05-16 18:10:00+00:00,M899,16,3.0714741890745785
2026-05-16 18:30:00+00:00,M899,16,3.0714741890745785
2026-05-16 19:40:00+00:00,M490,1,3.6280130488296627
2026-05-16 20:20:00+00:00,M904,5,3.3151017642218727
2026-05-16 20:25:00+00:00,M899,16,3.0714741890745785
2026-05-16 20:40:00+00:00,M899,16,3.0714741890745785
2026-05-16 21:00:00+00:00,M899,18,3.63165391008784
2026-05-16 21:20:00+00:00,M899,16,3.0714741890745785
2026-05-16 21:30:00+00:00,M899,18,3.63165391008784
2026-05-16 22:10:00+00:00,M843,1,5.807053316353087
2026-05-16 22:10:00+00:00,M904,5,3.3151017642218727
2026-05-16 22:55:00+00:00,M904,6,4.185324270428966
2026-05-16 23:40:00+00:00,M185,81,3.044026271038799
2026-05-17 00:00:00+00:00,M516,6,3.1541831310751034
2026-05-17 00:25:00+00:00,M475,1,3.9861637392558062
2026-05-17 00:55:00+00:00,M899,19,3.911743770594471
2026-05-17 01:15:00+00:00,M904,6,4.185324270428966
2026-05-17 01:25:00+00:00,M899,17,3.351564049581209
2026-05-17 01:35:00+00:00,M475,1,3.9861637392558062
2026-05-17 01:45:00+00:00,M736,2,3.6390656569105078
2026-05-17 01:50:00+00:00,M899,16,3.0714741890745785
2026-05-17 01:55:00+00:00,M899,16,3.0714741890745785
2026-05-17 02:05:00+00:00,M475,1,3.9861637392558062
2026-05-17 02:10:00+00:00,M490,1,3.6280130488296627
2026-05-17 02:25:00+00:00,M164,1,8.28702251171813
2026-05-17 03:00:00+00:00,M164,1,8.28702251171813
2026-05-17 03:00:00+00:00,M843,1,5.807053316353087
2026-05-17 03:35:00+00:00,M490,1,3.6280130488296627
2026-05-17 03:45:00+00:00,M490,1,3.6280130488296627
2026-05-17 03:50:00+00:00,M490,1,3.6280130488296627
2026-05-17 04:00:00+00:00,M104,4,3.5266457494405126
2026-05-17 04:10:00+00:00,M736,2,3.6390656569105078
2026-05-17 04:15:00+00:00,M899,18,3.63165391008784
2026-05-17 04:20:00+00:00,M899,18,3.63165391008784
2026-05-17 04:30:00+00:00,M378,142,8.01339346261213
2026-05-17 04:30:00+00:00,M529,79,26.013499657946628
2026-05-17 04:30:00+00:00,M786,145,7.530287703368529
2026-05-17 04:35:00+00:00,M378,211,13.198008475375271
2026-05-17 04:35:00+00:00,M529,137,45.26258977012589
2026-05-17 04:35:00+00:00,M658,75,3.1471895499675737
2026-05-17 04:35:00+00:00,M786,210,11.9667370347255
2026-05-17 04:40:00+00:00,M265,31,3.5218175611050153
2026-05-17 04:40:00+00:00,M378,239,15.301910219684952
2026-05-17 04:40:00+00:00,M529,142,46.92199409014135
2026-05-17 04:40:00+00:00,M658,97,4.880665823203049
2026-05-17 04:40:00+00:00,M786,237,13.809569833904552
2026-05-17 04:45:00+00:00,M378,229,14.550516739574352
2026-05-17 04:45:00+00:00,M529,142,46.92199409014135
2026-05-17 04:45:00+00:00,M658,86,4.013927686585311
2026-05-17 04:45:00+00:00,M786,231,13.400051434086985
2026-05-17 04:45:00+00:00,M899,17,3.351564049581209
2026-05-17 04:50:00+00:00,M336,1,9.86959171074772
2026-05-17 04:50:00+00:00,M378,256,16.579279135872973
2026-05-17 04:50:00+00:00,M529,168,55.55089655422171
2026-05-17 04:50:00+00:00,M658,86,4.013927686585311
2026-05-17 04:50:00+00:00,M786,257,15.174631166629775
2026-05-17 04:55:00+00:00,M378,112,5.75921302228033
2026-05-17 04:55:00+00:00,M529,59,19.375882377884814
2026-05-17 04:55:00+00:00,M786,110,5.14143037109939
2026-05-17 05:05:00+00:00,M185,84,3.3057282152504808
2026-05-17 05:05:00+00:00,M336,1,9.86959171074772
2026-05-17 05:35:00+00:00,M185,91,3.9163660850777378
2026-05-17 05:50:00+00:00,M904,5,3.3151017642218727
2026-05-17 06:05:00+00:00,M904,6,4.185324270428966
2026-05-17 06:30:00+00:00,M104,4,3.5266457494405126
2026-05-17 06:40:00+00:00,M185,88,3.654664140866056
2026-05-17 07:10:00+00:00,M185,83,3.2184942338465867
2026-05-17 07:30:00+00:00,M378,158,9.215623030789091
2026-05-17 07:30:00+00:00,M658,158,9.687122762628684
2026-05-17 07:30:00+00:00,M786,149,7.803299969913573
2026-05-17 07:35:00+00:00,M185,85,3.3929621966543744
2026-05-17 07:35:00+00:00,M378,96,4.556983454103371
2026-05-17 07:35:00+00:00,M658,96,4.801871447146891
2026-05-17 07:35:00+00:00,M786,96,4.185887438191734
2026-05-17 07:45:00+00:00,M104,4,3.5266457494405126
2026-05-17 07:55:00+00:00,M029,1,5.0761719056800665
2026-05-17 07:55:00+00:00,M904,5,3.3151017642218727
2026-05-17 08:40:00+00:00,M490,1,3.6280130488296627
2026-05-17 09:00:00+00:00,M475,1,3.9861637392558062
2026-05-17 09:05:00+00:00,M904,6,4.185324270428966
2026-05-17 09:10:00+00:00,M904,5,3.3151017642218727
2026-05-17 10:15:00+00:00,M904,5,3.3151017642218727
2026-05-17 10:20:00+00:00,M104,4,3.5266457494405126
2026-05-17 10:40:00+00:00,M843,1,5.807053316353087
2026-05-17 11:50:00+00:00,M490,2,7.487149293327246
2026-05-17 11:55:00+00:00,M490,1,3.6280130488296627
2026-05-17 12:15:00+00:00,M029,1,5.0761719056800665
2026-05-17 13:10:00+00:00,M843,1,5.807053316353087
2026-05-17 13:45:00+00:00,M029,1,5.0761719056800665
2026-05-17 13:50:00+00:00,M899,16,3.0714741890745785
2026-05-17 14:05:00+00:00,M490,1,3.6280130488296627
2026-05-17 14:50:00+00:00,M490,1,3.6280130488296627
2026-05-17 15:05:00+00:00,M475,1,3.9861637392558062
2026-05-17 15:15:00+00:00,M899,16,3.0714741890745785
2026-05-17 15:25:00+00:00,M475,1,3.9861637392558062
2026-05-17 15:30:00+00:00,M490,1,3.6280130488296627
2026-05-17 15:30:00+00:00,M899,18,3.63165391008784
2026-05-17 15:35:00+00:00,M265,29,3.2013882958458613
2026-05-17 16:05:00+00:00,M843,1,5.807053316353087
2026-05-17 16:10:00+00:00,M899,19,3.911743770594471
2026-05-17 16:20:00+00:00,M899,20,4.191833631101102
2026-05-17 16:35:00+00:00,M899,17,3.351564049581209
2026-05-17 16:40:00+00:00,M475,1,3.9861637392558062
2026-05-17 16:40:00+00:00,M899,17,3.351564049581209
2026-05-17 17:15:00+00:00,M736,2,3.6390656569105078
2026-05-17 17:50:00+00:00,M843,1,5.807053316353087
2026-05-17 18:00:00+00:00,M490,1,3.6280130488296627
2026-05-17 18:20:00+00:00,M899,23,5.032103212620995
2026-05-17 18:50:00+00:00,M029,1,5.0761719056800665
2026-05-17 18:55:00+00:00,M736,2,3.6390656569105078
2026-05-17 19:00:00+00:00,M475,1,3.9861637392558062
2026-05-17 19:20:00+00:00,M490,1,3.6280130488296627
2026-05-17 19:35:00+00:00,M736,3,5.674080819384621
2026-05-17 19:55:00+00:00,M899,17,3.351564049581209
2026-05-17 20:05:00+00:00,M475,1,3.9861637392558062
2026-05-17 20:20:00+00:00,M736,2,3.6390656569105078
2026-05-17 20:20:00+00:00,M899,17,3.351564049581209
2026-05-17 20:25:00+00:00,M899,16,3.0714741890745785
2026-05-17 20:35:00+00:00,M736,2,3.6390656569105078
2026-05-17 20:40:00+00:00,M490,1,3.6280130488296627
2026-05-17 21:00:00+00:00,M736,2,3.6390656569105078
2026-05-17 21:10:00+00:00,M736,2,3.6390656569105078
2026-05-17 21:30:00+00:00,M104,4,3.5266457494405126
2026-05-17 21:55:00+00:00,M029,1,5.0761719056800665
2026-05-17 22:00:00+00:00,M841,4,3.3463180561446433
2026-05-17 22:00:00+00:00,M904,5,3.3151017642218727
2026-05-17 22:15:00+00:00,M475,1,3.9861637392558062
2026-05-17 22:30:00+00:00,M899,16,3.0714741890745785
2026-05-17 22:45:00+00:00,M899,19,3.911743770594471
2026-05-17 22:55:00+00:00,M265,29,3.2013882958458613
2026-05-17 23:05:00+00:00,M104,4,3.5266457494405126
2026-05-17 23:05:00+00:00,M899,17,3.351564049581209
2026-05-17 23:10:00+00:00,M899,17,3.351564049581209
2026-05-17 23:30:00+00:00,M474,1,11.742331665439213
2026-05-17 23:40:00+00:00,M841,4,3.3463180561446433
2026-05-17 23:55:00+00:00,M899,16,3.0714741890745785
2026-05-18 00:00:00+00:00,M904,5,3.3151017642218727
2026-05-18 00:10:00+00:00,M899,24,5.3121930731276255
2026-05-18 00:20:00+00:00,M265,29,3.2013882958458613
2026-05-18 00:20:00+00:00,M899,16,3.0714741890745785
2026-05-18 00:25:00+00:00,M265,29,3.2013882958458613
2026-05-18 00:25:00+00:00,M899,19,3.911743770594471
2026-05-18 00:35:00+00:00,M265,31,3.5218175611050153
2026-05-18 00:35:00+00:00,M899,18,3.63165391008784
2026-05-18 00:40:00+00:00,M899,16,3.0714741890745785
2026-05-18 00:55:00+00:00,M265,28,3.0411736632162842
2026-05-18 01:00:00+00:00,M475,1,3.9861637392558062
2026-05-18 01:05:00+00:00,M899,22,4.752013352114363
2026-05-18 01:10:00+00:00,M841,4,3.3463180561446433
2026-05-18 01:15:00+00:00,M029,1,5.0761719056800665
2026-05-18 01:15:00+00:00,M899,20,4.191833631101102
2026-05-18 01:30:00+00:00,M490,1,3.6280130488296627
2026-05-18 01:35:00+00:00,M490,1,3.6280130488296627
2026-05-18 01:40:00+00:00,M475,1,3.9861637392558062
2026-05-18 01:40:00+00:00,M899,22,4.752013352114363
2026-05-18 01:45:00+00:00,M265,28,3.0411736632162842
2026-05-18 01:50:00+00:00,M899,17,3.351564049581209
2026-05-18 01:55:00+00:00,M475,1,3.9861637392558062
2026-05-18 01:55:00+00:00,M490,1,3.6280130488296627
2026-05-18 02:05:00+00:00,M899,16,3.0714741890745785
2026-05-18 02:10:00+00:00,M378,76,3.054196493882171
2026-05-18 02:10:00+00:00,M658,76,3.2259839260237317
2026-05-18 02:10:00+00:00,M786,81,3.162091438647817
2026-05-18 02:10:00+00:00,M899,17,3.351564049581209
2026-05-18 02:20:00+00:00,M904,5,3.3151017642218727
2026-05-18 02:30:00+00:00,M474,1,11.742331665439213
2026-05-18 02:50:00+00:00,M490,1,3.6280130488296627
2026-05-18 02:55:00+00:00,M265,36,4.3228907242528996
2026-05-18 02:55:00+00:00,M841,4,3.3463180561446433
2026-05-18 02:55:00+00:00,M904,5,3.3151017642218727
2026-05-18 03:00:00+00:00,M475,1,3.9861637392558062
2026-05-18 03:00:00+00:00,M841,4,3.3463180561446433
2026-05-18 03:00:00+00:00,M899,24,5.3121930731276255
2026-05-18 03:05:00+00:00,M475,2,8.14384733546669
2026-05-18 03:10:00+00:00,M336,1,9.86959171074772
2026-05-18 03:20:00+00:00,M475,1,3.9861637392558062
2026-05-18 03:45:00+00:00,M899,19,3.911743770594471
2026-05-18 03:50:00+00:00,M843,1,5.807053316353087
2026-05-18 04:05:00+00:00,M265,38,4.643319989512054
2026-05-18 04:05:00+00:00,M475,1,3.9861637392558062
2026-05-18 04:10:00+00:00,M899,17,3.351564049581209
2026-05-18 04:15:00+00:00,M164,1,8.28702251171813
2026-05-18 04:20:00+00:00,M899,20,4.191833631101102
2026-05-18 04:25:00+00:00,M490,1,3.6280130488296627
2026-05-18 04:25:00+00:00,M899,17,3.351564049581209
2026-05-18 04:35:00+00:00,M899,17,3.351564049581209
2026-05-18 04:40:00+00:00,M899,18,3.63165391008784
2026-05-18 04:45:00+00:00,M899,16,3.0714741890745785
2026-05-18 04:50:00+00:00,M490,2,7.487149293327246
2026-05-18 04:55:00+00:00,M899,18,3.63165391008784
2026-05-18 05:00:00+00:00,M899,20,4.191833631101102
2026-05-18 05:25:00+00:00,M899,18,3.63165391008784
2026-05-18 05:30:00+00:00,M475,1,3.9861637392558062
2026-05-18 05:35:00+00:00,M336,1,9.86959171074772
2026-05-18 05:35:00+00:00,M475,3,12.301530931677576
2026-05-18 05:35:00+00:00,M899,18,3.63165391008784
2026-05-18 05:50:00+00:00,M164,2,16.636284332221035
2026-05-18 05:50:00+00:00,M185,81,3.044026271038799
2026-05-18 05:50:00+00:00,M490,1,3.6280130488296627
2026-05-18 05:55:00+00:00,M164,1,8.28702251171813
2026-05-18 06:05:00+00:00,M899,16,3.0714741890745785
2026-05-18 06:20:00+00:00,M899,17,3.351564049581209
2026-05-18 06:30:00+00:00,M899,18,3.63165391008784
2026-05-18 06:40:00+00:00,M899,17,3.351564049581209
2026-05-18 06:45:00+00:00,M899,16,3.0714741890745785
2026-05-18 06:50:00+00:00,M736,2,3.6390656569105078
2026-05-18 06:50:00+00:00,M899,20,4.191833631101102
2026-05-18 06:55:00+00:00,M899,16,3.0714741890745785
2026-05-18 07:00:00+00:00,M899,19,3.911743770594471
2026-05-18 07:05:00+00:00,M736,3,5.674080819384621
2026-05-18 07:05:00+00:00,M899,17,3.351564049581209
2026-05-18 07:10:00+00:00,M475,1,3.9861637392558062
2026-05-18 07:15:00+00:00,M899,18,3.63165391008784
2026-05-18 07:20:00+00:00,M899,25,5.592282933634256
2026-05-18 07:25:00+00:00,M490,1,3.6280130488296627
2026-05-18 07:25:00+00:00,M841,4,3.3463180561446433
2026-05-18 07:30:00+00:00,M899,25,5.592282933634256
2026-05-18 07:35:00+00:00,M475,1,3.9861637392558062
2026-05-18 07:45:00+00:00,M475,1,3.9861637392558062
2026-05-18 07:45:00+00:00,M904,5,3.3151017642218727
2026-05-18 07:50:00+00:00,M899,21,4.471923491607733
2026-05-18 08:00:00+00:00,M899,20,4.191833631101102
2026-05-18 08:10:00+00:00,M899,17,3.351564049581209
2026-05-18 08:25:00+00:00,M899,18,3.63165391008784
2026-05-18 08:30:00+00:00,M899,17,3.351564049581209
2026-05-18 08:45:00+00:00,M904,5,3.3151017642218727
2026-05-18 08:50:00+00:00,M899,19,3.911743770594471
2026-05-18 08:55:00+00:00,M899,20,4.191833631101102
2026-05-18 09:00:00+00:00,M185,81,3.044026271038799
2026-05-18 09:05:00+00:00,M265,30,3.3616029284754383
2026-05-18 09:10:00+00:00,M029,1,5.0761719056800665
2026-05-18 09:15:00+00:00,M265,29,3.2013882958458613
2026-05-18 09:25:00+00:00,M736,2,3.6390656569105078
2026-05-18 09:25:00+00:00,M899,20,4.191833631101102
2026-05-18 09:30:00+00:00,M899,21,4.471923491607733
2026-05-18 09:35:00+00:00,M899,20,4.191833631101102
2026-05-18 09:40:00+00:00,M899,24,5.3121930731276255
2026-05-18 09:45:00+00:00,M899,19,3.911743770594471
2026-05-18 09:50:00+00:00,M899,21,4.471923491607733
2026-05-18 10:00:00+00:00,M899,18,3.63165391008784
2026-05-18 10:05:00+00:00,M475,1,3.9861637392558062
2026-05-18 10:15:00+00:00,M899,22,4.752013352114363
2026-05-18 10:20:00+00:00,M899,19,3.911743770594471
2026-05-18 10:25:00+00:00,M899,23,5.032103212620995
2026-05-18 10:30:00+00:00,M899,20,4.191833631101102
2026-05-18 10:30:00+00:00,M904,5,3.3151017642218727
2026-05-18 10:45:00+00:00,M899,18,3.63165391008784
2026-05-18 10:45:00+00:00,M904,5,3.3151017642218727
2026-05-18 10:50:00+00:00,M899,17,3.351564049581209
2026-05-18 11:00:00+00:00,M475,1,3.9861637392558062
2026-05-18 11:05:00+00:00,M899,23,5.032103212620995
2026-05-18 11:10:00+00:00,M899,18,3.63165391008784
2026-05-18 11:15:00+00:00,M899,22,4.752013352114363
2026-05-18 11:30:00+00:00,M029,1,5.0761719056800665
2026-05-18 11:30:00+00:00,M475,1,3.9861637392558062
2026-05-18 11:55:00+00:00,M490,2,7.487149293327246
2026-05-18 12:00:00+00:00,M899,23,5.032103212620995
2026-05-18 12:05:00+00:00,M899,19,3.911743770594471
2026-05-18 12:20:00+00:00,M336,1,9.86959171074772
2026-05-18 12:25:00+00:00,M475,1,3.9861637392558062
2026-05-18 12:25:00+00:00,M843,1,5.807053316353087
2026-05-18 12:30:00+00:00,M899,18,3.63165391008784
2026-05-18 13:15:00+00:00,M490,2,7.487149293327246
2026-05-18 13:20:00+00:00,M736,2,3.6390656569105078
2026-05-18 13:40:00+00:00,M736,2,3.6390656569105078
2026-05-18 14:35:00+00:00,M475,1,3.9861637392558062
2026-05-18 16:00:00+00:00,M419,1,12.950858562770918
2026-05-18 16:00:00+00:00,M516,6,3.1541831310751034
2026-05-18 16:05:00+00:00,M419,1,12.950858562770918
2026-05-18 16:15:00+00:00,M516,8,4.379567162218591
2026-05-18 16:20:00+00:00,M899,17,3.351564049581209
2026-05-18 16:25:00+00:00,M516,7,3.7668751466468473
2026-05-18 16:30:00+00:00,M899,18,3.63165391008784
2026-05-18 16:35:00+00:00,M490,1,3.6280130488296627
2026-05-18 16:40:00+00:00,M029,1,5.0761719056800665
2026-05-18 16:50:00+00:00,M029,1,5.0761719056800665
2026-05-18 16:55:00+00:00,M899,16,3.0714741890745785
2026-05-18 17:00:00+00:00,M475,1,3.9861637392558062
2026-05-18 17:25:00+00:00,M899,16,3.0714741890745785
2026-05-18 18:25:00+00:00,M490,1,3.6280130488296627
2026-05-18 18:40:00+00:00,M474,1,11.742331665439213
2026-05-18 18:45:00+00:00,M904,5,3.3151017642218727
2026-05-18 18:50:00+00:00,M779,10,4.5129749723870445
2026-05-18 19:20:00+00:00,M899,16,3.0714741890745785
2026-05-18 19:25:00+00:00,M779,10,4.5129749723870445
2026-05-18 19:25:00+00:00,M899,16,3.0714741890745785
2026-05-18 19:30:00+00:00,M490,1,3.6280130488296627
2026-05-18 19:50:00+00:00,M475,1,3.9861637392558062
2026-05-18 20:20:00+00:00,M336,1,9.86959171074772
2026-05-18 20:25:00+00:00,M475,1,3.9861637392558062
2026-05-18 20:30:00+00:00,M899,16,3.0714741890745785
2026-05-18 20:40:00+00:00,M899,16,3.0714741890745785
2026-05-18 20:45:00+00:00,M490,1,3.6280130488296627
2026-05-18 21:15:00+00:00,M490,1,3.6280130488296627
2026-05-18 22:00:00+00:00,M490,1,3.6280130488296627
2026-05-18 22:25:00+00:00,M843,1,5.807053316353087
2026-05-18 22:25:00+00:00,M904,5,3.3151017642218727
2026-05-18 23:10:00+00:00,M490,1,3.6280130488296627
2026-05-18 23:30:00+00:00,M843,1,5.807053316353087
2026-05-18 23:45:00+00:00,M904,5,3.3151017642218727
2026-05-19 00:15:00+00:00,M265,36,4.3228907242528996
2026-05-19 00:45:00+00:00,M904,5,3.3151017642218727
2026-05-19 01:10:00+00:00,M029,1,5.0761719056800665
2026-05-19 01:20:00+00:00,M265,31,3.5218175611050153
2026-05-19 01:25:00+00:00,M265,35,4.162676091623323
2026-05-19 01:30:00+00:00,M104,4,3.5266457494405126
2026-05-19 02:30:00+00:00,M029,1,5.0761719056800665
2026-05-19 02:35:00+00:00,M265,30,3.3616029284754383
2026-05-19 02:40:00+00:00,M841,4,3.3463180561446433
2026-05-19 02:50:00+00:00,M029,1,5.0761719056800665
2026-05-19 03:10:00+00:00,M104,4,3.5266457494405126
2026-05-19 03:25:00+00:00,M904,5,3.3151017642218727
2026-05-19 03:35:00+00:00,M185,83,3.2184942338465867
2026-05-19 03:35:00+00:00,M474,1,11.742331665439213
2026-05-19 03:45:00+00:00,M841,5,4.357175157216511
2026-05-19 04:05:00+00:00,M104,5,4.6030491176475925
2026-05-19 04:55:00+00:00,M490,1,3.6280130488296627
2026-05-19 05:00:00+00:00,M736,2,3.6390656569105078
2026-05-19 05:20:00+00:00,M779,13,6.06311326487613
2026-05-19 05:25:00+00:00,M185,82,3.1312602524426927
2026-05-19 05:55:00+00:00,M490,1,3.6280130488296627
2026-05-19 05:55:00+00:00,M904,5,3.3151017642218727
2026-05-19 06:00:00+00:00,M029,1,5.0761719056800665
2026-05-19 06:00:00+00:00,M475,2,8.14384733546669
2026-05-19 06:05:00+00:00,M475,1,3.9861637392558062
2026-05-19 06:10:00+00:00,M490,1,3.6280130488296627
2026-05-19 06:20:00+00:00,M490,1,3.6280130488296627
2026-05-19 06:25:00+00:00,M843,1,5.807053316353087
2026-05-19 06:30:00+00:00,M490,2,7.487149293327246
2026-05-19 07:00:00+00:00,M029,1,5.0761719056800665
2026-05-19 07:15:00+00:00,M265,29,3.2013882958458613
2026-05-19 07:25:00+00:00,M475,1,3.9861637392558062
2026-05-19 07:35:00+00:00,M475,1,3.9861637392558062
2026-05-19 07:35:00+00:00,M490,1,3.6280130488296627
2026-05-19 07:40:00+00:00,M904,5,3.3151017642218727
2026-05-19 08:50:00+00:00,M474,1,11.742331665439213
2026-05-19 09:20:00+00:00,M490,1,3.6280130488296627
2026-05-19 09:35:00+00:00,M378,81,3.4298932339374706
2026-05-19 09:35:00+00:00,M658,81,3.6199558063045214
2026-05-19 09:35:00+00:00,M786,79,3.025585305375295
2026-05-19 09:40:00+00:00,M029,2,10.280636848059187
2026-05-19 09:45:00+00:00,M265,28,3.0411736632162842
2026-05-19 10:00:00+00:00,M658,74,3.0683951739114157
2026-05-19 11:00:00+00:00,M029,1,5.0761719056800665
2026-05-19 11:00:00+00:00,M736,3,5.674080819384621
2026-05-19 11:05:00+00:00,M104,5,4.6030491176475925
2026-05-19 11:45:00+00:00,M843,1,5.807053316353087
2026-05-19 11:55:00+00:00,M336,1,9.86959171074772
2026-05-19 12:45:00+00:00,M490,1,3.6280130488296627
2026-05-19 12:45:00+00:00,M736,2,3.6390656569105078
2026-05-19 13:05:00+00:00,M104,5,4.6030491176475925
2026-05-19 13:20:00+00:00,M736,2,3.6390656569105078
2026-05-19 13:25:00+00:00,M029,1,5.0761719056800665
2026-05-19 13:35:00+00:00,M490,1,3.6280130488296627
2026-05-19 13:40:00+00:00,M899,16,3.0714741890745785
2026-05-19 14:25:00+00:00,M029,1,5.0761719056800665
2026-05-19 14:30:00+00:00,M475,1,3.9861637392558062
2026-05-19 14:45:00+00:00,M029,2,10.280636848059187
2026-05-19 14:45:00+00:00,M779,12,5.546400500713102
2026-05-19 14:50:00+00:00,M490,1,3.6280130488296627
2026-05-19 15:05:00+00:00,M474,1,11.742331665439213
2026-05-19 15:05:00+00:00,M779,9,3.996262208224016
2026-05-19 15:10:00+00:00,M029,1,5.0761719056800665
2026-05-19 15:10:00+00:00,M779,16,7.613251557365216
2026-05-19 15:40:00+00:00,M490,1,3.6280130488296627
2026-05-19 15:40:00+00:00,M779,22,10.713528142343389
2026-05-19 15:45:00+00:00,M779,24,11.746953670669445
2026-05-19 15:50:00+00:00,M736,2,3.6390656569105078
2026-05-19 15:50:00+00:00,M779,9,3.996262208224016
2026-05-19 16:00:00+00:00,M378,76,3.054196493882171
2026-05-19 16:00:00+00:00,M475,1,3.9861637392558062
2026-05-19 16:00:00+00:00,M658,76,3.2259839260237317
2026-05-19 16:05:00+00:00,M516,10,5.60495119336208
2026-05-19 16:30:00+00:00,M029,7,36.30296155995479
2026-05-19 16:50:00+00:00,M779,16,7.613251557365216
2026-05-19 17:05:00+00:00,M475,1,3.9861637392558062
2026-05-19 17:15:00+00:00,M490,1,3.6280130488296627
2026-05-19 17:20:00+00:00,M029,1,5.0761719056800665
2026-05-19 17:40:00+00:00,M874,1,-3.3465862772381234
2026-05-19 17:45:00+00:00,M185,8,-3.3240543714454533
2026-05-19 17:45:00+00:00,M874,0,-3.365386115920349
2026-05-19 17:50:00+00:00,M185,7,-3.411288352849347
2026-05-19 17:50:00+00:00,M874,0,-3.365386115920349
2026-05-19 17:55:00+00:00,M185,11,-3.0623524272337717
2026-05-19 17:55:00+00:00,M874,16,-3.0645886970047385
2026-05-19 18:00:00+00:00,M490,1,3.6280130488296627
2026-05-19 18:15:00+00:00,M490,1,3.6280130488296627
2026-05-19 18:45:00+00:00,M736,2,3.6390656569105078
2026-05-19 18:55:00+00:00,M779,10,4.5129749723870445
2026-05-19 19:50:00+00:00,M029,1,5.0761719056800665
2026-05-19 19:55:00+00:00,M490,1,3.6280130488296627
2026-05-19 21:25:00+00:00,M475,1,3.9861637392558062
2026-05-19 21:35:00+00:00,M029,1,5.0761719056800665
2026-05-19 22:00:00+00:00,M474,1,11.742331665439213
2026-05-19 22:40:00+00:00,M843,1,5.807053316353087
2026-05-19 23:00:00+00:00,M736,2,3.6390656569105078
2026-05-19 23:50:00+00:00,M029,1,5.0761719056800665
2026-05-20 00:20:00+00:00,M265,28,3.0411736632162842
2026-05-20 01:15:00+00:00,M490,1,3.6280130488296627
2026-05-20 01:30:00+00:00,M474,1,11.742331665439213
2026-05-20 01:35:00+00:00,M185,86,3.4801961780582684
2026-05-20 02:55:00+00:00,M904,8,5.925769282843153
2026-05-20 03:45:00+00:00,M843,1,5.807053316353087
2026-05-20 04:15:00+00:00,M843,1,5.807053316353087
2026-05-20 05:00:00+00:00,M841,4,3.3463180561446433
2026-05-20 05:10:00+00:00,M029,1,5.0761719056800665
2026-05-20 06:15:00+00:00,M899,16,3.0714741890745785
2026-05-20 06:25:00+00:00,M490,1,3.6280130488296627
2026-05-20 06:45:00+00:00,M490,1,3.6280130488296627
2026-05-20 08:00:00+00:00,M490,1,3.6280130488296627
2026-05-20 08:15:00+00:00,M475,1,3.9861637392558062
2026-05-20 08:15:00+00:00,M490,1,3.6280130488296627
2026-05-20 09:10:00+00:00,M475,1,3.9861637392558062
2026-05-20 09:15:00+00:00,M490,1,3.6280130488296627
2026-05-20 09:15:00+00:00,M843,1,5.807053316353087
2026-05-20 09:40:00+00:00,M475,1,3.9861637392558062
2026-05-20 09:55:00+00:00,M104,4,3.5266457494405126
2026-05-20 09:55:00+00:00,M843,1,5.807053316353087
2026-05-20 10:05:00+00:00,M474,1,11.742331665439213
2026-05-20 10:05:00+00:00,M475,1,3.9861637392558062
2026-05-20 10:20:00+00:00,M904,5,3.3151017642218727
2026-05-20 10:25:00+00:00,M490,1,3.6280130488296627
2026-05-20 10:25:00+00:00,M516,12,6.830335224505568
2026-05-20 10:25:00+00:00,M779,10,4.5129749723870445
2026-05-20 10:40:00+00:00,M516,7,3.7668751466468473
2026-05-20 10:45:00+00:00,M516,10,5.60495119336208
2026-05-20 10:45:00+00:00,M779,10,4.5129749723870445
2026-05-20 10:50:00+00:00,M516,9,4.992259177790335
2026-05-20 10:50:00+00:00,M779,11,5.029687736550073
2026-05-20 10:55:00+00:00,M516,9,4.992259177790335
2026-05-20 10:55:00+00:00,M779,14,6.579826029039159
2026-05-20 11:10:00+00:00,M336,1,9.86959171074772
2026-05-20 11:35:00+00:00,M736,2,3.6390656569105078
2026-05-20 11:35:00+00:00,M779,9,3.996262208224016
2026-05-20 11:40:00+00:00,M779,9,3.996262208224016
2026-05-20 11:50:00+00:00,M029,1,5.0761719056800665
2026-05-20 12:05:00+00:00,M336,1,9.86959171074772
2026-05-20 12:15:00+00:00,M104,4,3.5266457494405126
2026-05-20 12:20:00+00:00,M104,4,3.5266457494405126
2026-05-20 12:30:00+00:00,M490,2,7.487149293327246
2026-05-20 13:00:00+00:00,M490,1,3.6280130488296627
2026-05-20 13:25:00+00:00,M029,1,5.0761719056800665
2026-05-20 13:40:00+00:00,M474,1,11.742331665439213
2026-05-20 13:45:00+00:00,M843,1,5.807053316353087
2026-05-20 14:30:00+00:00,M475,2,8.14384733546669
2026-05-20 15:35:00+00:00,M475,1,3.9861637392558062
2026-05-20 16:05:00+00:00,M843,2,11.780065810868045
2026-05-20 17:15:00+00:00,M029,1,5.0761719056800665
2026-05-20 17:40:00+00:00,M474,1,11.742331665439213
2026-05-20 18:50:00+00:00,M490,1,3.6280130488296627
2026-05-20 19:00:00+00:00,M490,1,3.6280130488296627
2026-05-20 19:00:00+00:00,M843,1,5.807053316353087
2026-05-20 20:10:00+00:00,M490,1,3.6280130488296627
2026-05-20 20:25:00+00:00,M843,1,5.807053316353087
2026-05-20 20:45:00+00:00,M736,2,3.6390656569105078
2026-05-20 20:55:00+00:00,M475,1,3.9861637392558062
2026-05-20 21:15:00+00:00,M490,1,3.6280130488296627
2026-05-20 22:00:00+00:00,M029,1,5.0761719056800665
2026-05-20 22:40:00+00:00,M475,1,3.9861637392558062
2026-05-20 23:05:00+00:00,M474,1,11.742331665439213
2026-05-20 23:25:00+00:00,M029,1,5.0761719056800665
2026-05-21 00:40:00+00:00,M843,1,5.807053316353087
2026-05-21 01:15:00+00:00,M029,1,5.0761719056800665
2026-05-21 01:15:00+00:00,M475,1,3.9861637392558062
2026-05-21 01:25:00+00:00,M037,2,6.473020490727964
2026-05-21 04:55:00+00:00,M029,3,15.485101790438305
2026-05-21 05:10:00+00:00,M475,1,3.9861637392558062
2026-05-21 05:25:00+00:00,M475,1,3.9861637392558062
2026-05-21 05:40:00+00:00,M490,1,3.6280130488296627
2026-05-21 06:35:00+00:00,M029,1,5.0761719056800665
2026-05-21 06:40:00+00:00,M029,3,15.485101790438305
2026-05-21 07:45:00+00:00,M779,8,3.4795494440609875
2026-05-21 08:25:00+00:00,M475,1,3.9861637392558062
2026-05-21 08:55:00+00:00,M029,1,5.0761719056800665
2026-05-21 09:05:00+00:00,M490,1,3.6280130488296627
2026-05-21 09:10:00+00:00,M475,1,3.9861637392558062
2026-05-21 09:50:00+00:00,M843,1,5.807053316353087
2026-05-21 10:35:00+00:00,M104,4,3.5266457494405126
2026-05-21 10:35:00+00:00,M736,3,5.674080819384621
2026-05-21 10:55:00+00:00,M490,1,3.6280130488296627
2026-05-21 12:10:00+00:00,M736,2,3.6390656569105078
2026-05-21 12:50:00+00:00,M475,1,3.9861637392558062
2026-05-21 13:00:00+00:00,M490,1,3.6280130488296627
2026-05-21 14:05:00+00:00,M490,1,3.6280130488296627
2026-05-21 14:10:00+00:00,M736,3,5.674080819384621
2026-05-21 14:30:00+00:00,M475,1,3.9861637392558062
2026-05-21 14:45:00+00:00,M037,7,22.718185440990226
2026-05-21 14:45:00+00:00,M855,26,14.41402946093578
2026-05-21 16:20:00+00:00,M490,2,7.487149293327246
2026-05-21 16:20:00+00:00,M841,4,3.3463180561446433
2026-05-21 21:35:00+00:00,M490,1,3.6280130488296627
2026-05-21 22:40:00+00:00,M474,1,11.742331665439213
2026-05-21 23:10:00+00:00,M904,5,3.3151017642218727
2026-05-21 23:15:00+00:00,M336,1,9.86959171074772
2026-05-21 23:30:00+00:00,M490,1,3.6280130488296627
2026-05-22 00:15:00+00:00,M490,1,3.6280130488296627
2026-05-22 00:40:00+00:00,M736,2,3.6390656569105078
2026-05-22 00:50:00+00:00,M029,1,5.0761719056800665
2026-05-22 00:55:00+00:00,M475,1,3.9861637392558062
2026-05-22 01:05:00+00:00,M029,8,41.50742650233391
2026-05-22 01:10:00+00:00,M029,2,10.280636848059187
2026-05-22 01:25:00+00:00,M029,1,5.0761719056800665
2026-05-22 01:30:00+00:00,M490,1,3.6280130488296627
2026-05-22 01:35:00+00:00,M841,4,3.3463180561446433
2026-05-22 01:45:00+00:00,M516,8,4.379567162218591
2026-05-22 01:55:00+00:00,M736,2,3.6390656569105078
2026-05-22 02:00:00+00:00,M841,4,3.3463180561446433
2026-05-22 02:15:00+00:00,M490,1,3.6280130488296627
2026-05-22 02:30:00+00:00,M841,5,4.357175157216511
2026-05-22 02:45:00+00:00,M474,1,11.742331665439213
2026-05-22 02:50:00+00:00,M475,1,3.9861637392558062
2026-05-22 02:55:00+00:00,M516,6,3.1541831310751034
2026-05-22 03:00:00+00:00,M490,1,3.6280130488296627
2026-05-22 03:00:00+00:00,M841,4,3.3463180561446433
2026-05-22 03:05:00+00:00,M843,1,5.807053316353087
2026-05-22 03:35:00+00:00,M029,1,5.0761719056800665
2026-05-22 03:40:00+00:00,M475,1,3.9861637392558062
2026-05-22 04:00:00+00:00,M336,1,9.86959171074772
2026-05-22 04:00:00+00:00,M843,1,5.807053316353087
2026-05-22 04:05:00+00:00,M490,3,11.346285537824828
2026-05-22 04:50:00+00:00,M736,2,3.6390656569105078
2026-05-22 05:05:00+00:00,M475,1,3.9861637392558062
2026-05-22 05:45:00+00:00,M490,1,3.6280130488296627
2026-05-22 05:45:00+00:00,M843,1,5.807053316353087
2026-05-22 05:50:00+00:00,M475,1,3.9861637392558062
2026-05-22 06:10:00+00:00,M841,5,4.357175157216511
2026-05-22 06:30:00+00:00,M841,4,3.3463180561446433
2026-05-22 07:25:00+00:00,M490,1,3.6280130488296627
2026-05-22 07:25:00+00:00,M843,1,5.807053316353087
2026-05-22 07:40:00+00:00,M475,3,12.301530931677576
2026-05-22 07:45:00+00:00,M475,1,3.9861637392558062
2026-05-22 07:50:00+00:00,M475,1,3.9861637392558062
2026-05-22 07:55:00+00:00,M736,2,3.6390656569105078
2026-05-22 08:05:00+00:00,M104,4,3.5266457494405126
2026-05-22 08:05:00+00:00,M475,1,3.9861637392558062
2026-05-22 08:10:00+00:00,M378,79,3.2796145379153505
2026-05-22 08:10:00+00:00,M658,79,3.462367054192206
2026-05-22 08:15:00+00:00,M475,1,3.9861637392558062
2026-05-22 08:20:00+00:00,M490,1,3.6280130488296627
2026-05-22 09:00:00+00:00,M490,1,3.6280130488296627
2026-05-22 09:15:00+00:00,M736,2,3.6390656569105078
2026-05-22 09:20:00+00:00,M474,1,11.742331665439213
2026-05-22 09:30:00+00:00,M490,1,3.6280130488296627
2026-05-22 09:50:00+00:00,M736,2,3.6390656569105078
2026-05-22 10:40:00+00:00,M843,1,5.807053316353087
2026-05-22 11:50:00+00:00,M843,1,5.807053316353087
2026-05-22 11:55:00+00:00,M490,1,3.6280130488296627
2026-05-22 12:00:00+00:00,M841,4,3.3463180561446433
2026-05-22 13:00:00+00:00,M841,5,4.357175157216511
2026-05-22 13:10:00+00:00,M841,4,3.3463180561446433
2026-05-22 13:50:00+00:00,M474,1,11.742331665439213
2026-05-22 14:05:00+00:00,M104,4,3.5266457494405126
2026-05-22 14:10:00+00:00,M490,1,3.6280130488296627
2026-05-22 14:40:00+00:00,M336,1,9.86959171074772
2026-05-22 16:00:00+00:00,M843,1,5.807053316353087
2026-05-22 16:05:00+00:00,M419,1,12.950858562770918
2026-05-22 17:00:00+00:00,M490,1,3.6280130488296627
2026-05-22 17:30:00+00:00,M029,1,5.0761719056800665
2026-05-22 17:40:00+00:00,M490,1,3.6280130488296627
2026-05-22 18:10:00+00:00,M475,1,3.9861637392558062
2026-05-22 18:10:00+00:00,M843,1,5.807053316353087
2026-05-22 18:50:00+00:00,M736,2,3.6390656569105078
2026-05-22 20:30:00+00:00,M490,1,3.6280130488296627
2026-05-22 20:35:00+00:00,M736,2,3.6390656569105078
2026-05-22 21:10:00+00:00,M475,1,3.9861637392558062
2026-05-22 23:20:00+00:00,M490,1,3.6280130488296627
2026-05-22 23:50:00+00:00,M475,1,3.9861637392558062
2026-05-23 00:05:00+00:00,M475,1,3.9861637392558062
2026-05-23 00:05:00+00:00,M490,1,3.6280130488296627
2026-05-23 01:10:00+00:00,M475,3,12.301530931677576
2026-05-23 01:15:00+00:00,M490,1,3.6280130488296627
2026-05-23 01:30:00+00:00,M475,1,3.9861637392558062
2026-05-23 01:45:00+00:00,M490,1,3.6280130488296627
2026-05-23 02:00:00+00:00,M490,1,3.6280130488296627
2026-05-23 02:20:00+00:00,M475,1,3.9861637392558062
2026-05-23 02:20:00+00:00,M490,1,3.6280130488296627
2026-05-23 02:30:00+00:00,M475,1,3.9861637392558062
2026-05-23 02:40:00+00:00,M475,2,8.14384733546669
2026-05-23 02:45:00+00:00,M475,1,3.9861637392558062
2026-05-23 02:50:00+00:00,M475,1,3.9861637392558062
2026-05-23 03:10:00+00:00,M475,1,3.9861637392558062
2026-05-23 03:40:00+00:00,M029,1,5.0761719056800665
2026-05-23 03:40:00+00:00,M475,1,3.9861637392558062
2026-05-23 03:50:00+00:00,M475,1,3.9861637392558062
2026-05-23 03:55:00+00:00,M475,1,3.9861637392558062
2026-05-23 04:05:00+00:00,M378,78,3.2044751899042905
2026-05-23 04:05:00+00:00,M658,78,3.383572678136048
2026-05-23 04:15:00+00:00,M475,1,3.9861637392558062
2026-05-23 04:55:00+00:00,M490,2,7.487149293327246
2026-05-23 05:30:00+00:00,M490,1,3.6280130488296627
2026-05-23 06:45:00+00:00,M490,1,3.6280130488296627
2026-05-23 07:55:00+00:00,M904,6,4.185324270428966
2026-05-23 08:00:00+00:00,M904,5,3.3151017642218727
2026-05-23 09:15:00+00:00,M490,1,3.6280130488296627
2026-05-23 09:20:00+00:00,M490,1,3.6280130488296627
2026-05-23 10:05:00+00:00,M490,1,3.6280130488296627
2026-05-23 10:10:00+00:00,M490,1,3.6280130488296627
2026-05-23 10:20:00+00:00,M490,1,3.6280130488296627
2026-05-23 11:20:00+00:00,M475,1,3.9861637392558062
2026-05-23 11:25:00+00:00,M336,1,9.86959171074772
2026-05-23 11:45:00+00:00,M474,1,11.742331665439213
2026-05-23 12:00:00+00:00,M104,4,3.5266457494405126
2026-05-23 12:05:00+00:00,M029,1,5.0761719056800665
2026-05-23 12:20:00+00:00,M475,1,3.9861637392558062
2026-05-23 12:25:00+00:00,M490,1,3.6280130488296627
2026-05-23 12:40:00+00:00,M843,1,5.807053316353087
2026-05-23 12:45:00+00:00,M336,1,9.86959171074772
2026-05-23 12:55:00+00:00,M029,2,10.280636848059187
2026-05-23 14:05:00+00:00,M104,5,4.6030491176475925
2026-05-23 15:05:00+00:00,M475,1,3.9861637392558062
2026-05-23 15:05:00+00:00,M736,2,3.6390656569105078
2026-05-23 16:35:00+00:00,M029,1,5.0761719056800665
2026-05-23 17:10:00+00:00,M516,8,4.379567162218591
2026-05-23 20:00:00+00:00,M779,12,5.546400500713102
2026-05-23 20:35:00+00:00,M841,4,3.3463180561446433
2026-05-23 21:00:00+00:00,M736,2,3.6390656569105078
2026-05-23 22:05:00+00:00,M904,7,5.05554677663606
2026-05-23 22:20:00+00:00,M336,1,9.86959171074772
2026-05-23 22:50:00+00:00,M490,1,3.6280130488296627
2026-05-23 23:15:00+00:00,M490,1,3.6280130488296627
2026-05-24 00:10:00+00:00,M490,1,3.6280130488296627
2026-05-24 00:15:00+00:00,M104,4,3.5266457494405126
2026-05-24 01:10:00+00:00,M904,5,3.3151017642218727
2026-05-24 01:15:00+00:00,M490,1,3.6280130488296627
2026-05-24 01:20:00+00:00,M475,1,3.9861637392558062
2026-05-24 02:30:00+00:00,M475,1,3.9861637392558062
2026-05-24 02:45:00+00:00,M475,1,3.9861637392558062
2026-05-24 03:40:00+00:00,M736,2,3.6390656569105078
2026-05-24 04:30:00+00:00,M029,1,5.0761719056800665
2026-05-24 04:55:00+00:00,M475,1,3.9861637392558062
2026-05-24 05:40:00+00:00,M843,1,5.807053316353087
2026-05-24 07:00:00+00:00,M736,2,3.6390656569105078
2026-05-24 07:05:00+00:00,M336,1,9.86959171074772
2026-05-24 07:10:00+00:00,M029,1,5.0761719056800665
2026-05-24 07:15:00+00:00,M475,1,3.9861637392558062
2026-05-24 07:20:00+00:00,M736,2,3.6390656569105078
2026-05-24 07:50:00+00:00,M474,1,11.742331665439213
2026-05-24 08:30:00+00:00,M736,2,3.6390656569105078
2026-05-24 09:05:00+00:00,M490,1,3.6280130488296627
2026-05-24 09:15:00+00:00,M490,1,3.6280130488296627
2026-05-24 10:25:00+00:00,M029,1,5.0761719056800665
2026-05-24 10:35:00+00:00,M490,1,3.6280130488296627
2026-05-24 10:35:00+00:00,M516,9,4.992259177790335
2026-05-24 10:45:00+00:00,M904,6,4.185324270428966
2026-05-24 10:55:00+00:00,M029,1,5.0761719056800665
2026-05-24 11:10:00+00:00,M490,1,3.6280130488296627
2026-05-24 12:20:00+00:00,M516,7,3.7668751466468473
2026-05-24 12:25:00+00:00,M029,1,5.0761719056800665
2026-05-24 12:25:00+00:00,M516,6,3.1541831310751034
2026-05-24 13:45:00+00:00,M490,1,3.6280130488296627
2026-05-24 14:15:00+00:00,M475,1,3.9861637392558062
2026-05-24 14:25:00+00:00,M475,1,3.9861637392558062
2026-05-24 14:30:00+00:00,M475,1,3.9861637392558062
2026-05-24 14:35:00+00:00,M475,1,3.9861637392558062
2026-05-24 14:40:00+00:00,M475,1,3.9861637392558062
2026-05-24 15:30:00+00:00,M490,1,3.6280130488296627
2026-05-24 16:05:00+00:00,M843,1,5.807053316353087
2026-05-24 16:35:00+00:00,M419,1,12.950858562770918
2026-05-24 17:25:00+00:00,M490,1,3.6280130488296627
2026-05-24 17:45:00+00:00,M490,1,3.6280130488296627
2026-05-24 18:00:00+00:00,M843,1,5.807053316353087
2026-05-24 19:30:00+00:00,M843,1,5.807053316353087
2026-05-24 20:15:00+00:00,M336,1,9.86959171074772
2026-05-24 21:10:00+00:00,M490,1,3.6280130488296627
2026-05-24 21:25:00+00:00,M843,1,5.807053316353087
2026-05-24 21:30:00+00:00,M843,1,5.807053316353087
2026-05-24 21:40:00+00:00,M490,1,3.6280130488296627
2026-05-24 21:45:00+00:00,M336,1,9.86959171074772
2026-05-24 21:55:00+00:00,M490,1,3.6280130488296627
2026-05-24 23:00:00+00:00,M490,1,3.6280130488296627
2026-05-24 23:25:00+00:00,M490,1,3.6280130488296627
2026-05-24 23:45:00+00:00,M475,1,3.9861637392558062
2026-05-25 00:25:00+00:00,M490,1,3.6280130488296627
2026-05-25 00:30:00+00:00,M475,1,3.9861637392558062
2026-05-25 00:35:00+00:00,M475,1,3.9861637392558062
2026-05-25 00:55:00+00:00,M490,1,3.6280130488296627
2026-05-25 02:15:00+00:00,M490,2,7.487149293327246
2026-05-25 02:25:00+00:00,M475,1,3.9861637392558062
2026-05-25 02:25:00+00:00,M843,1,5.807053316353087
2026-05-25 02:35:00+00:00,M475,1,3.9861637392558062
2026-05-25 02:35:00+00:00,M843,1,5.807053316353087
2026-05-25 02:50:00+00:00,M490,1,3.6280130488296627
2026-05-25 03:30:00+00:00,M475,1,3.9861637392558062
2026-05-25 04:00:00+00:00,M736,2,3.6390656569105078
2026-05-25 04:25:00+00:00,M475,1,3.9861637392558062
2026-05-25 05:20:00+00:00,M490,1,3.6280130488296627
2026-05-25 06:00:00+00:00,M490,1,3.6280130488296627
2026-05-25 06:25:00+00:00,M164,1,8.28702251171813
2026-05-25 06:55:00+00:00,M490,1,3.6280130488296627
2026-05-25 07:05:00+00:00,M490,1,3.6280130488296627
2026-05-25 07:40:00+00:00,M029,1,5.0761719056800665
2026-05-25 07:50:00+00:00,M475,1,3.9861637392558062
2026-05-25 08:45:00+00:00,M490,1,3.6280130488296627
2026-05-25 08:50:00+00:00,M490,2,7.487149293327246
2026-05-25 10:15:00+00:00,M474,1,11.742331665439213
2026-05-25 10:25:00+00:00,M029,2,10.280636848059187
2026-05-25 10:30:00+00:00,M516,7,3.7668751466468473
2026-05-25 10:40:00+00:00,M490,1,3.6280130488296627
2026-05-25 10:45:00+00:00,M490,1,3.6280130488296627
2026-05-25 11:10:00+00:00,M516,6,3.1541831310751034
2026-05-25 11:20:00+00:00,M516,8,4.379567162218591
2026-05-25 11:20:00+00:00,M843,1,5.807053316353087
2026-05-25 11:30:00+00:00,M736,2,3.6390656569105078
2026-05-25 11:40:00+00:00,M029,1,5.0761719056800665
2026-05-25 11:45:00+00:00,M029,1,5.0761719056800665
2026-05-25 12:20:00+00:00,M520,964,-4.2976777164449
2026-05-25 12:20:00+00:00,M971,1994,-3.6827792759463844
2026-05-25 12:35:00+00:00,M029,1,5.0761719056800665
2026-05-25 14:25:00+00:00,M490,1,3.6280130488296627
2026-05-25 14:50:00+00:00,M490,1,3.6280130488296627
2026-05-25 14:50:00+00:00,M516,31,18.471483520368704
2026-05-25 14:50:00+00:00,M779,41,20.531070661440932
2026-05-25 16:00:00+00:00,M419,1,12.950858562770918
2026-05-25 16:40:00+00:00,M029,3,15.485101790438305
2026-05-25 16:55:00+00:00,M029,1,5.0761719056800665
2026-05-25 16:55:00+00:00,M475,2,8.14384733546669
2026-05-25 17:25:00+00:00,M475,1,3.9861637392558062
2026-05-25 18:05:00+00:00,M029,1,5.0761719056800665
2026-05-25 20:05:00+00:00,M029,1,5.0761719056800665
2026-05-25 21:15:00+00:00,M419,1,12.950858562770918
2026-05-25 21:25:00+00:00,M490,1,3.6280130488296627
2026-05-25 22:10:00+00:00,M490,1,3.6280130488296627
2026-05-25 22:10:00+00:00,M843,1,5.807053316353087
2026-05-25 22:35:00+00:00,M490,1,3.6280130488296627
2026-05-25 23:00:00+00:00,M529,28,9.087575593788996
2026-05-25 23:05:00+00:00,M475,1,3.9861637392558062
2026-05-25 23:40:00+00:00,M475,1,3.9861637392558062
2026-05-25 23:45:00+00:00,M516,7,3.7668751466468473
2026-05-25 23:55:00+00:00,M490,1,3.6280130488296627
2026-05-26 00:05:00+00:00,M843,1,5.807053316353087
2026-05-26 00:10:00+00:00,M475,1,3.9861637392558062
2026-05-26 00:15:00+00:00,M516,11,6.217643208933824
2026-05-26 00:20:00+00:00,M490,2,7.487149293327246
2026-05-26 00:20:00+00:00,M516,12,6.830335224505568
2026-05-26 00:30:00+00:00,M490,1,3.6280130488296627
2026-05-26 00:30:00+00:00,M516,6,3.1541831310751034
2026-05-26 00:35:00+00:00,M516,7,3.7668751466468473
2026-05-26 00:40:00+00:00,M516,14,8.055719255649056
2026-05-26 00:45:00+00:00,M516,11,6.217643208933824
2026-05-26 00:50:00+00:00,M516,6,3.1541831310751034
2026-05-26 00:55:00+00:00,M490,1,3.6280130488296627
2026-05-26 00:55:00+00:00,M516,12,6.830335224505568
2026-05-26 00:55:00+00:00,M786,81,3.162091438647817
2026-05-26 00:55:00+00:00,M843,1,5.807053316353087
2026-05-26 01:00:00+00:00,M516,10,5.60495119336208
2026-05-26 01:05:00+00:00,M516,10,5.60495119336208
2026-05-26 01:10:00+00:00,M490,1,3.6280130488296627
2026-05-26 01:10:00+00:00,M516,9,4.992259177790335
2026-05-26 01:15:00+00:00,M516,7,3.7668751466468473
2026-05-26 01:25:00+00:00,M475,1,3.9861637392558062
2026-05-26 01:40:00+00:00,M490,1,3.6280130488296627
2026-05-26 01:40:00+00:00,M843,1,5.807053316353087
2026-05-26 01:45:00+00:00,M779,10,4.5129749723870445
2026-05-26 02:45:00+00:00,M475,1,3.9861637392558062
2026-05-26 03:10:00+00:00,M475,1,3.9861637392558062
2026-05-26 03:25:00+00:00,M475,1,3.9861637392558062
2026-05-26 03:40:00+00:00,M475,1,3.9861637392558062
2026-05-26 04:15:00+00:00,M029,1,5.0761719056800665
2026-05-26 04:20:00+00:00,M336,1,9.86959171074772
2026-05-26 04:30:00+00:00,M475,1,3.9861637392558062
2026-05-26 04:40:00+00:00,M475,1,3.9861637392558062
2026-05-26 05:45:00+00:00,M474,1,11.742331665439213
2026-05-26 06:45:00+00:00,M475,1,3.9861637392558062
2026-05-26 06:55:00+00:00,M029,1,5.0761719056800665
2026-05-26 07:00:00+00:00,M029,1,5.0761719056800665
2026-05-26 07:00:00+00:00,M490,1,3.6280130488296627
2026-05-26 07:50:00+00:00,M736,3,5.674080819384621
2026-05-26 08:10:00+00:00,M843,1,5.807053316353087
2026-05-26 08:25:00+00:00,M037,2,6.473020490727964
2026-05-26 08:55:00+00:00,M843,1,5.807053316353087
2026-05-26 09:05:00+00:00,M843,1,5.807053316353087
2026-05-26 09:35:00+00:00,M104,5,4.6030491176475925
2026-05-26 09:40:00+00:00,M490,1,3.6280130488296627
2026-05-26 10:35:00+00:00,M475,1,3.9861637392558062
2026-05-26 10:45:00+00:00,M037,23,74.70271328182946
2026-05-26 10:45:00+00:00,M855,17,9.414866583441787
2026-05-26 10:50:00+00:00,M104,4,3.5266457494405126
2026-05-26 10:50:00+00:00,M490,2,7.487149293327246
2026-05-26 10:50:00+00:00,M843,1,5.807053316353087
2026-05-26 10:55:00+00:00,M475,1,3.9861637392558062
2026-05-26 10:55:00+00:00,M490,2,7.487149293327246
2026-05-26 11:00:00+00:00,M490,1,3.6280130488296627
2026-05-26 11:05:00+00:00,M516,6,3.1541831310751034
2026-05-26 11:10:00+00:00,M516,10,5.60495119336208
2026-05-26 11:15:00+00:00,M490,1,3.6280130488296627
2026-05-26 11:15:00+00:00,M516,7,3.7668751466468473
2026-05-26 11:20:00+00:00,M475,1,3.9861637392558062
2026-05-26 11:35:00+00:00,M490,1,3.6280130488296627
2026-05-26 11:40:00+00:00,M475,1,3.9861637392558062
2026-05-26 11:40:00+00:00,M490,1,3.6280130488296627
2026-05-26 11:40:00+00:00,M516,6,3.1541831310751034
2026-05-26 12:00:00+00:00,M474,1,11.742331665439213
2026-05-26 12:05:00+00:00,M336,1,9.86959171074772
2026-05-26 12:05:00+00:00,M474,1,11.742331665439213
2026-05-26 12:30:00+00:00,M490,1,3.6280130488296627
2026-05-26 12:35:00+00:00,M490,2,7.487149293327246
2026-05-26 12:45:00+00:00,M029,1,5.0761719056800665
2026-05-26 12:50:00+00:00,M843,1,5.807053316353087
2026-05-26 13:15:00+00:00,M164,1,8.28702251171813
2026-05-26 13:20:00+00:00,M164,1,8.28702251171813
2026-05-26 15:10:00+00:00,M516,13,7.443027240077312
2026-05-26 16:00:00+00:00,M419,1,12.950858562770918
2026-05-26 16:20:00+00:00,M516,19,11.119179333507775
2026-05-26 16:25:00+00:00,M490,1,3.6280130488296627
2026-05-26 16:25:00+00:00,M516,14,8.055719255649056
2026-05-26 16:30:00+00:00,M516,6,3.1541831310751034
2026-05-26 16:45:00+00:00,M029,2,10.280636848059187
2026-05-26 16:45:00+00:00,M516,16,9.281103286792543
2026-05-26 16:45:00+00:00,M529,17,5.436886089754997
2026-05-26 16:45:00+00:00,M779,11,5.029687736550073
2026-05-26 16:50:00+00:00,M516,15,8.6684112712208
2026-05-26 16:50:00+00:00,M779,16,7.613251557365216
2026-05-26 16:55:00+00:00,M516,32,19.084175535940446
2026-05-26 16:55:00+00:00,M779,23,11.230240906506417
2026-05-26 16:55:00+00:00,M843,1,5.807053316353087
2026-05-26 17:00:00+00:00,M516,28,16.63340747365347
2026-05-26 17:05:00+00:00,M516,22,12.957255380223007
2026-05-26 17:10:00+00:00,M029,1,5.0761719056800665
2026-05-26 17:10:00+00:00,M516,19,11.119179333507775
2026-05-26 17:15:00+00:00,M516,28,16.63340747365347
2026-05-26 17:15:00+00:00,M779,8,3.4795494440609875
2026-05-26 17:20:00+00:00,M516,7,3.7668751466468473
2026-05-26 17:25:00+00:00,M029,1,5.0761719056800665
2026-05-26 18:30:00+00:00,M736,2,3.6390656569105078
2026-05-26 18:50:00+00:00,M843,1,5.807053316353087
2026-05-26 20:40:00+00:00,M516,15,8.6684112712208
2026-05-26 20:45:00+00:00,M490,1,3.6280130488296627
2026-05-26 20:45:00+00:00,M516,10,5.60495119336208
2026-05-26 20:55:00+00:00,M779,8,3.4795494440609875
2026-05-26 21:25:00+00:00,M609,19,3.8557871354782565
2026-05-26 21:50:00+00:00,M490,1,3.6280130488296627
2026-05-26 22:30:00+00:00,M164,1,8.28702251171813
2026-05-26 22:50:00+00:00,M841,5,4.357175157216511
2026-05-26 23:05:00+00:00,M029,1,5.0761719056800665
2026-05-26 23:40:00+00:00,M490,1,3.6280130488296627
2026-05-26 23:55:00+00:00,M475,1,3.9861637392558062
2026-05-27 01:05:00+00:00,M843,1,5.807053316353087
2026-05-27 01:45:00+00:00,M104,4,3.5266457494405126
2026-05-27 01:55:00+00:00,M378,81,3.4298932339374706
2026-05-27 01:55:00+00:00,M658,80,3.541161430248364
2026-05-27 01:55:00+00:00,M786,82,3.2303445052840782
2026-05-27 02:20:00+00:00,M658,74,3.0683951739114157
2026-05-27 02:50:00+00:00,M736,2,3.6390656569105078
2026-05-27 02:55:00+00:00,M104,4,3.5266457494405126
2026-05-27 03:10:00+00:00,M378,78,3.2044751899042905
2026-05-27 03:10:00+00:00,M658,78,3.383572678136048
2026-05-27 03:15:00+00:00,M475,1,3.9861637392558062
2026-05-27 03:15:00+00:00,M779,9,3.996262208224016
2026-05-27 03:20:00+00:00,M843,1,5.807053316353087
2026-05-27 04:25:00+00:00,M475,1,3.9861637392558062
2026-05-27 04:40:00+00:00,M475,2,8.14384733546669
2026-05-27 04:45:00+00:00,M164,1,8.28702251171813
2026-05-27 04:50:00+00:00,M475,1,3.9861637392558062
2026-05-27 04:55:00+00:00,M904,5,3.3151017642218727
2026-05-27 05:05:00+00:00,M475,3,12.301530931677576
2026-05-27 05:10:00+00:00,M475,1,3.9861637392558062
2026-05-27 05:30:00+00:00,M475,2,8.14384733546669
2026-05-27 05:45:00+00:00,M475,1,3.9861637392558062
2026-05-27 05:55:00+00:00,M475,1,3.9861637392558062
2026-05-27 06:00:00+00:00,M475,2,8.14384733546669
2026-05-27 06:10:00+00:00,M843,1,5.807053316353087
2026-05-27 06:30:00+00:00,M475,1,3.9861637392558062
2026-05-27 06:40:00+00:00,M029,1,5.0761719056800665
2026-05-27 06:45:00+00:00,M475,1,3.9861637392558062
2026-05-27 06:55:00+00:00,M029,1,5.0761719056800665
2026-05-27 07:10:00+00:00,M029,1,5.0761719056800665
2026-05-27 07:20:00+00:00,M475,2,8.14384733546669
2026-05-27 07:20:00+00:00,M904,5,3.3151017642218727
2026-05-27 07:30:00+00:00,M490,1,3.6280130488296627
2026-05-27 07:40:00+00:00,M843,1,5.807053316353087
2026-05-27 07:55:00+00:00,M104,6,5.679452485854673
2026-05-27 08:00:00+00:00,M475,1,3.9861637392558062
2026-05-27 08:05:00+00:00,M779,9,3.996262208224016
2026-05-27 08:25:00+00:00,M475,1,3.9861637392558062
2026-05-27 08:40:00+00:00,M104,4,3.5266457494405126
2026-05-27 08:45:00+00:00,M736,2,3.6390656569105078
2026-05-27 08:50:00+00:00,M475,2,8.14384733546669
2026-05-27 08:55:00+00:00,M475,1,3.9861637392558062
2026-05-27 09:05:00+00:00,M490,1,3.6280130488296627
2026-05-27 09:25:00+00:00,M475,1,3.9861637392558062
2026-05-27 09:30:00+00:00,M029,1,5.0761719056800665
2026-05-27 09:30:00+00:00,M475,2,8.14384733546669
2026-05-27 09:35:00+00:00,M336,1,9.86959171074772
2026-05-27 09:40:00+00:00,M475,1,3.9861637392558062
2026-05-27 09:55:00+00:00,M475,2,8.14384733546669
2026-05-27 10:15:00+00:00,M609,17,3.2811646980712545
2026-05-27 10:30:00+00:00,M164,1,8.28702251171813
2026-05-27 11:40:00+00:00,M841,5,4.357175157216511
2026-05-27 12:05:00+00:00,M104,4,3.5266457494405126
2026-05-27 12:20:00+00:00,M779,8,3.4795494440609875
2026-05-27 13:35:00+00:00,M736,3,5.674080819384621
2026-05-27 15:15:00+00:00,M419,1,12.950858562770918
2026-05-27 16:25:00+00:00,M419,1,12.950858562770918
2026-05-27 16:35:00+00:00,M490,1,3.6280130488296627
2026-05-27 19:00:00+00:00,M029,1,5.0761719056800665
2026-05-27 19:05:00+00:00,M841,4,3.3463180561446433
2026-05-27 20:00:00+00:00,M490,1,3.6280130488296627
2026-05-27 20:20:00+00:00,M164,1,8.28702251171813
2026-05-27 20:55:00+00:00,M490,1,3.6280130488296627
2026-05-27 21:15:00+00:00,M336,1,9.86959171074772
2026-05-27 23:20:00+00:00,M475,1,3.9861637392558062
2026-05-28 00:05:00+00:00,M490,1,3.6280130488296627
2026-05-28 00:35:00+00:00,M475,1,3.9861637392558062
2026-05-28 01:00:00+00:00,M736,3,5.674080819384621
2026-05-28 01:05:00+00:00,M736,6,11.779126306806962
2026-05-28 01:10:00+00:00,M475,1,3.9861637392558062
2026-05-28 01:20:00+00:00,M490,1,3.6280130488296627
2026-05-28 01:25:00+00:00,M475,1,3.9861637392558062
2026-05-28 01:30:00+00:00,M475,1,3.9861637392558062
2026-05-28 01:50:00+00:00,M736,2,3.6390656569105078
2026-05-28 02:00:00+00:00,M475,1,3.9861637392558062
2026-05-28 02:05:00+00:00,M843,1,5.807053316353087
2026-05-28 02:10:00+00:00,M490,1,3.6280130488296627
2026-05-28 02:55:00+00:00,M029,1,5.0761719056800665
2026-05-28 03:20:00+00:00,M490,1,3.6280130488296627
2026-05-28 03:30:00+00:00,M164,1,8.28702251171813
2026-05-28 03:30:00+00:00,M736,2,3.6390656569105078
2026-05-28 03:35:00+00:00,M475,1,3.9861637392558062
2026-05-28 03:50:00+00:00,M736,2,3.6390656569105078
2026-05-28 04:55:00+00:00,M475,1,3.9861637392558062
2026-05-28 06:10:00+00:00,M843,1,5.807053316353087
2026-05-28 06:25:00+00:00,M336,1,9.86959171074772
2026-05-28 06:55:00+00:00,M336,5,49.67843433323917
2026-05-28 06:55:00+00:00,M843,1,5.807053316353087
2026-05-28 07:40:00+00:00,M843,1,5.807053316353087
2026-05-28 07:45:00+00:00,M475,1,3.9861637392558062
2026-05-28 08:15:00+00:00,M029,1,5.0761719056800665
2026-05-28 08:45:00+00:00,M736,2,3.6390656569105078
2026-05-28 08:50:00+00:00,M490,1,3.6280130488296627
2026-05-28 08:50:00+00:00,M843,1,5.807053316353087
2026-05-28 09:05:00+00:00,M490,1,3.6280130488296627
2026-05-28 09:20:00+00:00,M475,1,3.9861637392558062
2026-05-28 09:45:00+00:00,M475,1,3.9861637392558062
2026-05-28 09:45:00+00:00,M490,1,3.6280130488296627
2026-05-28 11:20:00+00:00,M841,5,4.357175157216511
2026-05-28 11:55:00+00:00,M029,1,5.0761719056800665
2026-05-28 12:05:00+00:00,M843,1,5.807053316353087
2026-05-28 12:10:00+00:00,M164,1,8.28702251171813
2026-05-28 12:35:00+00:00,M336,1,9.86959171074772
2026-05-28 12:40:00+00:00,M490,1,3.6280130488296627
2026-05-28 12:45:00+00:00,M490,1,3.6280130488296627
2026-05-28 12:55:00+00:00,M490,1,3.6280130488296627
2026-05-28 13:00:00+00:00,M490,1,3.6280130488296627
2026-05-28 13:00:00+00:00,M843,1,5.807053316353087
2026-05-28 13:10:00+00:00,M736,2,3.6390656569105078
2026-05-28 13:45:00+00:00,M104,4,3.5266457494405126
2026-05-28 13:55:00+00:00,M490,2,7.487149293327246
2026-05-28 14:15:00+00:00,M904,5,3.3151017642218727
2026-05-28 17:20:00+00:00,M475,1,3.9861637392558062
2026-05-28 17:30:00+00:00,M475,1,3.9861637392558062
2026-05-28 18:05:00+00:00,M475,1,3.9861637392558062
2026-05-28 18:05:00+00:00,M736,2,3.6390656569105078
2026-05-28 18:10:00+00:00,M736,2,3.6390656569105078
2026-05-28 19:35:00+00:00,M843,1,5.807053316353087
2026-05-28 20:40:00+00:00,M029,1,5.0761719056800665
2026-05-28 21:50:00+00:00,M843,1,5.807053316353087
2026-05-28 21:55:00+00:00,M104,4,3.5266457494405126
2026-05-28 22:45:00+00:00,M490,1,3.6280130488296627
2026-05-28 23:40:00+00:00,M736,2,3.6390656569105078
2026-05-29 00:20:00+00:00,M490,1,3.6280130488296627
2026-05-29 01:10:00+00:00,M029,1,5.0761719056800665
2026-05-29 01:20:00+00:00,M104,5,4.6030491176475925
2026-05-29 01:25:00+00:00,M029,1,5.0761719056800665
2026-05-29 01:55:00+00:00,M474,1,11.742331665439213
2026-05-29 02:00:00+00:00,M104,4,3.5266457494405126
2026-05-29 02:05:00+00:00,M490,1,3.6280130488296627
2026-05-29 02:05:00+00:00,M736,2,3.6390656569105078
2026-05-29 02:10:00+00:00,M843,1,5.807053316353087
2026-05-29 02:40:00+00:00,M475,1,3.9861637392558062
2026-05-29 03:30:00+00:00,M490,1,3.6280130488296627
2026-05-29 03:30:00+00:00,M841,4,3.3463180561446433
2026-05-29 03:50:00+00:00,M490,1,3.6280130488296627
2026-05-29 03:55:00+00:00,M841,4,3.3463180561446433
2026-05-29 05:10:00+00:00,M490,1,3.6280130488296627
2026-05-29 05:10:00+00:00,M516,9,4.992259177790335
2026-05-29 05:15:00+00:00,M904,7,5.05554677663606
2026-05-29 05:20:00+00:00,M516,9,4.992259177790335
2026-05-29 05:50:00+00:00,M841,4,3.3463180561446433
2026-05-29 05:50:00+00:00,M843,1,5.807053316353087
2026-05-29 05:55:00+00:00,M475,1,3.9861637392558062
2026-05-29 06:00:00+00:00,M490,2,7.487149293327246
2026-05-29 06:00:00+00:00,M904,6,4.185324270428966
2026-05-29 06:05:00+00:00,M843,1,5.807053316353087
2026-05-29 06:05:00+00:00,M965,51,4.463051366928174
2026-05-29 06:15:00+00:00,M904,5,3.3151017642218727
2026-05-29 06:20:00+00:00,M904,8,5.925769282843153
2026-05-29 06:40:00+00:00,M904,5,3.3151017642218727
2026-05-29 07:00:00+00:00,M490,1,3.6280130488296627
2026-05-29 07:00:00+00:00,M843,1,5.807053316353087
2026-05-29 07:05:00+00:00,M475,1,3.9861637392558062
2026-05-29 07:05:00+00:00,M904,6,4.185324270428966
2026-05-29 07:20:00+00:00,M490,1,3.6280130488296627
2026-05-29 07:35:00+00:00,M841,6,5.368032258288379
2026-05-29 07:40:00+00:00,M516,6,3.1541831310751034
2026-05-29 07:55:00+00:00,M516,14,8.055719255649056
2026-05-29 08:00:00+00:00,M904,5,3.3151017642218727
2026-05-29 08:05:00+00:00,M516,9,4.992259177790335
2026-05-29 08:10:00+00:00,M029,1,5.0761719056800665
2026-05-29 08:15:00+00:00,M904,6,4.185324270428966
2026-05-29 08:35:00+00:00,M490,1,3.6280130488296627
2026-05-29 08:35:00+00:00,M736,2,3.6390656569105078
2026-05-29 09:10:00+00:00,M490,1,3.6280130488296627
2026-05-29 09:10:00+00:00,M736,2,3.6390656569105078
2026-05-29 09:20:00+00:00,M029,1,5.0761719056800665
2026-05-29 09:25:00+00:00,M736,4,7.709095981858734
2026-05-29 09:40:00+00:00,M736,2,3.6390656569105078
2026-05-29 09:50:00+00:00,M736,2,3.6390656569105078
2026-05-29 09:55:00+00:00,M779,8,3.4795494440609875
2026-05-29 10:00:00+00:00,M779,21,10.196815378180359
2026-05-29 10:15:00+00:00,M736,2,3.6390656569105078
2026-05-29 10:40:00+00:00,M736,2,3.6390656569105078
2026-05-29 11:00:00+00:00,M475,1,3.9861637392558062
2026-05-29 11:20:00+00:00,M029,1,5.0761719056800665
2026-05-29 11:20:00+00:00,M490,1,3.6280130488296627
2026-05-29 11:45:00+00:00,M736,2,3.6390656569105078
2026-05-29 11:50:00+00:00,M029,1,5.0761719056800665
2026-05-29 11:55:00+00:00,M841,4,3.3463180561446433
2026-05-29 12:50:00+00:00,M736,2,3.6390656569105078
2026-05-29 13:25:00+00:00,M490,1,3.6280130488296627
2026-05-29 14:00:00+00:00,M736,2,3.6390656569105078
2026-05-29 14:10:00+00:00,M843,1,5.807053316353087
2026-05-29 14:30:00+00:00,M029,1,5.0761719056800665
2026-05-29 14:40:00+00:00,M490,1,3.6280130488296627
2026-05-29 14:55:00+00:00,M029,1,5.0761719056800665
2026-05-29 14:55:00+00:00,M841,4,3.3463180561446433
2026-05-29 15:10:00+00:00,M843,1,5.807053316353087
2026-05-29 15:35:00+00:00,M841,4,3.3463180561446433
2026-05-29 16:00:00+00:00,M419,1,12.950858562770918
2026-05-29 16:35:00+00:00,M843,1,5.807053316353087
2026-05-29 17:10:00+00:00,M843,1,5.807053316353087
2026-05-29 17:25:00+00:00,M164,1,8.28702251171813
2026-05-29 17:40:00+00:00,M736,2,3.6390656569105078
2026-05-29 17:45:00+00:00,M736,2,3.6390656569105078
2026-05-29 18:10:00+00:00,M843,1,5.807053316353087
2026-05-29 18:35:00+00:00,M336,1,9.86959171074772
2026-05-29 19:40:00+00:00,M779,11,5.029687736550073
2026-05-29 20:40:00+00:00,M490,1,3.6280130488296627
2026-05-29 21:05:00+00:00,M736,2,3.6390656569105078
2026-05-29 21:35:00+00:00,M490,1,3.6280130488296627
2026-05-29 21:55:00+00:00,M843,1,5.807053316353087
2026-05-29 23:10:00+00:00,M475,1,3.9861637392558062
2026-05-29 23:40:00+00:00,M475,1,3.9861637392558062
2026-05-30 00:00:00+00:00,M736,2,3.6390656569105078
2026-05-30 00:05:00+00:00,M475,1,3.9861637392558062
2026-05-30 00:10:00+00:00,M475,1,3.9861637392558062
2026-05-30 00:15:00+00:00,M474,1,11.742331665439213
2026-05-30 00:15:00+00:00,M475,1,3.9861637392558062
2026-05-30 00:55:00+00:00,M490,1,3.6280130488296627
2026-05-30 01:00:00+00:00,M474,1,11.742331665439213
2026-05-30 01:20:00+00:00,M475,2,8.14384733546669
2026-05-30 01:40:00+00:00,M475,1,3.9861637392558062
2026-05-30 02:00:00+00:00,M736,2,3.6390656569105078
2026-05-30 02:05:00+00:00,M475,1,3.9861637392558062
2026-05-30 02:15:00+00:00,M475,1,3.9861637392558062
2026-05-30 02:20:00+00:00,M490,1,3.6280130488296627
2026-05-30 02:25:00+00:00,M029,1,5.0761719056800665
2026-05-30 02:25:00+00:00,M841,6,5.368032258288379
2026-05-30 02:40:00+00:00,M843,1,5.807053316353087
2026-05-30 02:45:00+00:00,M843,1,5.807053316353087
2026-05-30 03:00:00+00:00,M843,1,5.807053316353087
2026-05-30 03:05:00+00:00,M843,1,5.807053316353087
2026-05-30 03:15:00+00:00,M736,2,3.6390656569105078
2026-05-30 03:20:00+00:00,M490,1,3.6280130488296627
2026-05-30 03:30:00+00:00,M490,1,3.6280130488296627
2026-05-30 03:35:00+00:00,M029,1,5.0761719056800665
2026-05-30 04:15:00+00:00,M475,1,3.9861637392558062
2026-05-30 04:20:00+00:00,M475,1,3.9861637392558062
2026-05-30 04:50:00+00:00,M843,1,5.807053316353087
2026-05-30 05:00:00+00:00,M516,6,3.1541831310751034
2026-05-30 05:30:00+00:00,M490,1,3.6280130488296627
2026-05-30 05:40:00+00:00,M490,1,3.6280130488296627
2026-05-30 05:45:00+00:00,M475,1,3.9861637392558062
2026-05-30 06:05:00+00:00,M779,8,3.4795494440609875
2026-05-30 06:05:00+00:00,M841,9,8.400603561503983
2026-05-30 07:05:00+00:00,M841,5,4.357175157216511
2026-05-30 07:20:00+00:00,M843,1,5.807053316353087
2026-05-30 07:30:00+00:00,M104,4,3.5266457494405126
2026-05-30 08:00:00+00:00,M475,2,8.14384733546669
2026-05-30 08:20:00+00:00,M490,1,3.6280130488296627
2026-05-30 08:20:00+00:00,M841,4,3.3463180561446433
2026-05-30 08:30:00+00:00,M841,4,3.3463180561446433
2026-05-30 08:35:00+00:00,M736,2,3.6390656569105078
2026-05-30 08:45:00+00:00,M475,1,3.9861637392558062
2026-05-30 08:45:00+00:00,M843,1,5.807053316353087
2026-05-30 09:50:00+00:00,M490,1,3.6280130488296627
2026-05-30 09:55:00+00:00,M490,1,3.6280130488296627
2026-05-30 10:15:00+00:00,M419,1,12.950858562770918
2026-05-30 10:25:00+00:00,M029,1,5.0761719056800665
2026-05-30 10:50:00+00:00,M841,4,3.3463180561446433
2026-05-30 11:05:00+00:00,M475,1,3.9861637392558062
2026-05-30 11:15:00+00:00,M736,2,3.6390656569105078
2026-05-30 11:25:00+00:00,M475,1,3.9861637392558062
2026-05-30 11:30:00+00:00,M841,5,4.357175157216511
2026-05-30 12:20:00+00:00,M841,5,4.357175157216511
2026-05-30 13:10:00+00:00,M841,4,3.3463180561446433
2026-05-30 13:15:00+00:00,M843,1,5.807053316353087
2026-05-30 13:55:00+00:00,M843,1,5.807053316353087
2026-05-30 14:10:00+00:00,M475,1,3.9861637392558062
2026-05-30 14:20:00+00:00,M475,1,3.9861637392558062
2026-05-30 14:40:00+00:00,M419,1,12.950858562770918
2026-05-30 14:45:00+00:00,M490,1,3.6280130488296627
2026-05-30 14:50:00+00:00,M841,5,4.357175157216511
2026-05-30 15:40:00+00:00,M736,2,3.6390656569105078
2026-05-30 16:00:00+00:00,M419,1,12.950858562770918
2026-05-30 16:05:00+00:00,M843,1,5.807053316353087
2026-05-30 16:40:00+00:00,M736,2,3.6390656569105078
2026-05-30 17:15:00+00:00,M736,2,3.6390656569105078
2026-05-30 19:00:00+00:00,M736,2,3.6390656569105078
2026-05-30 19:35:00+00:00,M474,1,11.742331665439213
2026-05-30 19:55:00+00:00,M336,1,9.86959171074772
2026-05-30 20:10:00+00:00,M475,1,3.9861637392558062
2026-05-30 20:30:00+00:00,M843,1,5.807053316353087
2026-05-30 22:15:00+00:00,M029,1,5.0761719056800665
2026-05-30 22:35:00+00:00,M490,1,3.6280130488296627
2026-05-30 22:45:00+00:00,M490,1,3.6280130488296627
2026-05-30 23:45:00+00:00,M736,2,3.6390656569105078
2026-05-31 00:50:00+00:00,M843,1,5.807053316353087
2026-05-31 01:15:00+00:00,M904,5,3.3151017642218727
2026-05-31 02:05:00+00:00,M841,4,3.3463180561446433
2026-05-31 02:10:00+00:00,M841,5,4.357175157216511
2026-05-31 02:25:00+00:00,M490,1,3.6280130488296627
2026-05-31 02:30:00+00:00,M474,1,11.742331665439213
2026-05-31 02:55:00+00:00,M736,3,5.674080819384621
2026-05-31 03:05:00+00:00,M490,1,3.6280130488296627
2026-05-31 03:15:00+00:00,M904,5,3.3151017642218727
2026-05-31 03:30:00+00:00,M841,4,3.3463180561446433
2026-05-31 03:40:00+00:00,M779,12,5.546400500713102
2026-05-31 03:45:00+00:00,M841,4,3.3463180561446433
2026-05-31 03:50:00+00:00,M336,1,9.86959171074772
2026-05-31 04:05:00+00:00,M516,6,3.1541831310751034
2026-05-31 04:05:00+00:00,M779,13,6.06311326487613
2026-05-31 04:10:00+00:00,M516,6,3.1541831310751034
2026-05-31 04:10:00+00:00,M779,8,3.4795494440609875
2026-05-31 04:20:00+00:00,M736,2,3.6390656569105078
2026-05-31 04:30:00+00:00,M736,2,3.6390656569105078
2026-05-31 04:40:00+00:00,M841,4,3.3463180561446433
2026-05-31 05:00:00+00:00,M841,6,5.368032258288379
2026-05-31 05:30:00+00:00,M841,4,3.3463180561446433
2026-05-31 05:40:00+00:00,M736,2,3.6390656569105078
2026-05-31 05:50:00+00:00,M736,2,3.6390656569105078
2026-05-31 05:55:00+00:00,M841,5,4.357175157216511
2026-05-31 06:00:00+00:00,M490,1,3.6280130488296627
2026-05-31 06:55:00+00:00,M736,2,3.6390656569105078
2026-05-31 07:15:00+00:00,M736,2,3.6390656569105078
2026-05-31 07:25:00+00:00,M475,1,3.9861637392558062
2026-05-31 07:35:00+00:00,M736,2,3.6390656569105078
2026-05-31 07:45:00+00:00,M736,2,3.6390656569105078
2026-05-31 07:55:00+00:00,M490,1,3.6280130488296627
2026-05-31 08:00:00+00:00,M904,5,3.3151017642218727
2026-05-31 08:10:00+00:00,M029,1,5.0761719056800665
2026-05-31 08:10:00+00:00,M265,28,3.0411736632162842
2026-05-31 08:30:00+00:00,M490,1,3.6280130488296627
2026-05-31 08:35:00+00:00,M029,1,5.0761719056800665
2026-05-31 08:35:00+00:00,M490,1,3.6280130488296627
2026-05-31 08:50:00+00:00,M736,2,3.6390656569105078
2026-05-31 09:45:00+00:00,M843,1,5.807053316353087
2026-05-31 09:50:00+00:00,M736,2,3.6390656569105078
2026-05-31 10:05:00+00:00,M336,1,9.86959171074772
2026-05-31 10:45:00+00:00,M736,2,3.6390656569105078
2026-05-31 10:55:00+00:00,M104,4,3.5266457494405126
2026-05-31 11:05:00+00:00,M029,1,5.0761719056800665
2026-05-31 11:30:00+00:00,M475,1,3.9861637392558062
2026-05-31 11:35:00+00:00,M474,1,11.742331665439213
2026-05-31 12:35:00+00:00,M419,1,12.950858562770918
2026-05-31 13:20:00+00:00,M029,1,5.0761719056800665
2026-05-31 13:55:00+00:00,M736,3,5.674080819384621
2026-05-31 14:00:00+00:00,M736,2,3.6390656569105078
2026-05-31 14:55:00+00:00,M474,1,11.742331665439213
2026-05-31 15:50:00+00:00,M490,1,3.6280130488296627
2026-05-31 17:20:00+00:00,M475,1,3.9861637392558062
2026-05-31 17:50:00+00:00,M736,2,3.6390656569105078
2026-05-31 18:50:00+00:00,M029,1,5.0761719056800665
2026-05-31 19:05:00+00:00,M474,1,11.742331665439213
2026-05-31 19:45:00+00:00,M474,1,11.742331665439213
2026-05-31 20:10:00+00:00,M490,2,7.487149293327246
2026-05-31 21:05:00+00:00,M736,2,3.6390656569105078
2026-05-31 21:20:00+00:00,M736,2,3.6390656569105078
2026-05-31 21:50:00+00:00,M029,1,5.0761719056800665
2026-05-31 23:05:00+00:00,M490,1,3.6280130488296627
2026-05-31 23:25:00+00:00,M490,1,3.6280130488296627
2026-05-31 23:35:00+00:00,M490,1,3.6280130488296627
2026-05-31 23:50:00+00:00,M490,1,3.6280130488296627
2026-06-01 00:00:00+00:00,M490,1,3.6280130488296627
2026-06-01 00:15:00+00:00,M736,2,3.6390656569105078
2026-06-01 00:30:00+00:00,M490,1,3.6280130488296627
2026-06-01 01:20:00+00:00,M029,1,5.0761719056800665
2026-06-01 01:30:00+00:00,M490,1,3.6280130488296627
2026-06-01 02:30:00+00:00,M378,77,3.1293358418932304
2026-06-01 02:30:00+00:00,M658,77,3.3047783020798898
2026-06-01 02:35:00+00:00,M658,75,3.1471895499675737
2026-06-01 02:40:00+00:00,M475,1,3.9861637392558062
2026-06-01 02:45:00+00:00,M736,3,5.674080819384621
2026-06-01 03:15:00+00:00,M475,2,8.14384733546669
2026-06-01 03:40:00+00:00,M490,1,3.6280130488296627
2026-06-01 04:05:00+00:00,M378,84,3.6553112779706507
2026-06-01 04:05:00+00:00,M475,1,3.9861637392558062
2026-06-01 04:05:00+00:00,M658,84,3.8563389344729955
2026-06-01 04:05:00+00:00,M786,85,3.4351037051928617
2026-06-01 04:10:00+00:00,M475,1,3.9861637392558062
2026-06-01 04:15:00+00:00,M475,1,3.9861637392558062
2026-06-01 05:00:00+00:00,M378,79,3.2796145379153505
2026-06-01 05:00:00+00:00,M475,1,3.9861637392558062
2026-06-01 05:00:00+00:00,M658,79,3.462367054192206
2026-06-01 05:00:00+00:00,M786,82,3.2303445052840782
2026-06-01 05:05:00+00:00,M378,85,3.7304506259817107
2026-06-01 05:05:00+00:00,M658,85,3.9351333105291535
2026-06-01 05:05:00+00:00,M786,86,3.5033567718291225
2026-06-01 05:10:00+00:00,M378,82,3.5050325819485306
2026-06-01 05:10:00+00:00,M658,82,3.6987501823606794
2026-06-01 05:10:00+00:00,M786,87,3.571609838465384
2026-06-01 05:35:00+00:00,M474,1,11.742331665439213
2026-06-01 05:40:00+00:00,M841,4,3.3463180561446433
2026-06-01 05:55:00+00:00,M736,2,3.6390656569105078
2026-06-01 06:00:00+00:00,M475,1,3.9861637392558062
2026-06-01 06:35:00+00:00,M490,1,3.6280130488296627
2026-06-01 07:00:00+00:00,M475,1,3.9861637392558062
2026-06-01 07:00:00+00:00,M490,1,3.6280130488296627
2026-06-01 08:35:00+00:00,M029,1,5.0761719056800665
2026-06-01 08:45:00+00:00,M336,1,9.86959171074772
2026-06-01 08:45:00+00:00,M474,1,11.742331665439213
2026-06-01 08:50:00+00:00,M029,1,5.0761719056800665
2026-06-01 08:55:00+00:00,M490,1,3.6280130488296627
2026-06-01 09:00:00+00:00,M736,2,3.6390656569105078
2026-06-01 09:05:00+00:00,M029,1,5.0761719056800665
2026-06-01 09:05:00+00:00,M843,1,5.807053316353087
2026-06-01 09:15:00+00:00,M490,1,3.6280130488296627
2026-06-01 09:40:00+00:00,M029,1,5.0761719056800665
2026-06-01 09:40:00+00:00,M378,80,3.3547538859264106
2026-06-01 09:40:00+00:00,M658,80,3.541161430248364
2026-06-01 09:40:00+00:00,M786,82,3.2303445052840782
2026-06-01 09:45:00+00:00,M490,1,3.6280130488296627
2026-06-01 09:55:00+00:00,M490,1,3.6280130488296627
2026-06-01 11:05:00+00:00,M736,2,3.6390656569105078
2026-06-01 11:15:00+00:00,M475,1,3.9861637392558062
2026-06-01 11:40:00+00:00,M029,1,5.0761719056800665
2026-06-01 11:55:00+00:00,M490,1,3.6280130488296627
2026-06-01 12:05:00+00:00,M490,1,3.6280130488296627
2026-06-01 12:10:00+00:00,M490,1,3.6280130488296627
2026-06-01 12:25:00+00:00,M490,1,3.6280130488296627
2026-06-01 12:25:00+00:00,M841,4,3.3463180561446433
2026-06-01 13:05:00+00:00,M475,1,3.9861637392558062
2026-06-01 14:05:00+00:00,M104,4,3.5266457494405126
2026-06-01 14:15:00+00:00,M475,1,3.9861637392558062
2026-06-01 15:10:00+00:00,M475,1,3.9861637392558062
2026-06-01 16:10:00+00:00,M475,1,3.9861637392558062
2026-06-01 16:20:00+00:00,M037,2,6.473020490727964
2026-06-01 16:20:00+00:00,M855,35,19.41319233842977
2026-06-01 16:50:00+00:00,M336,1,9.86959171074772
2026-06-01 17:05:00+00:00,M185,11,-3.0623524272337717
2026-06-01 17:05:00+00:00,M696,378,-4.115313276769525
2026-06-01 17:05:00+00:00,M874,7,-3.2337872451447693
2026-06-01 17:05:00+00:00,M971,2395,-3.175977440379299
2026-06-01 17:10:00+00:00,M037,1,3.2239875006755123
2026-06-01 17:10:00+00:00,M696,558,-3.3015744772673026
2026-06-01 17:10:00+00:00,M855,38,21.0795799642611
2026-06-01 17:10:00+00:00,M874,1,-3.3465862772381234
2026-06-01 17:15:00+00:00,M185,4,-3.6729902970610286
2026-06-01 17:15:00+00:00,M696,363,-4.18312484339471
2026-06-01 17:15:00+00:00,M874,0,-3.365386115920349
2026-06-01 17:15:00+00:00,M971,2298,-3.2985704030975214
2026-06-01 17:20:00+00:00,M185,7,-3.411288352849347
2026-06-01 17:20:00+00:00,M696,407,-3.9842109146275
2026-06-01 17:20:00+00:00,M874,0,-3.365386115920349
2026-06-01 17:25:00+00:00,M185,9,-3.2368203900415593
2026-06-01 17:25:00+00:00,M696,407,-3.9842109146275
2026-06-01 17:25:00+00:00,M843,1,5.807053316353087
2026-06-01 17:25:00+00:00,M874,0,-3.365386115920349
2026-06-01 17:25:00+00:00,M971,2369,-3.2088374097676886
2026-06-01 17:30:00+00:00,M185,6,-3.498522334253241
2026-06-01 17:30:00+00:00,M696,387,-4.074626336794414
2026-06-01 17:30:00+00:00,M874,1,-3.3465862772381234
2026-06-01 17:30:00+00:00,M971,2498,-3.045801407802217
2026-06-01 17:35:00+00:00,M185,5,-3.585756315657135
2026-06-01 17:35:00+00:00,M696,437,-3.84858778137713
2026-06-01 17:35:00+00:00,M874,0,-3.365386115920349
2026-06-01 17:35:00+00:00,M971,2478,-3.0710783073317476
2026-06-01 19:45:00+00:00,M336,1,9.86959171074772
2026-06-01 20:15:00+00:00,M029,1,5.0761719056800665
2026-06-01 20:30:00+00:00,M029,1,5.0761719056800665
2026-06-01 22:40:00+00:00,M490,1,3.6280130488296627
2026-06-01 22:40:00+00:00,M736,2,3.6390656569105078
2026-06-01 23:00:00+00:00,M474,1,11.742331665439213
2026-06-02 00:05:00+00:00,M490,1,3.6280130488296627
2026-06-02 00:10:00+00:00,M841,4,3.3463180561446433
2026-06-02 00:15:00+00:00,M475,1,3.9861637392558062
2026-06-02 00:20:00+00:00,M029,1,5.0761719056800665
2026-06-02 02:00:00+00:00,M779,9,3.996262208224016
2026-06-02 02:45:00+00:00,M736,2,3.6390656569105078
2026-06-02 02:50:00+00:00,M029,1,5.0761719056800665
2026-06-02 02:55:00+00:00,M475,1,3.9861637392558062
2026-06-02 03:30:00+00:00,M736,2,3.6390656569105078
2026-06-02 04:00:00+00:00,M475,1,3.9861637392558062
2026-06-02 04:05:00+00:00,M475,1,3.9861637392558062
2026-06-02 04:05:00+00:00,M786,80,3.093838372011556
2026-06-02 04:10:00+00:00,M490,4,15.20542178232241
2026-06-02 04:50:00+00:00,M475,1,3.9861637392558062
2026-06-02 05:25:00+00:00,M475,1,3.9861637392558062
2026-06-02 05:35:00+00:00,M475,1,3.9861637392558062
2026-06-02 05:40:00+00:00,M029,1,5.0761719056800665
2026-06-02 05:40:00+00:00,M736,2,3.6390656569105078
2026-06-02 05:45:00+00:00,M843,1,5.807053316353087
2026-06-02 06:50:00+00:00,M490,1,3.6280130488296627
2026-06-02 07:15:00+00:00,M475,1,3.9861637392558062
2026-06-02 08:15:00+00:00,M104,4,3.5266457494405126
2026-06-02 08:15:00+00:00,M516,6,3.1541831310751034
2026-06-02 08:20:00+00:00,M779,8,3.4795494440609875
2026-06-02 08:30:00+00:00,M164,1,8.28702251171813
2026-06-02 09:45:00+00:00,M475,1,3.9861637392558062
2026-06-02 10:15:00+00:00,M490,1,3.6280130488296627
2026-06-02 10:30:00+00:00,M474,1,11.742331665439213
2026-06-02 11:10:00+00:00,M475,1,3.9861637392558062
2026-06-02 11:30:00+00:00,M516,6,3.1541831310751034
2026-06-02 11:40:00+00:00,M336,1,9.86959171074772
2026-06-02 11:40:00+00:00,M843,1,5.807053316353087
2026-06-02 11:50:00+00:00,M490,2,7.487149293327246
2026-06-02 11:55:00+00:00,M029,1,5.0761719056800665
2026-06-02 12:55:00+00:00,M841,5,4.357175157216511
2026-06-02 13:25:00+00:00,M965,42,3.351994399686776
2026-06-02 14:30:00+00:00,M475,1,3.9861637392558062
2026-06-02 14:45:00+00:00,M529,12,3.777481769739542
2026-06-02 15:20:00+00:00,M965,43,3.4754451738247094
2026-06-02 16:00:00+00:00,M419,1,12.950858562770918
2026-06-02 16:10:00+00:00,M419,1,12.950858562770918
2026-06-02 16:45:00+00:00,M843,1,5.807053316353087
2026-06-02 16:50:00+00:00,M965,45,3.7223467221005757
2026-06-02 17:15:00+00:00,M965,40,3.1050928514109097
2026-06-02 18:00:00+00:00,M164,1,8.28702251171813
2026-06-02 18:20:00+00:00,M037,1,3.2239875006755123
2026-06-02 18:40:00+00:00,M164,5,41.68406979372975
2026-06-02 18:45:00+00:00,M164,2,16.636284332221035
2026-06-02 18:50:00+00:00,M475,1,3.9861637392558062
2026-06-02 19:45:00+00:00,M843,1,5.807053316353087
2026-06-02 20:00:00+00:00,M475,1,3.9861637392558062
2026-06-02 22:50:00+00:00,M475,1,3.9861637392558062
2026-06-02 23:40:00+00:00,M965,41,3.228543625548843
2026-06-03 01:05:00+00:00,M164,1,8.28702251171813
2026-06-03 01:20:00+00:00,M841,4,3.3463180561446433
2026-06-03 01:30:00+00:00,M029,1,5.0761719056800665
2026-06-03 01:30:00+00:00,M490,1,3.6280130488296627
2026-06-03 01:35:00+00:00,M029,1,5.0761719056800665
2026-06-03 01:35:00+00:00,M779,8,3.4795494440609875
2026-06-03 01:40:00+00:00,M490,1,3.6280130488296627
2026-06-03 01:40:00+00:00,M516,9,4.992259177790335
2026-06-03 01:40:00+00:00,M779,14,6.579826029039159
2026-06-03 01:40:00+00:00,M786,85,3.4351037051928617
2026-06-03 01:45:00+00:00,M490,1,3.6280130488296627
2026-06-03 01:45:00+00:00,M516,9,4.992259177790335
2026-06-03 02:00:00+00:00,M029,1,5.0761719056800665
2026-06-03 02:00:00+00:00,M841,6,5.368032258288379
2026-06-03 02:05:00+00:00,M490,1,3.6280130488296627
2026-06-03 02:15:00+00:00,M164,1,8.28702251171813
2026-06-03 02:30:00+00:00,M841,6,5.368032258288379
2026-06-03 02:55:00+00:00,M490,1,3.6280130488296627
2026-06-03 03:40:00+00:00,M336,1,9.86959171074772
2026-06-03 03:50:00+00:00,M029,1,5.0761719056800665
2026-06-03 04:00:00+00:00,M490,1,3.6280130488296627
2026-06-03 04:05:00+00:00,M104,4,3.5266457494405126
2026-06-03 04:10:00+00:00,M841,5,4.357175157216511
2026-06-03 04:25:00+00:00,M029,1,5.0761719056800665
2026-06-03 04:25:00+00:00,M104,5,4.6030491176475925
2026-06-03 04:25:00+00:00,M516,9,4.992259177790335
2026-06-03 04:30:00+00:00,M029,1,5.0761719056800665
2026-06-03 04:30:00+00:00,M475,1,3.9861637392558062
2026-06-03 04:50:00+00:00,M490,1,3.6280130488296627
2026-06-03 05:15:00+00:00,M843,1,5.807053316353087
2026-06-03 06:10:00+00:00,M475,1,3.9861637392558062
2026-06-03 06:30:00+00:00,M490,1,3.6280130488296627
2026-06-03 06:45:00+00:00,M965,40,3.1050928514109097
2026-06-03 06:50:00+00:00,M475,1,3.9861637392558062
2026-06-03 07:05:00+00:00,M843,1,5.807053316353087
2026-06-03 07:10:00+00:00,M475,1,3.9861637392558062
2026-06-03 07:10:00+00:00,M965,46,3.8457974962385086
2026-06-03 07:30:00+00:00,M475,1,3.9861637392558062
2026-06-03 07:30:00+00:00,M490,1,3.6280130488296627
2026-06-03 07:35:00+00:00,M965,46,3.8457974962385086
2026-06-03 07:50:00+00:00,M475,1,3.9861637392558062
2026-06-03 08:00:00+00:00,M965,42,3.351994399686776
2026-06-03 08:15:00+00:00,M965,44,3.5988959479626423
2026-06-03 08:40:00+00:00,M965,48,4.092699044514375
2026-06-03 08:50:00+00:00,M475,1,3.9861637392558062
2026-06-03 09:00:00+00:00,M490,1,3.6280130488296627
2026-06-03 09:05:00+00:00,M029,1,5.0761719056800665
2026-06-03 09:05:00+00:00,M841,4,3.3463180561446433
2026-06-03 09:05:00+00:00,M965,44,3.5988959479626423
2026-06-03 09:10:00+00:00,M843,1,5.807053316353087
2026-06-03 09:30:00+00:00,M965,45,3.7223467221005757
2026-06-03 09:45:00+00:00,M965,43,3.4754451738247094
2026-06-03 10:10:00+00:00,M965,47,3.9692482703764416
2026-06-03 10:15:00+00:00,M475,2,8.14384733546669
2026-06-03 10:25:00+00:00,M475,2,8.14384733546669
2026-06-03 10:30:00+00:00,M475,5,20.616898124099347
2026-06-03 10:35:00+00:00,M475,5,20.616898124099347
2026-06-03 10:35:00+00:00,M965,40,3.1050928514109097
2026-06-03 11:00:00+00:00,M029,2,10.280636848059187
2026-06-03 11:20:00+00:00,M475,1,3.9861637392558062
2026-06-03 11:30:00+00:00,M475,1,3.9861637392558062
2026-06-03 12:25:00+00:00,M736,2,3.6390656569105078
2026-06-03 12:45:00+00:00,M475,1,3.9861637392558062
2026-06-03 12:55:00+00:00,M475,1,3.9861637392558062
2026-06-03 12:55:00+00:00,M841,4,3.3463180561446433
2026-06-03 13:15:00+00:00,M475,1,3.9861637392558062
2026-06-03 13:40:00+00:00,M474,1,11.742331665439213
2026-06-03 14:00:00+00:00,M475,1,3.9861637392558062
2026-06-03 14:00:00+00:00,M965,42,3.351994399686776
2026-06-03 14:05:00+00:00,M475,1,3.9861637392558062
2026-06-03 14:15:00+00:00,M475,1,3.9861637392558062
2026-06-03 14:15:00+00:00,M490,2,7.487149293327246
2026-06-03 14:30:00+00:00,M475,2,8.14384733546669
2026-06-03 14:55:00+00:00,M475,1,3.9861637392558062
2026-06-03 15:00:00+00:00,M516,7,3.7668751466468473
2026-06-03 15:15:00+00:00,M475,1,3.9861637392558062
2026-06-03 15:30:00+00:00,M475,1,3.9861637392558062
2026-06-03 15:45:00+00:00,M475,1,3.9861637392558062
2026-06-03 16:00:00+00:00,M419,1,12.950858562770918
2026-06-03 16:05:00+00:00,M843,1,5.807053316353087
2026-06-03 18:50:00+00:00,M475,1,3.9861637392558062
2026-06-03 18:55:00+00:00,M475,1,3.9861637392558062
2026-06-03 19:40:00+00:00,M475,1,3.9861637392558062
2026-06-03 21:15:00+00:00,M490,1,3.6280130488296627
2026-06-03 21:20:00+00:00,M490,1,3.6280130488296627
2026-06-03 21:25:00+00:00,M490,1,3.6280130488296627
2026-06-03 23:15:00+00:00,M490,1,3.6280130488296627
2026-06-04 00:50:00+00:00,M490,1,3.6280130488296627
2026-06-04 01:05:00+00:00,M029,1,5.0761719056800665
2026-06-04 01:15:00+00:00,M029,1,5.0761719056800665
2026-06-04 01:35:00+00:00,M164,1,8.28702251171813
2026-06-04 01:35:00+00:00,M475,1,3.9861637392558062
2026-06-04 01:40:00+00:00,M164,1,8.28702251171813
2026-06-04 01:40:00+00:00,M378,177,10.643270642999232
2026-06-04 01:40:00+00:00,M490,1,3.6280130488296627
2026-06-04 01:40:00+00:00,M658,177,11.184215907695686
2026-06-04 01:40:00+00:00,M786,180,9.919145035637667
2026-06-04 01:45:00+00:00,M965,42,3.351994399686776
2026-06-04 02:10:00+00:00,M904,5,3.3151017642218727
2026-06-04 02:25:00+00:00,M965,40,3.1050928514109097
2026-06-04 02:50:00+00:00,M029,1,5.0761719056800665
2026-06-04 02:50:00+00:00,M965,40,3.1050928514109097
2026-06-04 03:55:00+00:00,M336,1,9.86959171074772
2026-06-04 03:55:00+00:00,M965,42,3.351994399686776
2026-06-04 04:20:00+00:00,M965,42,3.351994399686776
2026-06-04 04:30:00+00:00,M336,1,9.86959171074772
2026-06-04 04:45:00+00:00,M843,1,5.807053316353087
2026-06-04 04:50:00+00:00,M029,1,5.0761719056800665
2026-06-04 05:05:00+00:00,M736,2,3.6390656569105078
2026-06-04 05:20:00+00:00,M843,1,5.807053316353087
2026-06-04 05:25:00+00:00,M965,44,3.5988959479626423
2026-06-04 05:50:00+00:00,M841,4,3.3463180561446433
2026-06-04 05:50:00+00:00,M965,42,3.351994399686776
2026-06-04 06:15:00+00:00,M965,43,3.4754451738247094
2026-06-04 07:10:00+00:00,M475,1,3.9861637392558062
2026-06-04 07:10:00+00:00,M490,1,3.6280130488296627
2026-06-04 07:20:00+00:00,M378,125,6.736024546424111
2026-06-04 07:20:00+00:00,M658,125,7.086908352775472
2026-06-04 07:20:00+00:00,M786,129,6.438238637188351
2026-06-04 07:20:00+00:00,M841,4,3.3463180561446433
2026-06-04 07:20:00+00:00,M965,45,3.7223467221005757
2026-06-04 07:40:00+00:00,M475,5,20.616898124099347
2026-06-04 07:45:00+00:00,M475,1,3.9861637392558062
2026-06-04 07:45:00+00:00,M490,1,3.6280130488296627
2026-06-04 08:10:00+00:00,M843,1,5.807053316353087
2026-06-04 08:10:00+00:00,M965,41,3.228543625548843
2026-06-04 08:20:00+00:00,M843,1,5.807053316353087
2026-06-04 08:25:00+00:00,M904,5,3.3151017642218727
2026-06-04 08:30:00+00:00,M475,1,3.9861637392558062
2026-06-04 08:50:00+00:00,M965,43,3.4754451738247094
2026-06-04 09:00:00+00:00,M474,1,11.742331665439213
2026-06-04 09:15:00+00:00,M965,40,3.1050928514109097
2026-06-04 10:00:00+00:00,M490,1,3.6280130488296627
2026-06-04 10:05:00+00:00,M965,40,3.1050928514109097
2026-06-04 10:15:00+00:00,M736,2,3.6390656569105078
2026-06-04 10:45:00+00:00,M965,40,3.1050928514109097
2026-06-04 11:10:00+00:00,M965,40,3.1050928514109097
2026-06-04 12:35:00+00:00,M029,1,5.0761719056800665
2026-06-04 12:35:00+00:00,M490,1,3.6280130488296627
2026-06-04 13:00:00+00:00,M736,2,3.6390656569105078
2026-06-04 13:10:00+00:00,M736,2,3.6390656569105078
2026-06-04 14:30:00+00:00,M475,1,3.9861637392558062
2026-06-04 15:15:00+00:00,M475,2,8.14384733546669
2026-06-04 15:30:00+00:00,M843,1,5.807053316353087
2026-06-04 15:35:00+00:00,M475,1,3.9861637392558062
2026-06-04 16:00:00+00:00,M419,1,12.950858562770918
2026-06-04 16:30:00+00:00,M475,1,3.9861637392558062
2026-06-04 16:40:00+00:00,M029,1,5.0761719056800665
2026-06-04 18:15:00+00:00,M490,1,3.6280130488296627
2026-06-04 20:20:00+00:00,M516,7,3.7668751466468473
2026-06-04 21:00:00+00:00,M843,1,5.807053316353087
2026-06-04 21:25:00+00:00,M843,1,5.807053316353087
2026-06-04 21:50:00+00:00,M475,1,3.9861637392558062
2026-06-04 22:00:00+00:00,M029,1,5.0761719056800665
2026-06-04 22:05:00+00:00,M736,2,3.6390656569105078
2026-06-04 22:05:00+00:00,M904,5,3.3151017642218727
2026-06-04 22:15:00+00:00,M490,1,3.6280130488296627
2026-06-04 22:20:00+00:00,M490,1,3.6280130488296627
2026-06-04 22:45:00+00:00,M490,2,7.487149293327246
2026-06-04 23:15:00+00:00,M965,52,4.586502141066107
2026-06-04 23:20:00+00:00,M490,1,3.6280130488296627
2026-06-04 23:45:00+00:00,M475,1,3.9861637392558062
2026-06-05 00:00:00+00:00,M490,1,3.6280130488296627
2026-06-05 00:10:00+00:00,M841,4,3.3463180561446433
2026-06-05 00:10:00+00:00,M965,40,3.1050928514109097
2026-06-05 00:15:00+00:00,M490,1,3.6280130488296627
2026-06-05 00:20:00+00:00,M843,1,5.807053316353087
2026-06-05 00:25:00+00:00,M965,41,3.228543625548843
2026-06-05 01:05:00+00:00,M490,1,3.6280130488296627
2026-06-05 01:15:00+00:00,M475,1,3.9861637392558062
2026-06-05 01:25:00+00:00,M609,17,3.2811646980712545
2026-06-05 01:30:00+00:00,M490,1,3.6280130488296627
2026-06-05 01:55:00+00:00,M490,1,3.6280130488296627
2026-06-05 01:55:00+00:00,M965,41,3.228543625548843
2026-06-05 02:00:00+00:00,M841,5,4.357175157216511
2026-06-05 02:15:00+00:00,M475,1,3.9861637392558062
2026-06-05 02:15:00+00:00,M736,2,3.6390656569105078
2026-06-05 02:45:00+00:00,M843,1,5.807053316353087
2026-06-05 02:50:00+00:00,M104,4,3.5266457494405126
2026-06-05 02:50:00+00:00,M736,2,3.6390656569105078
2026-06-05 03:05:00+00:00,M843,1,5.807053316353087
2026-06-05 03:20:00+00:00,M475,1,3.9861637392558062
2026-06-05 03:20:00+00:00,M490,1,3.6280130488296627
2026-06-05 03:25:00+00:00,M475,1,3.9861637392558062
2026-06-05 03:25:00+00:00,M736,2,3.6390656569105078
2026-06-05 03:30:00+00:00,M475,4,16.45921452788846
2026-06-05 03:30:00+00:00,M736,2,3.6390656569105078
2026-06-05 03:40:00+00:00,M475,2,8.14384733546669
2026-06-05 03:45:00+00:00,M843,1,5.807053316353087
2026-06-05 04:10:00+00:00,M609,20,4.143098354181757
2026-06-05 04:45:00+00:00,M475,1,3.9861637392558062
2026-06-05 04:50:00+00:00,M736,2,3.6390656569105078
2026-06-05 05:05:00+00:00,M475,1,3.9861637392558062
2026-06-05 05:20:00+00:00,M104,4,3.5266457494405126
2026-06-05 05:20:00+00:00,M475,2,8.14384733546669
2026-06-05 06:00:00+00:00,M490,1,3.6280130488296627
2026-06-05 06:20:00+00:00,M843,1,5.807053316353087
2026-06-05 06:35:00+00:00,M490,1,3.6280130488296627
2026-06-05 06:40:00+00:00,M490,1,3.6280130488296627
2026-06-05 07:00:00+00:00,M965,42,3.351994399686776
2026-06-05 07:15:00+00:00,M965,40,3.1050928514109097
2026-06-05 07:20:00+00:00,M029,1,5.0761719056800665
2026-06-05 07:25:00+00:00,M965,48,4.092699044514375
2026-06-05 07:35:00+00:00,M609,19,3.8557871354782565
2026-06-05 07:40:00+00:00,M965,64,6.0679114307213045
2026-06-05 07:55:00+00:00,M736,2,3.6390656569105078
2026-06-05 08:00:00+00:00,M736,2,3.6390656569105078
2026-06-05 08:05:00+00:00,M965,46,3.8457974962385086
2026-06-05 08:20:00+00:00,M965,46,3.8457974962385086
2026-06-05 08:25:00+00:00,M490,1,3.6280130488296627
2026-06-05 08:25:00+00:00,M779,14,6.579826029039159
2026-06-05 08:30:00+00:00,M904,5,3.3151017642218727
2026-06-05 08:30:00+00:00,M965,49,4.216149818652307
2026-06-05 08:45:00+00:00,M490,1,3.6280130488296627
2026-06-05 08:45:00+00:00,M965,57,5.203756011755773
2026-06-05 09:10:00+00:00,M965,52,4.586502141066107
2026-06-05 09:25:00+00:00,M965,41,3.228543625548843
2026-06-05 09:35:00+00:00,M965,52,4.586502141066107
2026-06-05 09:40:00+00:00,M609,17,3.2811646980712545
2026-06-05 09:50:00+00:00,M736,2,3.6390656569105078
2026-06-05 09:50:00+00:00,M965,49,4.216149818652307
2026-06-05 10:00:00+00:00,M965,49,4.216149818652307
2026-06-05 10:15:00+00:00,M965,48,4.092699044514375
2026-06-05 10:35:00+00:00,M843,1,5.807053316353087
2026-06-05 10:40:00+00:00,M490,2,7.487149293327246
2026-06-05 10:40:00+00:00,M965,53,4.70995291520404
2026-06-05 10:45:00+00:00,M736,2,3.6390656569105078
2026-06-05 10:50:00+00:00,M516,7,3.7668751466468473
2026-06-05 11:00:00+00:00,M490,1,3.6280130488296627
2026-06-05 11:05:00+00:00,M965,52,4.586502141066107
2026-06-05 11:10:00+00:00,M516,7,3.7668751466468473
2026-06-05 11:20:00+00:00,M965,47,3.9692482703764416
2026-06-05 11:30:00+00:00,M965,54,4.833403689341973
2026-06-05 11:35:00+00:00,M104,5,4.6030491176475925
2026-06-05 11:40:00+00:00,M490,1,3.6280130488296627
2026-06-05 11:45:00+00:00,M965,50,4.339600592790241
2026-06-05 11:55:00+00:00,M736,2,3.6390656569105078
2026-06-05 12:10:00+00:00,M965,73,7.178968397962703
2026-06-05 12:15:00+00:00,M104,4,3.5266457494405126
2026-06-05 12:30:00+00:00,M516,6,3.1541831310751034
2026-06-05 12:35:00+00:00,M965,67,6.438263753135104
2026-06-05 12:40:00+00:00,M516,6,3.1541831310751034
2026-06-05 12:45:00+00:00,M965,43,3.4754451738247094
2026-06-05 13:00:00+00:00,M965,54,4.833403689341973
2026-06-05 13:05:00+00:00,M490,1,3.6280130488296627
2026-06-05 13:15:00+00:00,M965,42,3.351994399686776
2026-06-05 13:25:00+00:00,M843,1,5.807053316353087
2026-06-05 13:25:00+00:00,M965,41,3.228543625548843
2026-06-05 13:35:00+00:00,M490,1,3.6280130488296627
2026-06-05 13:40:00+00:00,M965,45,3.7223467221005757
2026-06-05 14:05:00+00:00,M965,53,4.70995291520404
2026-06-05 14:30:00+00:00,M475,1,3.9861637392558062
2026-06-05 14:30:00+00:00,M965,48,4.092699044514375
2026-06-05 14:55:00+00:00,M965,53,4.70995291520404
2026-06-05 15:05:00+00:00,M965,43,3.4754451738247094
2026-06-05 15:10:00+00:00,M965,63,5.944460656583371
2026-06-05 15:20:00+00:00,M965,61,5.697559108307505
2026-06-05 15:25:00+00:00,M965,43,3.4754451738247094
2026-06-05 15:30:00+00:00,M475,1,3.9861637392558062
2026-06-05 15:35:00+00:00,M965,40,3.1050928514109097
2026-06-05 15:50:00+00:00,M490,1,3.6280130488296627
2026-06-05 16:05:00+00:00,M419,3,38.96274887897861
2026-06-05 16:05:00+00:00,M516,8,4.379567162218591
2026-06-05 16:10:00+00:00,M419,1,12.950858562770918
2026-06-05 17:30:00+00:00,M965,42,3.351994399686776
2026-06-05 18:05:00+00:00,M475,1,3.9861637392558062
2026-06-05 18:10:00+00:00,M490,1,3.6280130488296627
2026-06-05 19:00:00+00:00,M965,41,3.228543625548843
2026-06-05 19:25:00+00:00,M965,42,3.351994399686776
2026-06-05 20:25:00+00:00,M029,1,5.0761719056800665
2026-06-05 20:25:00+00:00,M475,1,3.9861637392558062
2026-06-05 20:40:00+00:00,M475,1,3.9861637392558062
2026-06-05 20:55:00+00:00,M965,44,3.5988959479626423
2026-06-05 21:05:00+00:00,M490,1,3.6280130488296627
2026-06-05 21:15:00+00:00,M609,17,3.2811646980712545
2026-06-05 21:15:00+00:00,M736,2,3.6390656569105078
2026-06-05 21:20:00+00:00,M965,40,3.1050928514109097
2026-06-05 21:25:00+00:00,M843,1,5.807053316353087
2026-06-05 22:05:00+00:00,M474,1,11.742331665439213
2026-06-05 22:25:00+00:00,M965,41,3.228543625548843
2026-06-05 22:50:00+00:00,M965,40,3.1050928514109097
2026-06-05 22:55:00+00:00,M029,1,5.0761719056800665
2026-06-05 23:15:00+00:00,M474,1,11.742331665439213
2026-06-06 00:00:00+00:00,M029,1,5.0761719056800665
2026-06-06 00:00:00+00:00,M490,1,3.6280130488296627
2026-06-06 00:20:00+00:00,M736,2,3.6390656569105078
2026-06-06 00:55:00+00:00,M904,5,3.3151017642218727
2026-06-06 01:30:00+00:00,M474,1,11.742331665439213
2026-06-06 01:35:00+00:00,M490,1,3.6280130488296627
2026-06-06 01:45:00+00:00,M490,1,3.6280130488296627
2026-06-06 01:50:00+00:00,M265,30,3.3616029284754383
2026-06-06 01:50:00+00:00,M490,1,3.6280130488296627
2026-06-06 02:15:00+00:00,M029,1,5.0761719056800665
2026-06-06 02:15:00+00:00,M336,1,9.86959171074772
2026-06-06 02:25:00+00:00,M029,1,5.0761719056800665
2026-06-06 03:10:00+00:00,M475,1,3.9861637392558062
2026-06-06 03:15:00+00:00,M843,1,5.807053316353087
2026-06-06 03:25:00+00:00,M843,1,5.807053316353087
2026-06-06 03:45:00+00:00,M609,18,3.5684759167747555
2026-06-06 03:50:00+00:00,M736,2,3.6390656569105078
2026-06-06 04:25:00+00:00,M843,1,5.807053316353087
2026-06-06 05:25:00+00:00,M029,1,5.0761719056800665
2026-06-06 05:25:00+00:00,M475,1,3.9861637392558062
2026-06-06 05:25:00+00:00,M843,1,5.807053316353087
2026-06-06 05:30:00+00:00,M843,1,5.807053316353087
2026-06-06 05:45:00+00:00,M736,2,3.6390656569105078
2026-06-06 05:55:00+00:00,M904,5,3.3151017642218727
2026-06-06 06:00:00+00:00,M736,2,3.6390656569105078
2026-06-06 06:20:00+00:00,M841,5,4.357175157216511
2026-06-06 06:50:00+00:00,M490,1,3.6280130488296627
2026-06-06 08:20:00+00:00,M490,1,3.6280130488296627
2026-06-06 08:20:00+00:00,M904,5,3.3151017642218727
2026-06-06 09:15:00+00:00,M475,1,3.9861637392558062
2026-06-06 09:35:00+00:00,M904,6,4.185324270428966
2026-06-06 09:45:00+00:00,M904,9,6.795991789050247
2026-06-06 10:05:00+00:00,M779,8,3.4795494440609875
2026-06-06 10:05:00+00:00,M843,1,5.807053316353087
2026-06-06 10:25:00+00:00,M490,1,3.6280130488296627
2026-06-06 10:30:00+00:00,M164,1,8.28702251171813
2026-06-06 10:30:00+00:00,M736,2,3.6390656569105078
2026-06-06 10:55:00+00:00,M736,2,3.6390656569105078
2026-06-06 11:00:00+00:00,M843,1,5.807053316353087
2026-06-06 11:30:00+00:00,M904,5,3.3151017642218727
2026-06-06 11:35:00+00:00,M779,11,5.029687736550073
2026-06-06 12:30:00+00:00,M336,1,9.86959171074772
2026-06-06 13:05:00+00:00,M843,1,5.807053316353087
2026-06-06 13:25:00+00:00,M843,1,5.807053316353087
2026-06-06 14:00:00+00:00,M475,1,3.9861637392558062
2026-06-06 14:30:00+00:00,M475,1,3.9861637392558062
2026-06-06 15:40:00+00:00,M843,1,5.807053316353087
2026-06-06 16:00:00+00:00,M419,1,12.950858562770918
2026-06-06 16:05:00+00:00,M843,1,5.807053316353087
2026-06-06 16:15:00+00:00,M843,1,5.807053316353087
2026-06-06 17:45:00+00:00,M843,1,5.807053316353087
2026-06-06 18:45:00+00:00,M736,3,5.674080819384621
2026-06-06 18:50:00+00:00,M736,2,3.6390656569105078
2026-06-06 18:50:00+00:00,M779,10,4.5129749723870445
2026-06-06 18:55:00+00:00,M736,2,3.6390656569105078
2026-06-06 19:05:00+00:00,M841,18,17.49831747115079
2026-06-06 19:10:00+00:00,M841,16,15.476603269007056
2026-06-06 19:45:00+00:00,M843,1,5.807053316353087
2026-06-06 19:55:00+00:00,M490,1,3.6280130488296627
2026-06-06 20:05:00+00:00,M843,1,5.807053316353087
2026-06-06 20:10:00+00:00,M843,1,5.807053316353087
2026-06-06 20:30:00+00:00,M475,1,3.9861637392558062
2026-06-06 21:00:00+00:00,M475,1,3.9861637392558062
2026-06-06 21:25:00+00:00,M843,1,5.807053316353087
2026-06-06 21:25:00+00:00,M899,16,3.0714741890745785
2026-06-06 21:40:00+00:00,M899,17,3.351564049581209
2026-06-06 22:20:00+00:00,M899,17,3.351564049581209
2026-06-06 22:30:00+00:00,M899,20,4.191833631101102
2026-06-06 22:50:00+00:00,M841,4,3.3463180561446433
2026-06-06 23:00:00+00:00,M899,19,3.911743770594471
2026-06-06 23:10:00+00:00,M899,17,3.351564049581209
2026-06-06 23:20:00+00:00,M899,21,4.471923491607733
2026-06-06 23:30:00+00:00,M899,17,3.351564049581209
2026-06-06 23:40:00+00:00,M899,17,3.351564049581209
2026-06-07 00:00:00+00:00,M899,16,3.0714741890745785
2026-06-07 00:15:00+00:00,M899,16,3.0714741890745785
2026-06-07 00:40:00+00:00,M899,18,3.63165391008784
2026-06-07 00:55:00+00:00,M475,1,3.9861637392558062
2026-06-07 01:05:00+00:00,M899,17,3.351564049581209
2026-06-07 01:30:00+00:00,M899,17,3.351564049581209
2026-06-07 02:00:00+00:00,M899,17,3.351564049581209
2026-06-07 02:05:00+00:00,M164,1,8.28702251171813
2026-06-07 02:10:00+00:00,M164,1,8.28702251171813
2026-06-07 02:10:00+00:00,M336,1,9.86959171074772
2026-06-07 02:20:00+00:00,M899,16,3.0714741890745785
2026-06-07 02:25:00+00:00,M475,1,3.9861637392558062
2026-06-07 02:30:00+00:00,M899,19,3.911743770594471
2026-06-07 02:40:00+00:00,M899,16,3.0714741890745785
2026-06-07 02:45:00+00:00,M736,2,3.6390656569105078
2026-06-07 03:00:00+00:00,M490,1,3.6280130488296627
2026-06-07 03:05:00+00:00,M899,16,3.0714741890745785
2026-06-07 03:15:00+00:00,M736,2,3.6390656569105078
2026-06-07 03:15:00+00:00,M899,16,3.0714741890745785
2026-06-07 03:20:00+00:00,M164,1,8.28702251171813
2026-06-07 03:20:00+00:00,M475,1,3.9861637392558062
2026-06-07 03:35:00+00:00,M475,1,3.9861637392558062
2026-06-07 03:35:00+00:00,M899,16,3.0714741890745785
2026-06-07 03:55:00+00:00,M164,1,8.28702251171813
2026-06-07 04:30:00+00:00,M899,16,3.0714741890745785
2026-06-07 05:25:00+00:00,M843,1,5.807053316353087
2026-06-07 05:30:00+00:00,M029,1,5.0761719056800665
2026-06-07 05:55:00+00:00,M899,19,3.911743770594471
2026-06-07 06:00:00+00:00,M899,17,3.351564049581209
2026-06-07 06:10:00+00:00,M899,18,3.63165391008784
2026-06-07 06:20:00+00:00,M490,1,3.6280130488296627
2026-06-07 06:20:00+00:00,M904,7,5.05554677663606
2026-06-07 06:30:00+00:00,M899,21,4.471923491607733
2026-06-07 06:40:00+00:00,M490,1,3.6280130488296627
2026-06-07 06:40:00+00:00,M899,18,3.63165391008784
2026-06-07 07:00:00+00:00,M899,16,3.0714741890745785
2026-06-07 07:20:00+00:00,M899,18,3.63165391008784
2026-06-07 07:50:00+00:00,M475,1,3.9861637392558062
2026-06-07 08:10:00+00:00,M475,1,3.9861637392558062
2026-06-07 08:30:00+00:00,M475,1,3.9861637392558062
2026-06-07 08:35:00+00:00,M843,1,5.807053316353087
2026-06-07 09:15:00+00:00,M474,1,11.742331665439213
2026-06-07 10:30:00+00:00,M029,1,5.0761719056800665
2026-06-07 10:35:00+00:00,M490,1,3.6280130488296627
2026-06-07 11:00:00+00:00,M609,17,3.2811646980712545
2026-06-07 11:05:00+00:00,M490,1,3.6280130488296627
2026-06-07 11:10:00+00:00,M843,1,5.807053316353087
2026-06-07 11:25:00+00:00,M474,1,11.742331665439213
2026-06-07 11:25:00+00:00,M490,1,3.6280130488296627
2026-06-07 12:00:00+00:00,M736,2,3.6390656569105078
2026-06-07 12:00:00+00:00,M843,1,5.807053316353087
2026-06-07 12:05:00+00:00,M736,2,3.6390656569105078
2026-06-07 12:45:00+00:00,M490,1,3.6280130488296627
2026-06-07 12:50:00+00:00,M904,5,3.3151017642218727
2026-06-07 13:05:00+00:00,M164,1,8.28702251171813
2026-06-07 13:10:00+00:00,M904,5,3.3151017642218727
2026-06-07 13:55:00+00:00,M475,1,3.9861637392558062
2026-06-07 14:30:00+00:00,M104,4,3.5266457494405126
2026-06-07 14:30:00+00:00,M475,2,8.14384733546669
2026-06-07 16:00:00+00:00,M475,1,3.9861637392558062
2026-06-07 16:40:00+00:00,M029,1,5.0761719056800665
2026-06-07 16:45:00+00:00,M029,1,5.0761719056800665
2026-06-07 16:50:00+00:00,M475,1,3.9861637392558062
2026-06-07 17:55:00+00:00,M475,1,3.9861637392558062
2026-06-07 18:30:00+00:00,M475,1,3.9861637392558062
2026-06-07 18:55:00+00:00,M474,1,11.742331665439213
2026-06-07 18:55:00+00:00,M490,1,3.6280130488296627
2026-06-07 21:05:00+00:00,M490,2,7.487149293327246
2026-06-07 21:35:00+00:00,M904,5,3.3151017642218727
2026-06-07 22:40:00+00:00,M843,1,5.807053316353087
2026-06-08 00:05:00+00:00,M336,1,9.86959171074772
2026-06-08 00:35:00+00:00,M104,5,4.6030491176475925
2026-06-08 01:20:00+00:00,M029,1,5.0761719056800665
2026-06-08 01:45:00+00:00,M475,1,3.9861637392558062
2026-06-08 01:45:00+00:00,M779,8,3.4795494440609875
2026-06-08 02:10:00+00:00,M490,1,3.6280130488296627
2026-06-08 02:10:00+00:00,M843,1,5.807053316353087
2026-06-08 02:15:00+00:00,M490,2,7.487149293327246
2026-06-08 02:55:00+00:00,M490,1,3.6280130488296627
2026-06-08 04:20:00+00:00,M104,4,3.5266457494405126
2026-06-08 04:25:00+00:00,M736,2,3.6390656569105078
2026-06-08 04:25:00+00:00,M904,5,3.3151017642218727
2026-06-08 04:30:00+00:00,M029,1,5.0761719056800665
2026-06-08 04:35:00+00:00,M490,1,3.6280130488296627
2026-06-08 05:55:00+00:00,M490,1,3.6280130488296627
2026-06-08 06:00:00+00:00,M736,2,3.6390656569105078
2026-06-08 06:05:00+00:00,M475,1,3.9861637392558062
2026-06-08 06:10:00+00:00,M736,2,3.6390656569105078
2026-06-08 06:30:00+00:00,M490,1,3.6280130488296627
2026-06-08 06:40:00+00:00,M736,3,5.674080819384621
2026-06-08 07:05:00+00:00,M475,1,3.9861637392558062
2026-06-08 07:10:00+00:00,M475,1,3.9861637392558062
2026-06-08 07:55:00+00:00,M475,1,3.9861637392558062
2026-06-08 08:00:00+00:00,M475,1,3.9861637392558062
2026-06-08 08:20:00+00:00,M843,1,5.807053316353087
2026-06-08 08:30:00+00:00,M475,1,3.9861637392558062
2026-06-08 08:40:00+00:00,M843,1,5.807053316353087
2026-06-08 08:50:00+00:00,M736,2,3.6390656569105078
2026-06-08 09:10:00+00:00,M475,1,3.9861637392558062
2026-06-08 09:25:00+00:00,M475,1,3.9861637392558062
2026-06-08 09:35:00+00:00,M475,1,3.9861637392558062
2026-06-08 09:50:00+00:00,M378,80,3.3547538859264106
2026-06-08 09:50:00+00:00,M658,80,3.541161430248364
2026-06-08 09:50:00+00:00,M786,80,3.093838372011556
2026-06-08 10:30:00+00:00,M490,1,3.6280130488296627
2026-06-08 10:35:00+00:00,M475,1,3.9861637392558062
2026-06-08 10:50:00+00:00,M104,5,4.6030491176475925
2026-06-08 11:30:00+00:00,M164,3,24.985546152723938
2026-06-08 11:35:00+00:00,M164,1,8.28702251171813
2026-06-08 11:45:00+00:00,M164,2,16.636284332221035
2026-06-08 11:50:00+00:00,M164,1,8.28702251171813
2026-06-08 13:05:00+00:00,M336,1,9.86959171074772
2026-06-08 13:25:00+00:00,M490,1,3.6280130488296627
2026-06-08 13:30:00+00:00,M029,1,5.0761719056800665
2026-06-08 13:35:00+00:00,M029,1,5.0761719056800665
2026-06-08 13:50:00+00:00,M843,1,5.807053316353087
2026-06-08 14:30:00+00:00,M475,2,8.14384733546669
2026-06-08 14:45:00+00:00,M843,1,5.807053316353087
2026-06-08 14:55:00+00:00,M029,1,5.0761719056800665
2026-06-08 15:10:00+00:00,M736,4,7.709095981858734
2026-06-08 15:30:00+00:00,M475,1,3.9861637392558062
2026-06-08 15:35:00+00:00,M475,1,3.9861637392558062
2026-06-08 16:00:00+00:00,M843,1,5.807053316353087
2026-06-08 16:05:00+00:00,M419,1,12.950858562770918
2026-06-08 16:10:00+00:00,M029,1,5.0761719056800665
2026-06-08 16:15:00+00:00,M419,1,12.950858562770918
2026-06-08 16:45:00+00:00,M874,0,-3.365386115920349
2026-06-08 16:50:00+00:00,M874,1,-3.3465862772381234
2026-06-08 16:55:00+00:00,M874,0,-3.365386115920349
2026-06-08 17:00:00+00:00,M185,11,-3.0623524272337717
2026-06-08 17:00:00+00:00,M874,1,-3.3465862772381234
2026-06-08 17:05:00+00:00,M185,5,-3.585756315657135
2026-06-08 17:05:00+00:00,M475,1,3.9861637392558062
2026-06-08 17:05:00+00:00,M843,1,5.807053316353087
2026-06-08 17:05:00+00:00,M874,1,-3.3465862772381234
2026-06-08 17:10:00+00:00,M185,4,-3.6729902970610286
2026-06-08 17:10:00+00:00,M874,0,-3.365386115920349
2026-06-08 17:15:00+00:00,M185,8,-3.3240543714454533
2026-06-08 17:15:00+00:00,M874,1,-3.3465862772381234
2026-06-08 17:20:00+00:00,M185,11,-3.0623524272337717
2026-06-08 17:20:00+00:00,M874,0,-3.365386115920349
2026-06-08 17:25:00+00:00,M185,8,-3.3240543714454533
2026-06-08 17:25:00+00:00,M874,0,-3.365386115920349
2026-06-08 17:30:00+00:00,M185,10,-3.1495864086376657
2026-06-08 17:30:00+00:00,M874,0,-3.365386115920349
2026-06-08 17:35:00+00:00,M185,9,-3.2368203900415593
2026-06-08 17:35:00+00:00,M874,0,-3.365386115920349
2026-06-08 17:40:00+00:00,M185,8,-3.3240543714454533
2026-06-08 17:40:00+00:00,M874,0,-3.365386115920349
2026-06-08 17:45:00+00:00,M874,0,-3.365386115920349
2026-06-08 17:50:00+00:00,M185,10,-3.1495864086376657
2026-06-08 17:50:00+00:00,M874,0,-3.365386115920349
2026-06-08 17:55:00+00:00,M185,9,-3.2368203900415593
2026-06-08 17:55:00+00:00,M874,0,-3.365386115920349
2026-06-08 18:00:00+00:00,M185,5,-3.585756315657135
2026-06-08 18:00:00+00:00,M874,0,-3.365386115920349
2026-06-08 18:05:00+00:00,M185,4,-3.6729902970610286
2026-06-08 18:05:00+00:00,M874,0,-3.365386115920349
2026-06-08 18:10:00+00:00,M185,10,-3.1495864086376657
2026-06-08 18:10:00+00:00,M874,0,-3.365386115920349
2026-06-08 18:15:00+00:00,M185,10,-3.1495864086376657
2026-06-08 18:15:00+00:00,M475,1,3.9861637392558062
2026-06-08 18:15:00+00:00,M874,0,-3.365386115920349
2026-06-08 18:35:00+00:00,M336,1,9.86959171074772
2026-06-08 18:45:00+00:00,M475,1,3.9861637392558062
2026-06-08 19:00:00+00:00,M164,1,8.28702251171813
2026-06-08 19:25:00+00:00,M843,1,5.807053316353087
2026-06-08 19:50:00+00:00,M029,1,5.0761719056800665
2026-06-08 19:55:00+00:00,M490,1,3.6280130488296627
2026-06-08 20:20:00+00:00,M029,1,5.0761719056800665
2026-06-08 20:25:00+00:00,M841,5,4.357175157216511
2026-06-08 20:35:00+00:00,M841,4,3.3463180561446433
2026-06-08 20:50:00+00:00,M736,2,3.6390656569105078
2026-06-08 21:05:00+00:00,M490,1,3.6280130488296627
2026-06-08 21:20:00+00:00,M490,1,3.6280130488296627
2026-06-08 21:25:00+00:00,M843,1,5.807053316353087
2026-06-08 21:55:00+00:00,M029,1,5.0761719056800665
2026-06-08 22:05:00+00:00,M475,1,3.9861637392558062
2026-06-08 22:25:00+00:00,M490,1,3.6280130488296627
2026-06-08 22:40:00+00:00,M336,1,9.86959171074772
2026-06-08 22:45:00+00:00,M336,1,9.86959171074772
2026-06-08 23:15:00+00:00,M841,5,4.357175157216511
2026-06-08 23:50:00+00:00,M419,1,12.950858562770918
2026-06-09 00:50:00+00:00,M475,1,3.9861637392558062
2026-06-09 00:55:00+00:00,M265,30,3.3616029284754383
2026-06-09 00:55:00+00:00,M490,1,3.6280130488296627
2026-06-09 01:30:00+00:00,M843,1,5.807053316353087
2026-06-09 01:40:00+00:00,M779,8,3.4795494440609875
2026-06-09 01:45:00+00:00,M736,3,5.674080819384621
2026-06-09 01:45:00+00:00,M779,8,3.4795494440609875
2026-06-09 01:50:00+00:00,M843,1,5.807053316353087
2026-06-09 02:05:00+00:00,M736,3,5.674080819384621
2026-06-09 02:05:00+00:00,M843,1,5.807053316353087
2026-06-09 02:35:00+00:00,M475,1,3.9861637392558062
2026-06-09 02:55:00+00:00,M475,1,3.9861637392558062
2026-06-09 03:05:00+00:00,M843,1,5.807053316353087
2026-06-09 03:10:00+00:00,M164,1,8.28702251171813
2026-06-09 03:25:00+00:00,M904,6,4.185324270428966
2026-06-09 03:40:00+00:00,M904,5,3.3151017642218727
2026-06-09 03:45:00+00:00,M490,1,3.6280130488296627
2026-06-09 04:10:00+00:00,M104,4,3.5266457494405126
2026-06-09 04:30:00+00:00,M841,4,3.3463180561446433
2026-06-09 04:40:00+00:00,M475,1,3.9861637392558062
2026-06-09 05:10:00+00:00,M843,1,5.807053316353087
2026-06-09 05:40:00+00:00,M185,82,3.1312602524426927
2026-06-09 05:55:00+00:00,M029,1,5.0761719056800665
2026-06-09 06:10:00+00:00,M029,1,5.0761719056800665
2026-06-09 06:15:00+00:00,M430,1,108.64621484432857
2026-06-09 06:15:00+00:00,M841,4,3.3463180561446433
2026-06-09 06:20:00+00:00,M490,1,3.6280130488296627
2026-06-09 06:30:00+00:00,M185,82,3.1312602524426927
2026-06-09 07:25:00+00:00,M904,5,3.3151017642218727
2026-06-09 07:40:00+00:00,M843,1,5.807053316353087
2026-06-09 08:25:00+00:00,M841,4,3.3463180561446433
2026-06-09 08:35:00+00:00,M490,1,3.6280130488296627
2026-06-09 08:50:00+00:00,M475,1,3.9861637392558062
2026-06-09 08:50:00+00:00,M736,2,3.6390656569105078
2026-06-09 09:20:00+00:00,M475,3,12.301530931677576
2026-06-09 09:20:00+00:00,M490,2,7.487149293327246
2026-06-09 09:35:00+00:00,M029,1,5.0761719056800665
2026-06-09 09:35:00+00:00,M490,1,3.6280130488296627
2026-06-09 09:45:00+00:00,M475,1,3.9861637392558062
2026-06-09 09:45:00+00:00,M841,4,3.3463180561446433
2026-06-09 09:50:00+00:00,M104,4,3.5266457494405126
2026-06-09 09:55:00+00:00,M904,5,3.3151017642218727
2026-06-09 10:05:00+00:00,M029,1,5.0761719056800665
2026-06-09 10:05:00+00:00,M843,1,5.807053316353087
2026-06-09 10:20:00+00:00,M736,2,3.6390656569105078
2026-06-09 10:40:00+00:00,M736,2,3.6390656569105078
2026-06-09 10:40:00+00:00,M843,1,5.807053316353087
2026-06-09 10:55:00+00:00,M904,5,3.3151017642218727
2026-06-09 11:10:00+00:00,M490,1,3.6280130488296627
2026-06-09 11:35:00+00:00,M841,4,3.3463180561446433
2026-06-09 11:55:00+00:00,M736,2,3.6390656569105078
2026-06-09 12:15:00+00:00,M736,2,3.6390656569105078
2026-06-09 12:40:00+00:00,M490,1,3.6280130488296627
2026-06-09 12:40:00+00:00,M843,1,5.807053316353087
2026-06-09 12:55:00+00:00,M490,1,3.6280130488296627
2026-06-09 13:05:00+00:00,M475,1,3.9861637392558062
2026-06-09 13:50:00+00:00,M475,2,8.14384733546669
2026-06-09 14:30:00+00:00,M475,2,8.14384733546669
